school_rank,school_name,school_id,school_state,professor_id,professor_legacy_id,professor_first,professor_last,department,avg_rating,avg_difficulty,would_take_again_percent,num_ratings,profile_url
12,Western Washington University,U2Nob29sLTExODQ=,WA,VGVhY2hlci0xMDM5MzQ4,1039348,Dennis,Whitcomb,Philosophy,3.8,3.4,58.0645,99,https://www.ratemyprofessors.com/professor/1039348
12,Western Washington University,U2Nob29sLTExODQ=,WA,VGVhY2hlci0xMzIxNw==,13217,Hud,Hudson,Philosophy,4.5,3.4,81.8182,94,https://www.ratemyprofessors.com/professor/13217
12,Western Washington University,U2Nob29sLTExODQ=,WA,VGVhY2hlci0yMTIwMDc1,2120075,Lori,Martindale,Humanities,4.7,2.4,89.5522,70,https://www.ratemyprofessors.com/professor/2120075
12,Western Washington University,U2Nob29sLTExODQ=,WA,VGVhY2hlci0xMTAyNjc0,1102674,Maximo,Barahona,Communication,2.2,3.3,20.5128,61,https://www.ratemyprofessors.com/professor/1102674
12,Western Washington University,U2Nob29sLTExODQ=,WA,VGVhY2hlci0xMDY5NTM0,1069534,Vicki,Hsueh,Political Science,4.3,2.9,82.6087,54,https://www.ratemyprofessors.com/professor/1069534
12,Western Washington University,U2Nob29sLTExODQ=,WA,VGVhY2hlci0xMDM4ODgz,1038883,Christina,Byrne,Psychology,4.2,2.6,86.3636,23,https://www.ratemyprofessors.com/professor/1038883
12,Western Washington University,U2Nob29sLTExODQ=,WA,VGVhY2hlci0xOTQ1NjU0,1945654,Paul,Dunn,Philosophy,4.8,2.3,88.8889,18,https://www.ratemyprofessors.com/professor/1945654
12,Western Washington University,U2Nob29sLTExODQ=,WA,VGVhY2hlci0yODMzMjQ1,2833245,Michi,Matsukura,Psychology,4.2,3.1,82.3529,17,https://www.ratemyprofessors.com/professor/2833245
12,Western Washington University,U2Nob29sLTExODQ=,WA,VGVhY2hlci0zMDQ4NDUx,3048451,Paul,Betka ,Geology,3.9,3.1,88.8889,9,https://www.ratemyprofessors.com/professor/3048451
12,Western Washington University,U2Nob29sLTExODQ=,WA,VGVhY2hlci0xNTM3MDE2,1537016,Pamela,Laborde,Finance,2.6,3.3,17.2414,64,https://www.ratemyprofessors.com/professor/1537016
12,Western Washington University,U2Nob29sLTExODQ=,WA,VGVhY2hlci01Nzk3NzI=,579772,Cornelius,Partsch,Modern and Classical Languages,4.5,2.9,100,25,https://www.ratemyprofessors.com/professor/579772
12,Western Washington University,U2Nob29sLTExODQ=,WA,VGVhY2hlci0xMTgzNDUy,1183452,Alex,Czopp,Psychology,4.7,2.7,94.7368,156,https://www.ratemyprofessors.com/professor/1183452
12,Western Washington University,U2Nob29sLTExODQ=,WA,VGVhY2hlci0xNzcxNzg4,1771788,Maria,McLeod,Journalism,4.2,2.3,89.0909,82,https://www.ratemyprofessors.com/professor/1771788
12,Western Washington University,U2Nob29sLTExODQ=,WA,VGVhY2hlci0xNzY4Mjcx,1768271,Daphne,Scott,Mathematics,3.8,3.1,79.4118,76,https://www.ratemyprofessors.com/professor/1768271
12,Western Washington University,U2Nob29sLTExODQ=,WA,VGVhY2hlci0yMTA3Nzk3,2107797,Joshua,Cerretti,History,4.4,3.3,80,47,https://www.ratemyprofessors.com/professor/2107797
12,Western Washington University,U2Nob29sLTExODQ=,WA,VGVhY2hlci01NDgzNjU=,548365,Takele,Seda,Physics,3.7,2.8,94.1176,46,https://www.ratemyprofessors.com/professor/548365
12,Western Washington University,U2Nob29sLTExODQ=,WA,VGVhY2hlci0xOTQ2NDc1,1946475,Kevin,Covey,Physics,3.6,3.2,61.7647,44,https://www.ratemyprofessors.com/professor/1946475
12,Western Washington University,U2Nob29sLTExODQ=,WA,VGVhY2hlci0yMzA5MDI2,2309026,Darius,Martin,Economics,3.5,3.5,67.4419,43,https://www.ratemyprofessors.com/professor/2309026
12,Western Washington University,U2Nob29sLTExODQ=,WA,VGVhY2hlci0xNDE0NTE3,1414517,Shawn,Fuller,Theater,3.4,1.3,51.8519,31,https://www.ratemyprofessors.com/professor/1414517
12,Western Washington University,U2Nob29sLTExODQ=,WA,VGVhY2hlci0yMDY4MDU2,2068056,Pedro,Cameselle-Pesce,History,3.6,3.6,68.75,19,https://www.ratemyprofessors.com/professor/2068056
12,Western Washington University,U2Nob29sLTExODQ=,WA,VGVhY2hlci0yODg4NTky,2888592,Zoe,Plakias,Economics,4.3,2.2,80,10,https://www.ratemyprofessors.com/professor/2888592
12,Western Washington University,U2Nob29sLTExODQ=,WA,VGVhY2hlci0zMTQ2OTkx,3146991,Scott,Young,Business,3,2.7,66.6667,3,https://www.ratemyprofessors.com/professor/3146991
12,Western Washington University,U2Nob29sLTExODQ=,WA,VGVhY2hlci0yMjMzODY2,2233866,Erik,Fretheim,Computer Information Systems,4.2,3.3,77.7778,9,https://www.ratemyprofessors.com/professor/2233866
12,Western Washington University,U2Nob29sLTExODQ=,WA,VGVhY2hlci0yMTE1Mjg2,2115286,Toby,Ten Eyck,Sociology,4.6,1.9,94.4444,38,https://www.ratemyprofessors.com/professor/2115286
12,Western Washington University,U2Nob29sLTExODQ=,WA,VGVhY2hlci0yNTQxMTI4,2541128,Melissa,Osborne,Sociology,4.8,3.1,93.9394,34,https://www.ratemyprofessors.com/professor/2541128
12,Western Washington University,U2Nob29sLTExODQ=,WA,VGVhY2hlci0zMDU2MDEx,3056011,Sarfraz,Khan,Anthropology,2.2,2.2,38.4615,13,https://www.ratemyprofessors.com/professor/3056011
12,Western Washington University,U2Nob29sLTExODQ=,WA,VGVhY2hlci0zMTYwMzIz,3160323,Phil,Pendergast,Sociology,5,3,100,3,https://www.ratemyprofessors.com/professor/3160323
12,Western Washington University,U2Nob29sLTExODQ=,WA,VGVhY2hlci01MDg4ODY=,508886,Ilhyung,Kim,Decision Science,3.7,3.4,54.902,103,https://www.ratemyprofessors.com/professor/508886
12,Western Washington University,U2Nob29sLTExODQ=,WA,VGVhY2hlci0yMDYyNDA3,2062407,Miller,Krause,Classical  Medieval Studies,4.5,2.6,89.6552,101,https://www.ratemyprofessors.com/professor/2062407
12,Western Washington University,U2Nob29sLTExODQ=,WA,VGVhY2hlci0yMDY0Mzcy,2064372,Mary ,Erickson,Communication,3.4,3,66.6667,65,https://www.ratemyprofessors.com/professor/2064372
12,Western Washington University,U2Nob29sLTExODQ=,WA,VGVhY2hlci0yMDUxNzM5,2051739,Zenghui,Liu,Accounting,4,2.9,69.5652,61,https://www.ratemyprofessors.com/professor/2051739
12,Western Washington University,U2Nob29sLTExODQ=,WA,VGVhY2hlci0yNTY3Njc4,2567678,Akanksha,Bedi,Management,3.3,3.6,62.5,40,https://www.ratemyprofessors.com/professor/2567678
12,Western Washington University,U2Nob29sLTExODQ=,WA,VGVhY2hlci0xMzI1OTgw,1325980,Brian,Morgans,Business,4.5,2.7,100,28,https://www.ratemyprofessors.com/professor/1325980
12,Western Washington University,U2Nob29sLTExODQ=,WA,VGVhY2hlci0yNjEzNDA1,2613405,Mary,Hunt,Health Science,4.4,2.2,86.9565,23,https://www.ratemyprofessors.com/professor/2613405
12,Western Washington University,U2Nob29sLTExODQ=,WA,VGVhY2hlci0zMDUyMjcz,3052273,Dustin,Hughes,Sociology,4,2.1,80,15,https://www.ratemyprofessors.com/professor/3052273
12,Western Washington University,U2Nob29sLTExODQ=,WA,VGVhY2hlci0xNjk4NDU3,1698457,Seiko,Purdue,Art,3.9,2.2,77.7778,13,https://www.ratemyprofessors.com/professor/1698457
12,Western Washington University,U2Nob29sLTExODQ=,WA,VGVhY2hlci0zMTM1OTA3,3135907,Jeremy,Drake-Cornelius,English,4.2,2.4,88.8889,9,https://www.ratemyprofessors.com/professor/3135907
12,Western Washington University,U2Nob29sLTExODQ=,WA,VGVhY2hlci0yOTQ4Nzc1,2948775,Sierra,Cullati,Chemistry,4.3,3.3,88.8889,9,https://www.ratemyprofessors.com/professor/2948775
12,Western Washington University,U2Nob29sLTExODQ=,WA,VGVhY2hlci04MDg4OTA=,808890,Andrew,Good,Mathematics,3.8,3.5,64.2857,217,https://www.ratemyprofessors.com/professor/808890
12,Western Washington University,U2Nob29sLTExODQ=,WA,VGVhY2hlci0yNjE2ODg=,261688,Tara,Perry,Communication,1.9,4.3,7.9365,138,https://www.ratemyprofessors.com/professor/261688
12,Western Washington University,U2Nob29sLTExODQ=,WA,VGVhY2hlci03MTg1ODI=,718582,Tilmann,Glimm,Mathematics,3.7,3.2,84.6154,72,https://www.ratemyprofessors.com/professor/718582
12,Western Washington University,U2Nob29sLTExODQ=,WA,VGVhY2hlci0yODQ0NTgz,2844583,Madison,Nelson,Physics,4.6,2,90.4762,42,https://www.ratemyprofessors.com/professor/2844583
12,Western Washington University,U2Nob29sLTExODQ=,WA,VGVhY2hlci0yNTczMDcz,2573073,Caroline,Hardin,Computer Science,2.3,4,27.2727,33,https://www.ratemyprofessors.com/professor/2573073
12,Western Washington University,U2Nob29sLTExODQ=,WA,VGVhY2hlci0yOTEyMDQw,2912040,Yuzhang,Zang,Engineering,2.8,4,50,16,https://www.ratemyprofessors.com/professor/2912040
12,Western Washington University,U2Nob29sLTExODQ=,WA,VGVhY2hlci0zMTQyNDQ2,3142446,Zuoting,Wen,Foreign Languages & Literature,5,3,100,2,https://www.ratemyprofessors.com/professor/3142446
12,Western Washington University,U2Nob29sLTExODQ=,WA,VGVhY2hlci0zNjU2NTg=,365658,Paul,Thomas,Geology,4.4,2.7,84.8485,215,https://www.ratemyprofessors.com/professor/365658
12,Western Washington University,U2Nob29sLTExODQ=,WA,VGVhY2hlci05NjUwMzg=,965038,James,Graham,Psychology,4.8,2.3,97.7011,126,https://www.ratemyprofessors.com/professor/965038
12,Western Washington University,U2Nob29sLTExODQ=,WA,VGVhY2hlci0zMTExMTM=,311113,Grace,Wang,Environmental Studies,3.6,2,63.4146,110,https://www.ratemyprofessors.com/professor/311113
12,Western Washington University,U2Nob29sLTExODQ=,WA,VGVhY2hlci0yNTQ0NDUx,2544451,Kristina,Podesva,Art,2.7,2.4,43.2432,37,https://www.ratemyprofessors.com/professor/2544451
12,Western Washington University,U2Nob29sLTExODQ=,WA,VGVhY2hlci0yNzY4MDg5,2768089,Thomas,Hummel,Literature,4.9,2.6,100,16,https://www.ratemyprofessors.com/professor/2768089
12,Western Washington University,U2Nob29sLTExODQ=,WA,VGVhY2hlci0zMTMzNzUz,3133753,Haylie,Santiago,Mathematics,5,2,100,1,https://www.ratemyprofessors.com/professor/3133753
12,Western Washington University,U2Nob29sLTExODQ=,WA,VGVhY2hlci0yOTI4NDk=,292849,Glenn,Tsunokai,Sociology,4.8,2.4,96.1749,351,https://www.ratemyprofessors.com/professor/292849
12,Western Washington University,U2Nob29sLTExODQ=,WA,VGVhY2hlci0xMzY1NzU=,136575,Jennifer,Lois,Sociology,4.6,2.7,90.9836,250,https://www.ratemyprofessors.com/professor/136575
12,Western Washington University,U2Nob29sLTExODQ=,WA,VGVhY2hlci0xMDE1MDY0,1015064,Sandra,Schulze,Biology,2.4,4.3,26.5625,77,https://www.ratemyprofessors.com/professor/1015064
12,Western Washington University,U2Nob29sLTExODQ=,WA,VGVhY2hlci0yNzc4ODE4,2778818,Garrett,Dubofsky,Mathematics,5,2.4,100,65,https://www.ratemyprofessors.com/professor/2778818
12,Western Washington University,U2Nob29sLTExODQ=,WA,VGVhY2hlci0yMTE3ODU4,2117858,Suzanne,Lee,Biology,4.3,4.1,82.7586,32,https://www.ratemyprofessors.com/professor/2117858
12,Western Washington University,U2Nob29sLTExODQ=,WA,VGVhY2hlci0yNzcyMzc5,2772379,Nicole,Patel,Mathematics,5,1.9,100,30,https://www.ratemyprofessors.com/professor/2772379
12,Western Washington University,U2Nob29sLTExODQ=,WA,VGVhY2hlci0zMDgxMjA0,3081204,Carinna,Ostrovsky-Snider,Mathematics,2.6,3.7,33.3333,12,https://www.ratemyprofessors.com/professor/3081204
12,Western Washington University,U2Nob29sLTExODQ=,WA,VGVhY2hlci0zNjYxNTc=,366157,Georgianne,Connell,Biology,3.8,3.1,74.3056,274,https://www.ratemyprofessors.com/professor/366157
12,Western Washington University,U2Nob29sLTExODQ=,WA,VGVhY2hlci0xMjk2MTMx,1296131,Jose,Serrano-Moreno,Biology,2.7,4.3,42.623,117,https://www.ratemyprofessors.com/professor/1296131
12,Western Washington University,U2Nob29sLTExODQ=,WA,VGVhY2hlci03NDI0MjM=,742423,Andreas,Riemann,Physics,3.9,3.1,88.0952,87,https://www.ratemyprofessors.com/professor/742423
12,Western Washington University,U2Nob29sLTExODQ=,WA,VGVhY2hlci0yMjgyMTg=,228218,James,Vyvyan,Chemistry,3.6,4.4,54.7619,67,https://www.ratemyprofessors.com/professor/228218
12,Western Washington University,U2Nob29sLTExODQ=,WA,VGVhY2hlci0yMzA3Nzcz,2307773,Justice,Banson,Computer Science,3.5,2.9,73.1343,67,https://www.ratemyprofessors.com/professor/2307773
12,Western Washington University,U2Nob29sLTExODQ=,WA,VGVhY2hlci0xOTIyNzg1,1922785,Charles,Anderson,History,3.9,3.4,69.3878,62,https://www.ratemyprofessors.com/professor/1922785
12,Western Washington University,U2Nob29sLTExODQ=,WA,VGVhY2hlci0yMTk0MjI0,2194224,Jason,Query,Economics,3.7,3.5,78.2609,46,https://www.ratemyprofessors.com/professor/2194224
12,Western Washington University,U2Nob29sLTExODQ=,WA,VGVhY2hlci0yODQ3NTM4,2847538,Madison,Heslop,History,3.8,2.5,66.6667,22,https://www.ratemyprofessors.com/professor/2847538
12,Western Washington University,U2Nob29sLTExODQ=,WA,VGVhY2hlci0yNTAwOTU5,2500959,Katherine,Anderson,English,4.5,2.9,86.3636,22,https://www.ratemyprofessors.com/professor/2500959
12,Western Washington University,U2Nob29sLTExODQ=,WA,VGVhY2hlci0yNDI0NTgx,2424581,Lucas,Senger,Music,3.8,1.6,76.1905,22,https://www.ratemyprofessors.com/professor/2424581
12,Western Washington University,U2Nob29sLTExODQ=,WA,VGVhY2hlci0yOTQzNjIx,2943621,Michael,Miller,Economics,4.9,2.4,95,20,https://www.ratemyprofessors.com/professor/2943621
12,Western Washington University,U2Nob29sLTExODQ=,WA,VGVhY2hlci0yNTcyODQ2,2572846,Jared,Moore,Accounting,4,4,78.5714,14,https://www.ratemyprofessors.com/professor/2572846
12,Western Washington University,U2Nob29sLTExODQ=,WA,VGVhY2hlci0yOTk1NTk3,2995597,Felicia,Cosey,English,3.4,1.7,57.1429,14,https://www.ratemyprofessors.com/professor/2995597
12,Western Washington University,U2Nob29sLTExODQ=,WA,VGVhY2hlci0yNTc4NjEy,2578612,Heather,Ray,Music,4.2,1.3,91.6667,12,https://www.ratemyprofessors.com/professor/2578612
12,Western Washington University,U2Nob29sLTExODQ=,WA,VGVhY2hlci03NjMzMjk=,763329,Michael,Bell,English,3.1,4.1,41.2698,126,https://www.ratemyprofessors.com/professor/763329
12,Western Washington University,U2Nob29sLTExODQ=,WA,VGVhY2hlci0yODc0NjYw,2874660,Fiona,Felker,Anthropology,2.4,3.3,31.5789,57,https://www.ratemyprofessors.com/professor/2874660
12,Western Washington University,U2Nob29sLTExODQ=,WA,VGVhY2hlci0yMzI4Mjc1,2328275,Kevin,Delucio,Psychology,4.4,2.6,85.7143,7,https://www.ratemyprofessors.com/professor/2328275
12,Western Washington University,U2Nob29sLTExODQ=,WA,VGVhY2hlci02MzIxMjQ=,632124,George,Zhang,Business,2.5,3.5,25,98,https://www.ratemyprofessors.com/professor/632124
12,Western Washington University,U2Nob29sLTExODQ=,WA,VGVhY2hlci0zNjAzMDc=,360307,Paul,Chen,Political Science,3.5,4.1,52.1739,95,https://www.ratemyprofessors.com/professor/360307
12,Western Washington University,U2Nob29sLTExODQ=,WA,VGVhY2hlci0xNzcxNTcz,1771573,Burak,Dolar,Accounting,4.1,2.7,75.9259,72,https://www.ratemyprofessors.com/professor/1771573
12,Western Washington University,U2Nob29sLTExODQ=,WA,VGVhY2hlci0yNzgyODYz,2782863,Arna,Elezovic,History,4.9,1.8,97.0588,34,https://www.ratemyprofessors.com/professor/2782863
12,Western Washington University,U2Nob29sLTExODQ=,WA,VGVhY2hlci0yNjQzMTIy,2643122,Cathy,Wineinger,Political Science,5,2.2,100,28,https://www.ratemyprofessors.com/professor/2643122
12,Western Washington University,U2Nob29sLTExODQ=,WA,VGVhY2hlci0yOTYxNzI4,2961728,Kendra,Dupuy,Political Science,4.9,2.4,100,13,https://www.ratemyprofessors.com/professor/2961728
12,Western Washington University,U2Nob29sLTExODQ=,WA,VGVhY2hlci0yNTE5MTEw,2519110,Allison,Pfeiffer,Geology,4.7,3.2,91.6667,12,https://www.ratemyprofessors.com/professor/2519110
12,Western Washington University,U2Nob29sLTExODQ=,WA,VGVhY2hlci0xMDM2NzA3,1036707,John,Rybczyk,Environmental Science,4.4,1.9,91.6667,211,https://www.ratemyprofessors.com/professor/1036707
12,Western Washington University,U2Nob29sLTExODQ=,WA,VGVhY2hlci0xNTA1NDA5,1505409,Liu,Yudong,Computer Science,2.6,3.6,48.9362,68,https://www.ratemyprofessors.com/professor/1505409
12,Western Washington University,U2Nob29sLTExODQ=,WA,VGVhY2hlci0yMDUwMTM1,2050135,Leah,Lippman,International Studies,4.8,2.3,98,57,https://www.ratemyprofessors.com/professor/2050135
12,Western Washington University,U2Nob29sLTExODQ=,WA,VGVhY2hlci0yNTcwMzAx,2570301,Michael,Shepard,Anthropology,3.4,2.1,77.3585,53,https://www.ratemyprofessors.com/professor/2570301
12,Western Washington University,U2Nob29sLTExODQ=,WA,VGVhY2hlci01NzI5NTE=,572951,Craig,Tyran,Management,4.9,2.3,100,48,https://www.ratemyprofessors.com/professor/572951
12,Western Washington University,U2Nob29sLTExODQ=,WA,VGVhY2hlci05NjY5ODQ=,966984,Geri,Forsberg,English,3.2,2.1,48.1481,36,https://www.ratemyprofessors.com/professor/966984
12,Western Washington University,U2Nob29sLTExODQ=,WA,VGVhY2hlci0yNDY2MTEz,2466113,Camilo,Ponton,Geology,4.1,2.6,81.25,32,https://www.ratemyprofessors.com/professor/2466113
12,Western Washington University,U2Nob29sLTExODQ=,WA,VGVhY2hlci0yMDA4MTA4,2008108,Kimihiro,Noguchi,Mathematics,3.6,3.2,69.5652,27,https://www.ratemyprofessors.com/professor/2008108
12,Western Washington University,U2Nob29sLTExODQ=,WA,VGVhY2hlci0yMjM0MzMz,2234333,Xichen,Jiang,Engineering,4,3.6,83.3333,12,https://www.ratemyprofessors.com/professor/2234333
12,Western Washington University,U2Nob29sLTExODQ=,WA,VGVhY2hlci0zMDkzMDYy,3093062,Raha,Nobowati,Women's Studies,3.1,2.4,62.5,8,https://www.ratemyprofessors.com/professor/3093062
12,Western Washington University,U2Nob29sLTExODQ=,WA,VGVhY2hlci0zMTQ3MDY4,3147068,Imran ,Sheikh,Energy Studies,5,3,100,1,https://www.ratemyprofessors.com/professor/3147068
12,Western Washington University,U2Nob29sLTExODQ=,WA,VGVhY2hlci00MTM4NzU=,413875,Branko,Curgus,Mathematics,3.2,4.4,45,79,https://www.ratemyprofessors.com/professor/413875
12,Western Washington University,U2Nob29sLTExODQ=,WA,VGVhY2hlci0xOTg2MjIz,1986223,Elizabeth,Raymond,Chemistry,3.1,3.9,60,55,https://www.ratemyprofessors.com/professor/1986223
12,Western Washington University,U2Nob29sLTExODQ=,WA,VGVhY2hlci0yODQ2MjYw,2846260,Liam,Watts,Mathematics,4.8,2.5,100,51,https://www.ratemyprofessors.com/professor/2846260
12,Western Washington University,U2Nob29sLTExODQ=,WA,VGVhY2hlci0yNjI5NjYz,2629663,Ellis,Roe,Physics,4.1,3.1,72,50,https://www.ratemyprofessors.com/professor/2629663
12,Western Washington University,U2Nob29sLTExODQ=,WA,VGVhY2hlci0yMzgwNDM5,2380439,Catherine,Clark,Chemistry,4.1,3.1,77.2727,22,https://www.ratemyprofessors.com/professor/2380439
12,Western Washington University,U2Nob29sLTExODQ=,WA,VGVhY2hlci0yNzUyODY1,2752865,Greg,Freedman,Biology,3.8,3.4,80,20,https://www.ratemyprofessors.com/professor/2752865
12,Western Washington University,U2Nob29sLTExODQ=,WA,VGVhY2hlci0zMTM0NDM5,3134439,Bailey,Sharon,Mathematics,3.1,2.3,57.1429,7,https://www.ratemyprofessors.com/professor/3134439
12,Western Washington University,U2Nob29sLTExODQ=,WA,VGVhY2hlci0zMDY0NTk0,3064594,Emily,Aycrigg,English,5,3,100,2,https://www.ratemyprofessors.com/professor/3064594
12,Western Washington University,U2Nob29sLTExODQ=,WA,VGVhY2hlci01NDI0NzY=,542476,Jennifer,Devenport,Psychology,3.3,3.2,49.2308,111,https://www.ratemyprofessors.com/professor/542476
12,Western Washington University,U2Nob29sLTExODQ=,WA,VGVhY2hlci0xNDk1NDQ=,149544,Todd,Koetje,Anthropology,3.8,2.8,67.7419,97,https://www.ratemyprofessors.com/professor/149544
12,Western Washington University,U2Nob29sLTExODQ=,WA,VGVhY2hlci00ODE5MDM=,481903,Elizabeth,Binney,Biology,2.8,3.5,36.1111,83,https://www.ratemyprofessors.com/professor/481903
12,Western Washington University,U2Nob29sLTExODQ=,WA,VGVhY2hlci0xNjU2NDg3,1656487,Tristan,Goldman,History,4.5,2.8,86.4865,78,https://www.ratemyprofessors.com/professor/1656487
12,Western Washington University,U2Nob29sLTExODQ=,WA,VGVhY2hlci0zMDEzNzY4,3013768,Adrian,Villicana,Psychology,3.1,2.6,54.5455,44,https://www.ratemyprofessors.com/professor/3013768
12,Western Washington University,U2Nob29sLTExODQ=,WA,VGVhY2hlci0zNDY1MzI=,346532,Brandon,Peden,Physics,3.3,3.3,47.619,38,https://www.ratemyprofessors.com/professor/346532
12,Western Washington University,U2Nob29sLTExODQ=,WA,VGVhY2hlci01ODE0MjI=,581422,Massimiliano,Tomasi,Modern and Classical Languages,4.5,2.5,77.7778,38,https://www.ratemyprofessors.com/professor/581422
12,Western Washington University,U2Nob29sLTExODQ=,WA,VGVhY2hlci0xNzczMjY3,1773267,Sarah,Zimmerman,History,3.6,3.6,72.2222,34,https://www.ratemyprofessors.com/professor/1773267
12,Western Washington University,U2Nob29sLTExODQ=,WA,VGVhY2hlci0yOTgyODIw,2982820,Cori,Winrock,English,4.6,2.3,84.2105,19,https://www.ratemyprofessors.com/professor/2982820
12,Western Washington University,U2Nob29sLTExODQ=,WA,VGVhY2hlci0zMTU1ODcz,3155873,Atinut,Inthajak,English,5,2.5,100,2,https://www.ratemyprofessors.com/professor/3155873
12,Western Washington University,U2Nob29sLTExODQ=,WA,VGVhY2hlci01NzU2MDY=,575606,Andrew,Richardson,Mathematics,4.3,3.2,82.5688,180,https://www.ratemyprofessors.com/professor/575606
12,Western Washington University,U2Nob29sLTExODQ=,WA,VGVhY2hlci0xMDMzMzQ1,1033345,McNeel,Jantzen,Psychology,3.4,3.4,50,99,https://www.ratemyprofessors.com/professor/1033345
12,Western Washington University,U2Nob29sLTExODQ=,WA,VGVhY2hlci0yNDk2NTU0,2496554,Katie,Clark,Mathematics,4.5,2.5,86.9565,69,https://www.ratemyprofessors.com/professor/2496554
12,Western Washington University,U2Nob29sLTExODQ=,WA,VGVhY2hlci0yMTc1NDY2,2175466,Anika,Tilland-Stafford,Women's Studies,2.1,2.8,24.1935,62,https://www.ratemyprofessors.com/professor/2175466
12,Western Washington University,U2Nob29sLTExODQ=,WA,VGVhY2hlci0yODQzNTY2,2843566,Jason,Lambert,Biology,4.4,3.3,90,50,https://www.ratemyprofessors.com/professor/2843566
12,Western Washington University,U2Nob29sLTExODQ=,WA,VGVhY2hlci0yNzMwMjM1,2730235,Aaron,Miller,Chemistry,3.5,2.9,73.4694,49,https://www.ratemyprofessors.com/professor/2730235
12,Western Washington University,U2Nob29sLTExODQ=,WA,VGVhY2hlci0xOTAwNDIz,1900423,Luis,Portugal,Spanish,4.4,2.4,90.3226,44,https://www.ratemyprofessors.com/professor/1900423
12,Western Washington University,U2Nob29sLTExODQ=,WA,VGVhY2hlci0yNDk2NzEz,2496713,Zachary,Pontrantolfi,Mathematics,1.9,4,21.6216,37,https://www.ratemyprofessors.com/professor/2496713
12,Western Washington University,U2Nob29sLTExODQ=,WA,VGVhY2hlci0zMzAyMDA=,330200,Merrill,Peterson,Biology,4.2,3.2,90,33,https://www.ratemyprofessors.com/professor/330200
12,Western Washington University,U2Nob29sLTExODQ=,WA,VGVhY2hlci0xODcxNjk4,1871698,Paul,Kearsley,Engineering Technology,4.8,3,95.6522,31,https://www.ratemyprofessors.com/professor/1871698
12,Western Washington University,U2Nob29sLTExODQ=,WA,VGVhY2hlci0yNzQ2NzUy,2746752,Jim,Cooper,Biology,3.6,3.8,62.5,16,https://www.ratemyprofessors.com/professor/2746752
12,Western Washington University,U2Nob29sLTExODQ=,WA,VGVhY2hlci0zMTI5Mjc3,3129277,Benjamin,Hagwood,Communication,4.7,2.4,100,14,https://www.ratemyprofessors.com/professor/3129277
12,Western Washington University,U2Nob29sLTExODQ=,WA,VGVhY2hlci0xNzc0MTg4,1774188,Ryan,Dales,Accounting,2.4,3.8,35.3659,222,https://www.ratemyprofessors.com/professor/1774188
12,Western Washington University,U2Nob29sLTExODQ=,WA,VGVhY2hlci05NzgzODY=,978386,Daniel,Purdy,Marketing,3.3,3.9,53.2609,117,https://www.ratemyprofessors.com/professor/978386
12,Western Washington University,U2Nob29sLTExODQ=,WA,VGVhY2hlci0xOTQ4MDU4,1948058,Neal,Tognazzini,Philosophy,4.4,2.6,89.5833,60,https://www.ratemyprofessors.com/professor/1948058
12,Western Washington University,U2Nob29sLTExODQ=,WA,VGVhY2hlci0yMDc0NDky,2074492,Christopher,Califf,Computer Information Systems,4.3,2.6,83.7209,46,https://www.ratemyprofessors.com/professor/2074492
12,Western Washington University,U2Nob29sLTExODQ=,WA,VGVhY2hlci0yNDI1Mzc0,2425374,Yamin,Hao,Accounting,4.2,3.4,77.7778,45,https://www.ratemyprofessors.com/professor/2425374
12,Western Washington University,U2Nob29sLTExODQ=,WA,VGVhY2hlci0yMDY0MTM4,2064138,Cat,Armstrong Soule,Marketing,3,3.5,38.2353,38,https://www.ratemyprofessors.com/professor/2064138
12,Western Washington University,U2Nob29sLTExODQ=,WA,VGVhY2hlci0xOTkyNjg4,1992688,Xiaofeng,Chen,Statistics,2.9,3.6,45.8333,28,https://www.ratemyprofessors.com/professor/1992688
12,Western Washington University,U2Nob29sLTExODQ=,WA,VGVhY2hlci0xMjYxNDE2,1261416,Jongwook,Kim,Management,3.4,3.5,64.2857,21,https://www.ratemyprofessors.com/professor/1261416
12,Western Washington University,U2Nob29sLTExODQ=,WA,VGVhY2hlci0yMjU3NjI4,2257628,Michael,Medler,Environmental Studies,3.5,2.8,72.2222,18,https://www.ratemyprofessors.com/professor/2257628
12,Western Washington University,U2Nob29sLTExODQ=,WA,VGVhY2hlci00MjAyMTg=,420218,Jason,Lind,Communication,4.2,3.1,83.3333,147,https://www.ratemyprofessors.com/professor/420218
12,Western Washington University,U2Nob29sLTExODQ=,WA,VGVhY2hlci0xMjQ2MjUy,1246252,Jordan,Sandoval,Modern and Classical Languages,4.3,3.5,81.8182,91,https://www.ratemyprofessors.com/professor/1246252
12,Western Washington University,U2Nob29sLTExODQ=,WA,VGVhY2hlci0xNTUzMjcz,1553273,Dan,Van Hees,Biology,4.5,2.4,90.1961,52,https://www.ratemyprofessors.com/professor/1553273
12,Western Washington University,U2Nob29sLTExODQ=,WA,VGVhY2hlci0yNjMyMDY0,2632064,Syeda,Akter,Computer Science,1.6,3.2,17.0213,47,https://www.ratemyprofessors.com/professor/2632064
12,Western Washington University,U2Nob29sLTExODQ=,WA,VGVhY2hlci0yNDI2MDMw,2426030,Jen,Nimtz,Mathematics,2.1,3.3,27.6596,47,https://www.ratemyprofessors.com/professor/2426030
12,Western Washington University,U2Nob29sLTExODQ=,WA,VGVhY2hlci0yMjAyMDA0,2202004,Rita,Daniels,Communication,2.4,3.7,36.3636,33,https://www.ratemyprofessors.com/professor/2202004
12,Western Washington University,U2Nob29sLTExODQ=,WA,VGVhY2hlci0zMDQzNjMx,3043631,Lucas,Burke,History,4.5,2.7,91.6667,12,https://www.ratemyprofessors.com/professor/3043631
12,Western Washington University,U2Nob29sLTExODQ=,WA,VGVhY2hlci0yMzE2MDg5,2316089,Michael,Tsikerdekis,Computer Science,3.6,2.8,66.6667,9,https://www.ratemyprofessors.com/professor/2316089
12,Western Washington University,U2Nob29sLTExODQ=,WA,VGVhY2hlci0yNDI0MTM1,2424135,Philipp,Roser,Physics,3.6,3.6,62.5,32,https://www.ratemyprofessors.com/professor/2424135
12,Western Washington University,U2Nob29sLTExODQ=,WA,VGVhY2hlci0xOTkwNzAx,1990701,Elizabeth,Colen,English,3.3,2.4,62.069,32,https://www.ratemyprofessors.com/professor/1990701
12,Western Washington University,U2Nob29sLTExODQ=,WA,VGVhY2hlci0yODY0ODY5,2864869,Natalie,Baloy,Anthropology,4.6,2.3,100,23,https://www.ratemyprofessors.com/professor/2864869
12,Western Washington University,U2Nob29sLTExODQ=,WA,VGVhY2hlci0yOTM2MzI2,2936326,Fuqun,Huang,Computer Science,4.3,2.6,81.8182,11,https://www.ratemyprofessors.com/professor/2936326
12,Western Washington University,U2Nob29sLTExODQ=,WA,VGVhY2hlci0yNDYzMzA0,2463304,Timothy,Banham,Mathematics,4.5,3.1,85.5422,83,https://www.ratemyprofessors.com/professor/2463304
12,Western Washington University,U2Nob29sLTExODQ=,WA,VGVhY2hlci0xODU5Njgx,1859681,Jeremy,Cushman,English,4.8,2.8,100,29,https://www.ratemyprofessors.com/professor/1859681
12,Western Washington University,U2Nob29sLTExODQ=,WA,VGVhY2hlci0zMTQzNTgx,3143581,David,Cummins,Chemistry,3,2.9,51.8519,27,https://www.ratemyprofessors.com/professor/3143581
12,Western Washington University,U2Nob29sLTExODQ=,WA,VGVhY2hlci0yOTU5OTEx,2959911,Hanxiang,Du,Computer Science,2.4,3.5,45.4545,11,https://www.ratemyprofessors.com/professor/2959911
12,Western Washington University,U2Nob29sLTExODQ=,WA,VGVhY2hlci0zMTUzMjcy,3153272,Ali ,Sandweiss-Hodges,Music,5,1,100,1,https://www.ratemyprofessors.com/professor/3153272
12,Western Washington University,U2Nob29sLTExODQ=,WA,VGVhY2hlci0xMDE4MTM3,1018137,Jennifer,Hays,Communication,3.6,2.9,48.7179,92,https://www.ratemyprofessors.com/professor/1018137
12,Western Washington University,U2Nob29sLTExODQ=,WA,VGVhY2hlci0yMzgyNjYw,2382660,Jill,MacIntyre Witt,Environmental Studies,3,1.9,50.8475,59,https://www.ratemyprofessors.com/professor/2382660
12,Western Washington University,U2Nob29sLTExODQ=,WA,VGVhY2hlci0xMjYyNTcx,1262571,Monique,Kerman,Humanities,3.2,2.7,52.381,48,https://www.ratemyprofessors.com/professor/1262571
12,Western Washington University,U2Nob29sLTExODQ=,WA,VGVhY2hlci0yNTAxMTQ5,2501149,Eren,Odabasi,English,3.4,3,69.2308,26,https://www.ratemyprofessors.com/professor/2501149
12,Western Washington University,U2Nob29sLTExODQ=,WA,VGVhY2hlci0yNTIyOTQ2,2522946,Dharitri,Bhattacharjee,History,4.1,3.8,82.6087,23,https://www.ratemyprofessors.com/professor/2522946
12,Western Washington University,U2Nob29sLTExODQ=,WA,VGVhY2hlci0xNzcwMDIy,1770022,Hope,Rindal,Chemistry,4,3.2,80.3279,135,https://www.ratemyprofessors.com/professor/1770022
12,Western Washington University,U2Nob29sLTExODQ=,WA,VGVhY2hlci0xNjc5NDQ=,167944,Petra,Fiero,Modern and Classical Languages,4.5,2.9,100,51,https://www.ratemyprofessors.com/professor/167944
12,Western Washington University,U2Nob29sLTExODQ=,WA,VGVhY2hlci0xMTQ2MDY3,1146067,Lee,Gulyas,English,4.6,2.4,88.8889,43,https://www.ratemyprofessors.com/professor/1146067
12,Western Washington University,U2Nob29sLTExODQ=,WA,VGVhY2hlci0yNjk0OTcw,2694970,Ryan,Castle,Law,4.6,2.1,93.9394,33,https://www.ratemyprofessors.com/professor/2694970
12,Western Washington University,U2Nob29sLTExODQ=,WA,VGVhY2hlci0yNzI2MzEy,2726312,Lucas,Walker,Management,4.9,1.9,95.6522,24,https://www.ratemyprofessors.com/professor/2726312
12,Western Washington University,U2Nob29sLTExODQ=,WA,VGVhY2hlci0yNzQwMDM1,2740035,Danielle,Martin,Modern and Classical Languages,5,2.3,100,10,https://www.ratemyprofessors.com/professor/2740035
12,Western Washington University,U2Nob29sLTExODQ=,WA,VGVhY2hlci0yNjU1MDg4,2655088,Gregory,Green,Environmental Studies,3.3,3.4,77.7778,9,https://www.ratemyprofessors.com/professor/2655088
12,Western Washington University,U2Nob29sLTExODQ=,WA,VGVhY2hlci0xODgxNDQ0,1881444,Randy,Doucet,Law,4.3,3.3,85.7143,57,https://www.ratemyprofessors.com/professor/1881444
12,Western Washington University,U2Nob29sLTExODQ=,WA,VGVhY2hlci01MTQ0NjE=,514461,Diane,Blietz Hertberg,Communication,2.3,3.4,26.3158,54,https://www.ratemyprofessors.com/professor/514461
12,Western Washington University,U2Nob29sLTExODQ=,WA,VGVhY2hlci0yMDE0OTU0,2014954,Dan,Pollard,Biology,3.2,3.3,53.3333,20,https://www.ratemyprofessors.com/professor/2014954
12,Western Washington University,U2Nob29sLTExODQ=,WA,VGVhY2hlci0yMTUxNzM3,2151737,Jessyca,Arthur-Cameselle,Psychology,4.2,3.2,84.6154,13,https://www.ratemyprofessors.com/professor/2151737
12,Western Washington University,U2Nob29sLTExODQ=,WA,VGVhY2hlci0zMDc4OTA5,3078909,Anthony,Radoiu,Foreign Languages & Literature,4.3,1.9,87.5,8,https://www.ratemyprofessors.com/professor/3078909
12,Western Washington University,U2Nob29sLTExODQ=,WA,VGVhY2hlci0zMDY5NjM=,306963,Amber,Hixson,Mathematics,3.3,3.5,58,205,https://www.ratemyprofessors.com/professor/306963
12,Western Washington University,U2Nob29sLTExODQ=,WA,VGVhY2hlci0yMTg4MzYx,2188361,Shantala,Samant,International Studies,3.2,3.3,56.25,32,https://www.ratemyprofessors.com/professor/2188361
12,Western Washington University,U2Nob29sLTExODQ=,WA,VGVhY2hlci0yNzM0NzIx,2734721,Nathan,Robey,Humanities,5,2.5,100,13,https://www.ratemyprofessors.com/professor/2734721
12,Western Washington University,U2Nob29sLTExODQ=,WA,VGVhY2hlci0yNzM0MTE2,2734116,Drew,Wilkens,Management,4.4,1.9,81.8182,11,https://www.ratemyprofessors.com/professor/2734116
12,Western Washington University,U2Nob29sLTExODQ=,WA,VGVhY2hlci0zMDgyMDcy,3082072,Jesse,Yun,Health Science,4.8,2,100,8,https://www.ratemyprofessors.com/professor/3082072
12,Western Washington University,U2Nob29sLTExODQ=,WA,VGVhY2hlci0yOTY4MzQy,2968342,Drew,Wilkins,Business,3.7,3,66.6667,3,https://www.ratemyprofessors.com/professor/2968342
12,Western Washington University,U2Nob29sLTExODQ=,WA,VGVhY2hlci0zMDQ1OTgy,3045982,Andrew,Richards,Mathematics,4.8,2,94.1176,34,https://www.ratemyprofessors.com/professor/3045982
12,Western Washington University,U2Nob29sLTExODQ=,WA,VGVhY2hlci0xMjg1MzY1,1285365,Shirin,Deylami,Political Science,3.6,4,60,71,https://www.ratemyprofessors.com/professor/1285365
12,Western Washington University,U2Nob29sLTExODQ=,WA,VGVhY2hlci0yNTI3NDMw,2527430,Carrie,Frost,Religion,4.8,2.2,100,43,https://www.ratemyprofessors.com/professor/2527430
12,Western Washington University,U2Nob29sLTExODQ=,WA,VGVhY2hlci02Mjc2MDY=,627606,Nicole,Brown,English,3.6,2.6,73.6842,35,https://www.ratemyprofessors.com/professor/627606
12,Western Washington University,U2Nob29sLTExODQ=,WA,VGVhY2hlci0yMzkyODIw,2392820,Lillian,Fok,Manufacturing & Supply Chain Management,3.6,3.7,61.5385,13,https://www.ratemyprofessors.com/professor/2392820
12,Western Washington University,U2Nob29sLTExODQ=,WA,VGVhY2hlci0xNTA1MDI4,1505028,Christopher,Markworth,Chemistry,4.5,3.3,88.1356,91,https://www.ratemyprofessors.com/professor/1505028
12,Western Washington University,U2Nob29sLTExODQ=,WA,VGVhY2hlci0yMjMwOTM4,2230938,Katie,Olvera,Psychology,4.3,2.5,89.8734,79,https://www.ratemyprofessors.com/professor/2230938
12,Western Washington University,U2Nob29sLTExODQ=,WA,VGVhY2hlci0yMjgzOTk0,2283994,Shuo,Li,Accounting,4.9,2.6,100,60,https://www.ratemyprofessors.com/professor/2283994
12,Western Washington University,U2Nob29sLTExODQ=,WA,VGVhY2hlci0xODYwMjcx,1860271,Skylar,Powell,Management,4.9,1.8,100,44,https://www.ratemyprofessors.com/professor/1860271
12,Western Washington University,U2Nob29sLTExODQ=,WA,VGVhY2hlci0yNzcyNzY0,2772764,Michael,Koepp,Computer Science,1.9,1.9,28.9474,38,https://www.ratemyprofessors.com/professor/2772764
12,Western Washington University,U2Nob29sLTExODQ=,WA,VGVhY2hlci0yNTI1NjQ4,2525648,Marie,Deschene,Computer & Informational Tech.,1.4,4.3,5.7143,35,https://www.ratemyprofessors.com/professor/2525648
12,Western Washington University,U2Nob29sLTExODQ=,WA,VGVhY2hlci01NTE3Njc=,551767,Daniel H,Snyder,Philosophy,2.2,3.9,41.6667,32,https://www.ratemyprofessors.com/professor/551767
12,Western Washington University,U2Nob29sLTExODQ=,WA,VGVhY2hlci0yODQ4ODA4,2848808,Norda,Stephenson,Science,2.8,3.3,32.1429,28,https://www.ratemyprofessors.com/professor/2848808
12,Western Washington University,U2Nob29sLTExODQ=,WA,VGVhY2hlci0xOTgyMTUz,1982153,Sabrina,Freeman,Human Services,3.6,3.3,66.6667,17,https://www.ratemyprofessors.com/professor/1982153
12,Western Washington University,U2Nob29sLTExODQ=,WA,VGVhY2hlci0yMTE5NDQ3,2119447,Darren,McCroom,Theater,3.7,1.9,75,14,https://www.ratemyprofessors.com/professor/2119447
12,Western Washington University,U2Nob29sLTExODQ=,WA,VGVhY2hlci0zMDQ0MDM3,3044037,Doug,Mangum,History,3.6,2.5,50,8,https://www.ratemyprofessors.com/professor/3044037
12,Western Washington University,U2Nob29sLTExODQ=,WA,VGVhY2hlci0yNjA2MjM4,2606238,Andrew,Weitz,Biology,4,2.3,87.5,8,https://www.ratemyprofessors.com/professor/2606238
12,Western Washington University,U2Nob29sLTExODQ=,WA,VGVhY2hlci0zMDE3MTg2,3017186,Max,Carnes-Mason,Biology,5,2.5,100,4,https://www.ratemyprofessors.com/professor/3017186
12,Western Washington University,U2Nob29sLTExODQ=,WA,VGVhY2hlci0zMDc2OTc4,3076978,Katharine ,Izzo,Geology,3,2,50,4,https://www.ratemyprofessors.com/professor/3076978
12,Western Washington University,U2Nob29sLTExODQ=,WA,VGVhY2hlci0yNDcwMzIx,2470321,Lindsay,Poynter,Hospitality,4.3,2.5,100,4,https://www.ratemyprofessors.com/professor/2470321
12,Western Washington University,U2Nob29sLTExODQ=,WA,VGVhY2hlci0zMTM0MjE4,3134218,Randall,Rapstine,Theater,4.5,1,100,2,https://www.ratemyprofessors.com/professor/3134218
12,Western Washington University,U2Nob29sLTExODQ=,WA,VGVhY2hlci01NzYwNDc=,576047,Lee,McClain,Business,2.5,3.2,28.5714,180,https://www.ratemyprofessors.com/professor/576047
12,Western Washington University,U2Nob29sLTExODQ=,WA,VGVhY2hlci01NzQ4Njk=,574869,David,Shull,Environmental Studies,3.7,3,72.1311,119,https://www.ratemyprofessors.com/professor/574869
12,Western Washington University,U2Nob29sLTExODQ=,WA,VGVhY2hlci00MTk2MjU=,419625,Korry,Harvey,Communication,4.4,2.3,80.3922,106,https://www.ratemyprofessors.com/professor/419625
12,Western Washington University,U2Nob29sLTExODQ=,WA,VGVhY2hlci0xOTMzMTcw,1933170,Jennifer,Griffith,Chemistry,4.5,3.5,93.1507,87,https://www.ratemyprofessors.com/professor/1933170
12,Western Washington University,U2Nob29sLTExODQ=,WA,VGVhY2hlci0xMDMzMDE0,1033014,Kate,McLean,Psychology,3.7,3.2,74.4186,80,https://www.ratemyprofessors.com/professor/1033014
12,Western Washington University,U2Nob29sLTExODQ=,WA,VGVhY2hlci0xODUwOTM2,1850936,Michael,Slouber,Liberal Arts & Sciences,3.8,3.5,73.913,70,https://www.ratemyprofessors.com/professor/1850936
12,Western Washington University,U2Nob29sLTExODQ=,WA,VGVhY2hlci0yNTM5Mzc4,2539378,Hee Jung,Kim,Mathematics,1.8,4.2,17.5439,57,https://www.ratemyprofessors.com/professor/2539378
12,Western Washington University,U2Nob29sLTExODQ=,WA,VGVhY2hlci03OTA3NDc=,790747,Carolyn,Nielsen,Journalism,4.2,3.8,72.2222,43,https://www.ratemyprofessors.com/professor/790747
12,Western Washington University,U2Nob29sLTExODQ=,WA,VGVhY2hlci0yMjM5MjY3,2239267,Kate,Darby,Environmental Studies,4.5,3.3,86.2069,29,https://www.ratemyprofessors.com/professor/2239267
12,Western Washington University,U2Nob29sLTExODQ=,WA,VGVhY2hlci0xNDQyNzE4,1442718,Matt,Miller,Education,4.5,3.5,83.3333,24,https://www.ratemyprofessors.com/professor/1442718
12,Western Washington University,U2Nob29sLTExODQ=,WA,VGVhY2hlci0yMDA4NDQw,2008440,Greg,Youmans,English,4.2,2.8,77.7778,20,https://www.ratemyprofessors.com/professor/2008440
12,Western Washington University,U2Nob29sLTExODQ=,WA,VGVhY2hlci0yNTc2MzM4,2576338,Russell,Terrell,Journalism,4.1,2.9,87.5,8,https://www.ratemyprofessors.com/professor/2576338
12,Western Washington University,U2Nob29sLTExODQ=,WA,VGVhY2hlci0zMDQ5Mjc5,3049279,Jen,Lois,Sociology,4.3,2.8,75,8,https://www.ratemyprofessors.com/professor/3049279
12,Western Washington University,U2Nob29sLTExODQ=,WA,VGVhY2hlci0zMDgwMzA2,3080306,Jamie,Rogers,Film,4.8,2.8,100,8,https://www.ratemyprofessors.com/professor/3080306
12,Western Washington University,U2Nob29sLTExODQ=,WA,VGVhY2hlci0yNzgwMzA3,2780307,Kristen,French,Education,4.3,2,83.3333,6,https://www.ratemyprofessors.com/professor/2780307
12,Western Washington University,U2Nob29sLTExODQ=,WA,VGVhY2hlci0yMDYwMDM1,2060035,Matthew,Miller,Education,5,2.6,100,5,https://www.ratemyprofessors.com/professor/2060035
12,Western Washington University,U2Nob29sLTExODQ=,WA,VGVhY2hlci0xODgwMjkx,1880291,Eli,Loomis,Environmental Studies,4.4,2.5,90.6667,85,https://www.ratemyprofessors.com/professor/1880291
12,Western Washington University,U2Nob29sLTExODQ=,WA,VGVhY2hlci0zNTU0NTg=,355458,Steven,Garfinkle,History,4.5,3.3,89.6552,84,https://www.ratemyprofessors.com/professor/355458
12,Western Washington University,U2Nob29sLTExODQ=,WA,VGVhY2hlci0yNDE5NjM0,2419634,Rick,Barnard,Mathematics,3,3.8,47.8261,23,https://www.ratemyprofessors.com/professor/2419634
12,Western Washington University,U2Nob29sLTExODQ=,WA,VGVhY2hlci0yOTY3MTQ2,2967146,Hsiang-Jen,Hong,Computer Science,3.1,3.3,57.1429,7,https://www.ratemyprofessors.com/professor/2967146
12,Western Washington University,U2Nob29sLTExODQ=,WA,VGVhY2hlci0yMzkzNDY2,2393466,J'amie,Lemmer,Computer & Informational Tech.,2.5,3,25,4,https://www.ratemyprofessors.com/professor/2393466
12,Western Washington University,U2Nob29sLTExODQ=,WA,VGVhY2hlci0yOTM5NjU3,2939657,Xiaomeng,Li,World Languages & Cultures,4.5,2.5,100,2,https://www.ratemyprofessors.com/professor/2939657
12,Western Washington University,U2Nob29sLTExODQ=,WA,VGVhY2hlci03Mjc1MTc=,727517,Seth,Feinberg,Sociology,2.9,3.3,41.6667,108,https://www.ratemyprofessors.com/professor/727517
12,Western Washington University,U2Nob29sLTExODQ=,WA,VGVhY2hlci0zMjkyNTM=,329253,Andrea,Gogröf,Liberal Studies,2.8,3.4,34.2105,92,https://www.ratemyprofessors.com/professor/329253
12,Western Washington University,U2Nob29sLTExODQ=,WA,VGVhY2hlci0xOTUzODc3,1953877,Jared,Hardesty,History,3.6,3.8,65.2174,54,https://www.ratemyprofessors.com/professor/1953877
12,Western Washington University,U2Nob29sLTExODQ=,WA,VGVhY2hlci01MTg0OTI=,518492,Victor,Chan,Mathematics,4,2.8,71.4286,49,https://www.ratemyprofessors.com/professor/518492
12,Western Washington University,U2Nob29sLTExODQ=,WA,VGVhY2hlci05MTExMDI=,911102,Brandon,Dupont,Economics,3.6,3.1,38.4615,42,https://www.ratemyprofessors.com/professor/911102
12,Western Washington University,U2Nob29sLTExODQ=,WA,VGVhY2hlci0xMDYzMTM0,1063134,Amy,Anderson,Mathematics,3.4,3.5,48,41,https://www.ratemyprofessors.com/professor/1063134
12,Western Washington University,U2Nob29sLTExODQ=,WA,VGVhY2hlci0yMzAyMTEw,2302110,Ramadha,Gamage,Mathematics,3.1,3.2,50,34,https://www.ratemyprofessors.com/professor/2302110
12,Western Washington University,U2Nob29sLTExODQ=,WA,VGVhY2hlci0yMjMxMzgy,2231382,Emi,Foulk,History,3.4,3.6,64.2857,14,https://www.ratemyprofessors.com/professor/2231382
12,Western Washington University,U2Nob29sLTExODQ=,WA,VGVhY2hlci0yNjczNDU4,2673458,Zhengyu,Zhang,Communication,3.3,3.1,50,12,https://www.ratemyprofessors.com/professor/2673458
12,Western Washington University,U2Nob29sLTExODQ=,WA,VGVhY2hlci05NTc1MDM=,957503,Cara,Jaye,Art,4.1,3.2,0,9,https://www.ratemyprofessors.com/professor/957503
12,Western Washington University,U2Nob29sLTExODQ=,WA,VGVhY2hlci0yODg0MjY2,2884266,Carmell,Emory,Business,4.2,2.6,88.8889,9,https://www.ratemyprofessors.com/professor/2884266
12,Western Washington University,U2Nob29sLTExODQ=,WA,VGVhY2hlci04OTIzMDM=,892303,Seth,Nuckolls,Mathematics,3.5,3.7,51.5789,167,https://www.ratemyprofessors.com/professor/892303
12,Western Washington University,U2Nob29sLTExODQ=,WA,VGVhY2hlci0xNTA5MTg=,150918,Julie,Major,Psychology,3.6,2.1,65.7534,127,https://www.ratemyprofessors.com/professor/150918
12,Western Washington University,U2Nob29sLTExODQ=,WA,VGVhY2hlci0zMTc0MDI=,317402,Jeff,Grimm,Psychology,3.9,3.2,50,111,https://www.ratemyprofessors.com/professor/317402
12,Western Washington University,U2Nob29sLTExODQ=,WA,VGVhY2hlci0xMDI3MzE3,1027317,Jason,Kanov,Management,3.3,3.4,31.25,99,https://www.ratemyprofessors.com/professor/1027317
12,Western Washington University,U2Nob29sLTExODQ=,WA,VGVhY2hlci0yMjE2MTQ=,221614,Rosemary,Vohs,Communication,4.1,2.6,77.0833,96,https://www.ratemyprofessors.com/professor/221614
12,Western Washington University,U2Nob29sLTExODQ=,WA,VGVhY2hlci0yMTEyMjI4,2112228,Matthew,Seifert,Psychology,3.9,3.4,80.2632,77,https://www.ratemyprofessors.com/professor/2112228
12,Western Washington University,U2Nob29sLTExODQ=,WA,VGVhY2hlci00MzY3MDA=,436700,Nicholas,Wonder,Finance,2.7,4.3,30.4348,68,https://www.ratemyprofessors.com/professor/436700
12,Western Washington University,U2Nob29sLTExODQ=,WA,VGVhY2hlci0xOTYyNDQ1,1962445,Anca,Sirbu,Economics,4.2,3.7,73.0769,65,https://www.ratemyprofessors.com/professor/1962445
12,Western Washington University,U2Nob29sLTExODQ=,WA,VGVhY2hlci00NjkwNDY=,469046,Allison,Giffen,English,4.5,2.7,100,57,https://www.ratemyprofessors.com/professor/469046
12,Western Washington University,U2Nob29sLTExODQ=,WA,VGVhY2hlci0xNDk1Nzk=,149579,Doug,Clark,Geology,3.6,2.9,65.2174,49,https://www.ratemyprofessors.com/professor/149579
12,Western Washington University,U2Nob29sLTExODQ=,WA,VGVhY2hlci04MTQyMjA=,814220,Jackie,Caplan-Auerbach,Geology,4.7,2.6,100,47,https://www.ratemyprofessors.com/professor/814220
12,Western Washington University,U2Nob29sLTExODQ=,WA,VGVhY2hlci0yMDgwMjkx,2080291,Pat,Gillham,Sociology,3.3,3.7,54.7619,46,https://www.ratemyprofessors.com/professor/2080291
12,Western Washington University,U2Nob29sLTExODQ=,WA,VGVhY2hlci0yNDY0MDE1,2464015,Yuan,Pei,Mathematics,4.3,3.7,89.4737,38,https://www.ratemyprofessors.com/professor/2464015
12,Western Washington University,U2Nob29sLTExODQ=,WA,VGVhY2hlci0xNDQ4NDUy,1448452,Kami,Westhoff,English,4.1,2.6,84,38,https://www.ratemyprofessors.com/professor/1448452
12,Western Washington University,U2Nob29sLTExODQ=,WA,VGVhY2hlci0yMzIyMTg4,2322188,Sarah,Zarrow,History,3.2,3.8,62.5,32,https://www.ratemyprofessors.com/professor/2322188
12,Western Washington University,U2Nob29sLTExODQ=,WA,VGVhY2hlci0yNTUwODI1,2550825,George,Wilkinson,Biology,4.2,3.4,87.5,32,https://www.ratemyprofessors.com/professor/2550825
12,Western Washington University,U2Nob29sLTExODQ=,WA,VGVhY2hlci0yOTQ3NDUw,2947450,Chelsea,Harmon,Psychology,3.1,3.3,46.6667,30,https://www.ratemyprofessors.com/professor/2947450
12,Western Washington University,U2Nob29sLTExODQ=,WA,VGVhY2hlci0yMTg1ODYy,2185862,Eric,Wehrly,Finance,4.6,3.8,93.1034,29,https://www.ratemyprofessors.com/professor/2185862
12,Western Washington University,U2Nob29sLTExODQ=,WA,VGVhY2hlci0yMzg1MDgy,2385082,Kate,Destler,Political Science,2.9,3.8,38.4615,26,https://www.ratemyprofessors.com/professor/2385082
12,Western Washington University,U2Nob29sLTExODQ=,WA,VGVhY2hlci0yNzI2MjE0,2726214,Kiik,Araki-Kawaguchi,English,4.5,1.7,88.8889,19,https://www.ratemyprofessors.com/professor/2726214
12,Western Washington University,U2Nob29sLTExODQ=,WA,VGVhY2hlci0yMzQ3OTY3,2347967,Adrienne,Wang,Biology,3.1,4,52.9412,18,https://www.ratemyprofessors.com/professor/2347967
12,Western Washington University,U2Nob29sLTExODQ=,WA,VGVhY2hlci0zMDg4NTY1,3088565,Dennin,Ellis,English,2.7,3.3,41.6667,12,https://www.ratemyprofessors.com/professor/3088565
12,Western Washington University,U2Nob29sLTExODQ=,WA,VGVhY2hlci0zMDMxNjI1,3031625,Lauren,Dudley ,Chemistry,4.8,3.1,100,10,https://www.ratemyprofessors.com/professor/3031625
12,Western Washington University,U2Nob29sLTExODQ=,WA,VGVhY2hlci0zMDE1NjU1,3015655,Mike,Warren,Psychology,5,2,100,6,https://www.ratemyprofessors.com/professor/3015655
12,Western Washington University,U2Nob29sLTExODQ=,WA,VGVhY2hlci0zMDgxMjIz,3081223,Feng ,Cao,Psychology,4,3.5,100,2,https://www.ratemyprofessors.com/professor/3081223
12,Western Washington University,U2Nob29sLTExODQ=,WA,VGVhY2hlci0zMTM3NDkw,3137490,Evan,Ardiel,Psychology,4.5,2.5,100,2,https://www.ratemyprofessors.com/professor/3137490
12,Western Washington University,U2Nob29sLTExODQ=,WA,VGVhY2hlci0zMDg3Nzg5,3087789,Miriam ,Milena ,English,5,1,100,1,https://www.ratemyprofessors.com/professor/3087789
12,Western Washington University,U2Nob29sLTExODQ=,WA,VGVhY2hlci05NjY5MjY=,966926,Ying,Li,Physical Education,3.8,2.6,92.3077,32,https://www.ratemyprofessors.com/professor/966926
12,Western Washington University,U2Nob29sLTExODQ=,WA,VGVhY2hlci0yNDM4NDE3,2438417,Steve,Bennett,Health Science,4.6,2.6,86.9565,23,https://www.ratemyprofessors.com/professor/2438417
12,Western Washington University,U2Nob29sLTExODQ=,WA,VGVhY2hlci0yNzc0OTg3,2774987,Linda,Boyd,Foreign Languages & Literature,1.5,3,14.2857,21,https://www.ratemyprofessors.com/professor/2774987
12,Western Washington University,U2Nob29sLTExODQ=,WA,VGVhY2hlci0yNzYxNjI0,2761624,Heather,Dudenbostel,Theater,3.8,2.7,66.6667,9,https://www.ratemyprofessors.com/professor/2761624
12,Western Washington University,U2Nob29sLTExODQ=,WA,VGVhY2hlci00NTk5MDA=,459900,Ron,Helms,Sociology,3.6,2.4,65.6716,131,https://www.ratemyprofessors.com/professor/459900
12,Western Washington University,U2Nob29sLTExODQ=,WA,VGVhY2hlci0xOTczNzIy,1973722,Charles,Barnhart,Environmental Studies,4.7,2.2,90.566,55,https://www.ratemyprofessors.com/professor/1973722
12,Western Washington University,U2Nob29sLTExODQ=,WA,VGVhY2hlci0xOTc3NDYx,1977461,Laura,Camacho,Music,3.9,1.5,50,15,https://www.ratemyprofessors.com/professor/1977461
12,Western Washington University,U2Nob29sLTExODQ=,WA,VGVhY2hlci0xNzg3MTcx,1787171,Cristina,De Almeida,Design,4.5,2.3,75,15,https://www.ratemyprofessors.com/professor/1787171
12,Western Washington University,U2Nob29sLTExODQ=,WA,VGVhY2hlci0zMTI3Mzc1,3127375,Sophia ,Eakins,Linguistics,2.4,2.9,22.2222,9,https://www.ratemyprofessors.com/professor/3127375
12,Western Washington University,U2Nob29sLTExODQ=,WA,VGVhY2hlci0zMTQ1MTE2,3145116,Kimi,Bryson-Reilly,Women's Studies,3.2,3.2,66.6667,6,https://www.ratemyprofessors.com/professor/3145116
12,Western Washington University,U2Nob29sLTExODQ=,WA,VGVhY2hlci0yNTY4ODcx,2568871,Heather,Cochran,Education,4.2,2,60,5,https://www.ratemyprofessors.com/professor/2568871
12,Western Washington University,U2Nob29sLTExODQ=,WA,VGVhY2hlci04MjExNDI=,821142,Emily,Borda,Chemistry,3.4,3.2,75,63,https://www.ratemyprofessors.com/professor/821142
12,Western Washington University,U2Nob29sLTExODQ=,WA,VGVhY2hlci0yMTI2OTQ2,2126946,Lori,Martindale,Women's Studies,4.5,2.3,85.7143,49,https://www.ratemyprofessors.com/professor/2126946
12,Western Washington University,U2Nob29sLTExODQ=,WA,VGVhY2hlci0yMjAwOTI2,2200926,Ethan,Bushelle,Liberal Studies,4.1,3.7,70.2128,47,https://www.ratemyprofessors.com/professor/2200926
12,Western Washington University,U2Nob29sLTExODQ=,WA,VGVhY2hlci0yMTkzNDE1,2193415,Christine,Johnston,History,4.3,2.8,88.5714,35,https://www.ratemyprofessors.com/professor/2193415
12,Western Washington University,U2Nob29sLTExODQ=,WA,VGVhY2hlci0yMzQ4NDA1,2348405,Thanh,Le,Physics amp Astronomy,4.2,2.9,72.2222,18,https://www.ratemyprofessors.com/professor/2348405
12,Western Washington University,U2Nob29sLTExODQ=,WA,VGVhY2hlci0yODU2MDI0,2856024,Noam,Dorr,English,3.6,1.7,60,15,https://www.ratemyprofessors.com/professor/2856024
12,Western Washington University,U2Nob29sLTExODQ=,WA,VGVhY2hlci0yNjg4MzI3,2688327,Jaci,Sheer,Biology,2.3,4.9,28.5714,15,https://www.ratemyprofessors.com/professor/2688327
12,Western Washington University,U2Nob29sLTExODQ=,WA,VGVhY2hlci0yODkzNzcw,2893770,Laura,Pillay,Biology,3.3,4,60,10,https://www.ratemyprofessors.com/professor/2893770
12,Western Washington University,U2Nob29sLTExODQ=,WA,VGVhY2hlci0yMzkxMTA4,2391108,Debi,Hanuscin,Science,5,2.6,100,9,https://www.ratemyprofessors.com/professor/2391108
12,Western Washington University,U2Nob29sLTExODQ=,WA,VGVhY2hlci0yOTUyNDU0,2952454,Jennifer ,McFall,Mathematics,5,1.8,100,6,https://www.ratemyprofessors.com/professor/2952454
12,Western Washington University,U2Nob29sLTExODQ=,WA,VGVhY2hlci0yMjg3Nzgx,2287781,Tanh,Le,Physics,3.5,3,50,4,https://www.ratemyprofessors.com/professor/2287781
12,Western Washington University,U2Nob29sLTExODQ=,WA,VGVhY2hlci0zMTM0Mjkx,3134291,Lara,Merriam-Smith,Business,5,1.7,100,3,https://www.ratemyprofessors.com/professor/3134291
12,Western Washington University,U2Nob29sLTExODQ=,WA,VGVhY2hlci0zMTU4NjMx,3158631,Marianne,Sebastian,Foreign Languages & Literature,5,2.5,100,2,https://www.ratemyprofessors.com/professor/3158631
12,Western Washington University,U2Nob29sLTExODQ=,WA,VGVhY2hlci0yMDgzNDA2,2083406,Christian ,Lee,Philosophy,2.4,4,31.3433,136,https://www.ratemyprofessors.com/professor/2083406
12,Western Washington University,U2Nob29sLTExODQ=,WA,VGVhY2hlci05MzY0OTI=,936492,Cynthia,Horne,Political Science,3.6,3.9,51.3514,76,https://www.ratemyprofessors.com/professor/936492
12,Western Washington University,U2Nob29sLTExODQ=,WA,VGVhY2hlci0xMjkzODc4,1293878,Simon,McGuire,English,3.3,2.1,53.3333,64,https://www.ratemyprofessors.com/professor/1293878
12,Western Washington University,U2Nob29sLTExODQ=,WA,VGVhY2hlci0yMzAyOTgz,2302983,Qiang,Hao,Computer Science,4.3,3.5,83.3333,36,https://www.ratemyprofessors.com/professor/2302983
12,Western Washington University,U2Nob29sLTExODQ=,WA,VGVhY2hlci0zMDQzOTUz,3043953,Eddy,Troy,English,4.6,2.6,94.7368,19,https://www.ratemyprofessors.com/professor/3043953
12,Western Washington University,U2Nob29sLTExODQ=,WA,VGVhY2hlci0yNzU5OTU5,2759959,Catherine,Skrzypinski,Journalism,5,1.9,100,7,https://www.ratemyprofessors.com/professor/2759959
12,Western Washington University,U2Nob29sLTExODQ=,WA,VGVhY2hlci0zMDAzMjMw,3003230,Caitlin,Roach-Orduña,English,2.3,2.2,33.3333,6,https://www.ratemyprofessors.com/professor/3003230
12,Western Washington University,U2Nob29sLTExODQ=,WA,VGVhY2hlci0zMDg5MzU5,3089359,Lila,Goldman,Mathematics,5,3,100,4,https://www.ratemyprofessors.com/professor/3089359
12,Western Washington University,U2Nob29sLTExODQ=,WA,VGVhY2hlci0xMzI0Mw==,13243,Frances,Howard-Snyder,Philosophy,2.5,3,52.2727,117,https://www.ratemyprofessors.com/professor/13243
12,Western Washington University,U2Nob29sLTExODQ=,WA,VGVhY2hlci0xOTA1NDU1,1905455,Jerry,Ek,Anthropology,4.4,2.6,83.1461,107,https://www.ratemyprofessors.com/professor/1905455
12,Western Washington University,U2Nob29sLTExODQ=,WA,VGVhY2hlci0yMTg2MzM3,2186337,Tom,Marley,Mathematics,3.4,3.6,64.1304,92,https://www.ratemyprofessors.com/professor/2186337
12,Western Washington University,U2Nob29sLTExODQ=,WA,VGVhY2hlci05MzAzODQ=,930384,Julie,Dugger,English,3.7,3.2,62,80,https://www.ratemyprofessors.com/professor/930384
12,Western Washington University,U2Nob29sLTExODQ=,WA,VGVhY2hlci00NDE1OTI=,441592,Jianglong,Wang,Communication,3.3,2.9,37.931,47,https://www.ratemyprofessors.com/professor/441592
12,Western Washington University,U2Nob29sLTExODQ=,WA,VGVhY2hlci0yMTc4MTQ4,2178148,Annie,Riggs,Psychology,3.8,3.1,72.5,40,https://www.ratemyprofessors.com/professor/2178148
12,Western Washington University,U2Nob29sLTExODQ=,WA,VGVhY2hlci00MjAyNjc=,420267,Michael,Karlberg,Communication,4.1,3.3,76.4706,30,https://www.ratemyprofessors.com/professor/420267
12,Western Washington University,U2Nob29sLTExODQ=,WA,VGVhY2hlci0yOTY1MDI5,2965029,Yadong,Ji,Communication,4.1,3,78.5714,28,https://www.ratemyprofessors.com/professor/2965029
12,Western Washington University,U2Nob29sLTExODQ=,WA,VGVhY2hlci0xMzc1ODkw,1375890,Larry,Symmons,Psychology,4.1,2.5,70.5882,19,https://www.ratemyprofessors.com/professor/1375890
12,Western Washington University,U2Nob29sLTExODQ=,WA,VGVhY2hlci0yNDYzNjg1,2463685,Travis,Cram,Communication,3.3,4.1,53.3333,15,https://www.ratemyprofessors.com/professor/2463685
12,Western Washington University,U2Nob29sLTExODQ=,WA,VGVhY2hlci0yNjc0MjIx,2674221,Emi,Bushelle,Multicultural Studies,2.8,3.8,36.3636,11,https://www.ratemyprofessors.com/professor/2674221
12,Western Washington University,U2Nob29sLTExODQ=,WA,VGVhY2hlci0yMDQ4MTgy,2048182,Brennan,Gilbert,Psychology,5,2.3,100,4,https://www.ratemyprofessors.com/professor/2048182
12,Western Washington University,U2Nob29sLTExODQ=,WA,VGVhY2hlci0xMzU4MTQ=,135814,Edward,Vajda,Modern and Classical Languages,4.7,2.7,92.5926,189,https://www.ratemyprofessors.com/professor/135814
12,Western Washington University,U2Nob29sLTExODQ=,WA,VGVhY2hlci0xMzY1NTY=,136556,T.H. (Butch),Kamena,Political Science,4.3,2.6,93.5484,96,https://www.ratemyprofessors.com/professor/136556
12,Western Washington University,U2Nob29sLTExODQ=,WA,VGVhY2hlci0yMzQ3NTU4,2347558,Zander,Albertson,Environmental Studies,4.3,3.2,85.3659,82,https://www.ratemyprofessors.com/professor/2347558
12,Western Washington University,U2Nob29sLTExODQ=,WA,VGVhY2hlci0xNjAwNzA=,160070,Mike,Medler,Geography,3.2,2.5,76.1905,48,https://www.ratemyprofessors.com/professor/160070
12,Western Washington University,U2Nob29sLTExODQ=,WA,VGVhY2hlci0yMzUyODU0,2352854,Brian,Thomas,Political Science,1.6,3.6,12.5,32,https://www.ratemyprofessors.com/professor/2352854
12,Western Washington University,U2Nob29sLTExODQ=,WA,VGVhY2hlci0yNjIyMzU5,2622359,Lindsey,Genut,Engineering,1.3,1,0,4,https://www.ratemyprofessors.com/professor/2622359
12,Western Washington University,U2Nob29sLTExODQ=,WA,VGVhY2hlci02NDU4NjQ=,645864,Shurla,Thibou,Women's Studies,2.8,3.1,33.9806,155,https://www.ratemyprofessors.com/professor/645864
12,Western Washington University,U2Nob29sLTExODQ=,WA,VGVhY2hlci05Mjk1Mzk=,929539,Deepinder,Bajwa,Management,2.3,3.6,17.6471,37,https://www.ratemyprofessors.com/professor/929539
12,Western Washington University,U2Nob29sLTExODQ=,WA,VGVhY2hlci0yMTEyNzM3,2112737,Nabil,Kamel,Environmental Studies,3.7,3.3,66.6667,19,https://www.ratemyprofessors.com/professor/2112737
12,Western Washington University,U2Nob29sLTExODQ=,WA,VGVhY2hlci0yOTQ5MDQ0,2949044,Tammi,Laninga,Environmental Science,5,2.5,100,4,https://www.ratemyprofessors.com/professor/2949044
12,Western Washington University,U2Nob29sLTExODQ=,WA,VGVhY2hlci0xMDA4OTAy,1008902,Rae Lynn,Schwartz-Dupre,Communication,4.2,3.1,86,76,https://www.ratemyprofessors.com/professor/1008902
12,Western Washington University,U2Nob29sLTExODQ=,WA,VGVhY2hlci0zNDAxNjM=,340163,Daniel,Howard-Snyder,Philosophy,2.7,3.6,40.2439,208,https://www.ratemyprofessors.com/professor/340163
12,Western Washington University,U2Nob29sLTExODQ=,WA,VGVhY2hlci03MTc2NjY=,717666,Ryan,Wasserman,Philosophy,4.5,2.4,87.8788,81,https://www.ratemyprofessors.com/professor/717666
12,Western Washington University,U2Nob29sLTExODQ=,WA,VGVhY2hlci0zMTI0Njkw,3124690,Albert,Roquejo,Classics,3.8,2,75,4,https://www.ratemyprofessors.com/professor/3124690
12,Western Washington University,U2Nob29sLTExODQ=,WA,VGVhY2hlci0zMTU0NjQz,3154643,Steven,Chen,Finance,3,4,50,2,https://www.ratemyprofessors.com/professor/3154643
12,Western Washington University,U2Nob29sLTExODQ=,WA,VGVhY2hlci01ODkxMDc=,589107,Earl,Benson,Finance,1.6,4.5,14.2857,76,https://www.ratemyprofessors.com/professor/589107
12,Western Washington University,U2Nob29sLTExODQ=,WA,VGVhY2hlci0yMTE0MDUz,2114053,Richard,Simon,Interdisciplinary Studies,3.6,3,64.7059,39,https://www.ratemyprofessors.com/professor/2114053
12,Western Washington University,U2Nob29sLTExODQ=,WA,VGVhY2hlci0yNTM3Mjk1,2537295,Jay,McCarty,Chemistry,4.1,3.3,75,12,https://www.ratemyprofessors.com/professor/2537295
12,Western Washington University,U2Nob29sLTExODQ=,WA,VGVhY2hlci0zMDc5MDc2,3079076,Christopher ,O'Dell,Mathematics,3,3.7,33.3333,3,https://www.ratemyprofessors.com/professor/3079076
12,Western Washington University,U2Nob29sLTExODQ=,WA,VGVhY2hlci0xNjY5MjE=,166921,Grant,Donnellan,Music,3.9,2.1,38.4615,80,https://www.ratemyprofessors.com/professor/166921
12,Western Washington University,U2Nob29sLTExODQ=,WA,VGVhY2hlci0yMzg4NjM4,2388638,Rebekah,Paci-Green,Environmental Studies,3.7,4.2,47.3684,19,https://www.ratemyprofessors.com/professor/2388638
12,Western Washington University,U2Nob29sLTExODQ=,WA,VGVhY2hlci0xODAxNTE4,1801518,James,Helfield,Environmental Studies,4.8,2.1,100,19,https://www.ratemyprofessors.com/professor/1801518
12,Western Washington University,U2Nob29sLTExODQ=,WA,VGVhY2hlci0xMjk0OTY4,1294968,David,Suprak,Exercise & Rehab Sciences,4.7,2.6,100,14,https://www.ratemyprofessors.com/professor/1294968
12,Western Washington University,U2Nob29sLTExODQ=,WA,VGVhY2hlci0xNjAwNjg=,160068,Mick,Cunningham,Sociology,3.5,3.2,47.8261,46,https://www.ratemyprofessors.com/professor/160068
12,Western Washington University,U2Nob29sLTExODQ=,WA,VGVhY2hlci0yMDkyMDY0,2092064,Hanmei,Chen,Accounting,3,3.8,52.381,22,https://www.ratemyprofessors.com/professor/2092064
12,Western Washington University,U2Nob29sLTExODQ=,WA,VGVhY2hlci0zMDgwNzQx,3080741,Anthony,Celaya,English,4.6,2,100,5,https://www.ratemyprofessors.com/professor/3080741
12,Western Washington University,U2Nob29sLTExODQ=,WA,VGVhY2hlci03NjEzMjg=,761328,Shawn,Knabb,Economics,4.3,2.4,89.2308,108,https://www.ratemyprofessors.com/professor/761328
12,Western Washington University,U2Nob29sLTExODQ=,WA,VGVhY2hlci0xNjAwNzE=,160071,Andy,Bach,Geography,4.4,2.5,90.7407,87,https://www.ratemyprofessors.com/professor/160071
12,Western Washington University,U2Nob29sLTExODQ=,WA,VGVhY2hlci0yOTEyNTIx,2912521,Morgan,Widden,Business,4.1,1.4,81.25,16,https://www.ratemyprofessors.com/professor/2912521
12,Western Washington University,U2Nob29sLTExODQ=,WA,VGVhY2hlci0xNzk5NzE1,1799715,Lisa,Spicer,Anthropology,3.6,2.7,100,6,https://www.ratemyprofessors.com/professor/1799715
12,Western Washington University,U2Nob29sLTExODQ=,WA,VGVhY2hlci00NDE0NjE=,441461,Jeanne,Yeasting,English,3.1,2.3,50,58,https://www.ratemyprofessors.com/professor/441461
12,Western Washington University,U2Nob29sLTExODQ=,WA,VGVhY2hlci0yMzA2ODIy,2306822,Myron,Shekelle,Anthropology,2,3.3,24.5283,53,https://www.ratemyprofessors.com/professor/2306822
12,Western Washington University,U2Nob29sLTExODQ=,WA,VGVhY2hlci0zMDIwMDY5,3020069,Jose,Orduna,English,3,2.4,57.1429,7,https://www.ratemyprofessors.com/professor/3020069
12,Western Washington University,U2Nob29sLTExODQ=,WA,VGVhY2hlci0yOTkxMjQ4,2991248,Nicole,Torres,Human Services,3,2.7,50,3,https://www.ratemyprofessors.com/professor/2991248
12,Western Washington University,U2Nob29sLTExODQ=,WA,VGVhY2hlci0zMDQ3MTEz,3047113,Fouzia,Awan,Economics,1,3,0,1,https://www.ratemyprofessors.com/professor/3047113
12,Western Washington University,U2Nob29sLTExODQ=,WA,VGVhY2hlci0xODUxODYw,1851860,Sharon,Shewmake,Economics,4.5,2.7,92.5,48,https://www.ratemyprofessors.com/professor/1851860
12,Western Washington University,U2Nob29sLTExODQ=,WA,VGVhY2hlci0yMTc5NDg2,2179486,Michael,Wolff,Political Science,4.3,2.9,87.8049,41,https://www.ratemyprofessors.com/professor/2179486
12,Western Washington University,U2Nob29sLTExODQ=,WA,VGVhY2hlci0yNTc0ODc2,2574876,Rudy,Alamillo,Political Science,5,2.2,100,25,https://www.ratemyprofessors.com/professor/2574876
12,Western Washington University,U2Nob29sLTExODQ=,WA,VGVhY2hlci0xMTgyMjY4,1182268,Sandra,Alfers,Modern and Classical Languages,4.6,3.2,100,22,https://www.ratemyprofessors.com/professor/1182268
12,Western Washington University,U2Nob29sLTExODQ=,WA,VGVhY2hlci0yODM3NDQy,2837442,Francisco,Laso,Environmental Studies,3.5,3.2,57.8947,19,https://www.ratemyprofessors.com/professor/2837442
12,Western Washington University,U2Nob29sLTExODQ=,WA,VGVhY2hlci0zMDQ0MDk5,3044099,Natalie,Breymeyer,Journalism,4.7,3.7,100,6,https://www.ratemyprofessors.com/professor/3044099
12,Western Washington University,U2Nob29sLTExODQ=,WA,VGVhY2hlci0zMTU1NDM=,315543,Cecile,Hanania,Modern and Classical Languages,4.7,2.8,92.3077,43,https://www.ratemyprofessors.com/professor/315543
12,Western Washington University,U2Nob29sLTExODQ=,WA,VGVhY2hlci0yNDY3OTY0,2467964,Daniel,Chard,History,3.9,3.2,70.7317,41,https://www.ratemyprofessors.com/professor/2467964
12,Western Washington University,U2Nob29sLTExODQ=,WA,VGVhY2hlci00MjM2NDE=,423641,Paqui,Paredes,Modern and Classical Languages,4.9,3.2,100,30,https://www.ratemyprofessors.com/professor/423641
12,Western Washington University,U2Nob29sLTExODQ=,WA,VGVhY2hlci0yOTYyOTg1,2962985,Breann,Goosmann,History,3.5,3.2,50,18,https://www.ratemyprofessors.com/professor/2962985
12,Western Washington University,U2Nob29sLTExODQ=,WA,VGVhY2hlci0yNTQ2NDEy,2546412,Jenny,Forsythe,Foreign Languages & Literature,2.7,2.5,38.8889,18,https://www.ratemyprofessors.com/professor/2546412
12,Western Washington University,U2Nob29sLTExODQ=,WA,VGVhY2hlci0xOTIzNDE1,1923415,Roger,Thompson,History,3.4,3.3,40,15,https://www.ratemyprofessors.com/professor/1923415
12,Western Washington University,U2Nob29sLTExODQ=,WA,VGVhY2hlci0yMzgxMDQy,2381042,Judi,Wise,Journalism,2.1,1.9,14.2857,7,https://www.ratemyprofessors.com/professor/2381042
12,Western Washington University,U2Nob29sLTExODQ=,WA,VGVhY2hlci0yOTE0NDg2,2914486,Deborah,Glosser,Engineering,3.3,3,50,4,https://www.ratemyprofessors.com/professor/2914486
12,Western Washington University,U2Nob29sLTExODQ=,WA,VGVhY2hlci0yOTkwNzI5,2990729,Chris,Templeton,Biology,3.7,3,66.6667,3,https://www.ratemyprofessors.com/professor/2990729
12,Western Washington University,U2Nob29sLTExODQ=,WA,VGVhY2hlci0yNjM3MjUw,2637250,Lindsey,Crawford,Education,1,5,0,9,https://www.ratemyprofessors.com/professor/2637250
12,Western Washington University,U2Nob29sLTExODQ=,WA,VGVhY2hlci0yNjcyODc1,2672875,Amr,Radwan,Electrical Engineering & Computer Science,4.1,2.7,100,7,https://www.ratemyprofessors.com/professor/2672875
12,Western Washington University,U2Nob29sLTExODQ=,WA,VGVhY2hlci0yOTc3MDE0,2977014,David ,Yang,Education,5,3,100,1,https://www.ratemyprofessors.com/professor/2977014
12,Western Washington University,U2Nob29sLTExODQ=,WA,VGVhY2hlci0yNjg2NDg=,268648,Laura,Laffrado,English,4.9,2.8,100,96,https://www.ratemyprofessors.com/professor/268648
12,Western Washington University,U2Nob29sLTExODQ=,WA,VGVhY2hlci03MzA4OTQ=,730894,Johann,Neem,History,4.4,3.7,71.4286,74,https://www.ratemyprofessors.com/professor/730894
12,Western Washington University,U2Nob29sLTExODQ=,WA,VGVhY2hlci0zMTExMzM=,311133,Dawn,Dietrich,English,3.5,3.2,68.75,38,https://www.ratemyprofessors.com/professor/311133
12,Western Washington University,U2Nob29sLTExODQ=,WA,VGVhY2hlci0yMzEwNzA5,2310709,Robyn,Dahl,Science,3.5,2.9,46.1538,13,https://www.ratemyprofessors.com/professor/2310709
12,Western Washington University,U2Nob29sLTExODQ=,WA,VGVhY2hlci0xOTg4MzE4,1988318,Tamara,Spira,Women's Studies,4.2,4,66.6667,18,https://www.ratemyprofessors.com/professor/1988318
12,Western Washington University,U2Nob29sLTExODQ=,WA,VGVhY2hlci00MTcwNTY=,417056,Scott,Pearce,Liberal Studies,3.4,2.9,54.1667,60,https://www.ratemyprofessors.com/professor/417056
12,Western Washington University,U2Nob29sLTExODQ=,WA,VGVhY2hlci0xNzY3NzI0,1767724,John,Antos,Chemistry,4.8,3.4,100,36,https://www.ratemyprofessors.com/professor/1767724
12,Western Washington University,U2Nob29sLTExODQ=,WA,VGVhY2hlci0yMjM3MDQ3,2237047,Armin,Rahmanisisan,Physics,3.5,4,83.3333,6,https://www.ratemyprofessors.com/professor/2237047
12,Western Washington University,U2Nob29sLTExODQ=,WA,VGVhY2hlci0yOTcxNDIy,2971422,Angela,Bell,Psychology,3,3.3,50,4,https://www.ratemyprofessors.com/professor/2971422
12,Western Washington University,U2Nob29sLTExODQ=,WA,VGVhY2hlci0xNzMwNjIx,1730621,Brooke,Love,Environmental Studies,3.4,2.7,50,15,https://www.ratemyprofessors.com/professor/1730621
12,Western Washington University,U2Nob29sLTExODQ=,WA,VGVhY2hlci0yNzg0MDY=,278406,Larry,Symons,Psychology,4.3,2.7,83.3333,148,https://www.ratemyprofessors.com/professor/278406
12,Western Washington University,U2Nob29sLTExODQ=,WA,VGVhY2hlci0yNDI4NTQx,2428541,Scott,Wehrwein,Computer Science,3.2,3.8,56.5217,69,https://www.ratemyprofessors.com/professor/2428541
12,Western Washington University,U2Nob29sLTExODQ=,WA,VGVhY2hlci0yNjgyOTM3,2682937,Shri,Mare,Computer Science,3,4.2,53.8462,13,https://www.ratemyprofessors.com/professor/2682937
12,Western Washington University,U2Nob29sLTExODQ=,WA,VGVhY2hlci0xODI0MzIx,1824321,Brett,Calhoon,Mathematics,3.4,3.5,0,6,https://www.ratemyprofessors.com/professor/1824321
12,Western Washington University,U2Nob29sLTExODQ=,WA,VGVhY2hlci0zMTA1MzU3,3105357,Anni,Kamola,English,5,2.3,75,4,https://www.ratemyprofessors.com/professor/3105357
12,Western Washington University,U2Nob29sLTExODQ=,WA,VGVhY2hlci01NzQ1Mzk=,574539,Katie,Vulic,English,4,3.6,76.4706,46,https://www.ratemyprofessors.com/professor/574539
12,Western Washington University,U2Nob29sLTExODQ=,WA,VGVhY2hlci0yNDk0OTI2,2494926,Stefania,Heim,English,4.6,3.3,85.7143,14,https://www.ratemyprofessors.com/professor/2494926
12,Western Washington University,U2Nob29sLTExODQ=,WA,VGVhY2hlci0xMTAzNjYw,1103660,Jennifer,Seltz,History,2.1,3.1,21.6216,63,https://www.ratemyprofessors.com/professor/1103660
12,Western Washington University,U2Nob29sLTExODQ=,WA,VGVhY2hlci0zMTYwOTEw,3160910,Bhaskar,Ramasubramanian,Electrical Engineering & Computer Science,5,4,100,1,https://www.ratemyprofessors.com/professor/3160910
12,Western Washington University,U2Nob29sLTExODQ=,WA,VGVhY2hlci0zMDU3Mzcx,3057371,Hope,Stoddard,English,5,2,100,1,https://www.ratemyprofessors.com/professor/3057371
12,Western Washington University,U2Nob29sLTExODQ=,WA,VGVhY2hlci0yMTk5NDkw,2199490,Kathleen,Brian,Liberal Studies,3.2,3.3,53.7313,67,https://www.ratemyprofessors.com/professor/2199490
12,Western Washington University,U2Nob29sLTExODQ=,WA,VGVhY2hlci0zMDQ3NDYw,3047460,Maura,O'Leary,Linguistics,3.6,2.9,64.2857,14,https://www.ratemyprofessors.com/professor/3047460
12,Western Washington University,U2Nob29sLTExODQ=,WA,VGVhY2hlci0xMDY0MTQ0,1064144,Amites,Sarkar,Mathematics,4.2,2.3,88.8889,24,https://www.ratemyprofessors.com/professor/1064144
12,Western Washington University,U2Nob29sLTExODQ=,WA,VGVhY2hlci0yMzgyOTky,2382992,Ann,Mann,Accounting,1.8,3.6,20,25,https://www.ratemyprofessors.com/professor/2382992
12,Western Washington University,U2Nob29sLTExODQ=,WA,VGVhY2hlci0zMTA3MDg3,3107087,Caitlin ,Orduna,English,3.5,1.8,50,4,https://www.ratemyprofessors.com/professor/3107087
12,Western Washington University,U2Nob29sLTExODQ=,WA,VGVhY2hlci0xNzI2MTU2,1726156,Jill,Davishahl,Engineering Technology,3.7,2.9,76.4706,31,https://www.ratemyprofessors.com/professor/1726156
12,Western Washington University,U2Nob29sLTExODQ=,WA,VGVhY2hlci0yOTgyNzY2,2982766,Garret,Dubofsky,Mathematics,4.9,2.3,100,15,https://www.ratemyprofessors.com/professor/2982766
12,Western Washington University,U2Nob29sLTExODQ=,WA,VGVhY2hlci0xNjAwNTU=,160055,Patrick,Buckley,Geography,2.2,2.9,17.2414,165,https://www.ratemyprofessors.com/professor/160055
12,Western Washington University,U2Nob29sLTExODQ=,WA,VGVhY2hlci0yMzE0MDEy,2314012,Brianna,Delker,Psychology,3.8,3.3,70,20,https://www.ratemyprofessors.com/professor/2314012
12,Western Washington University,U2Nob29sLTExODQ=,WA,VGVhY2hlci0yNDY4MDE3,2468017,Edward,Alden,Economics,5,3.2,100,14,https://www.ratemyprofessors.com/professor/2468017
12,Western Washington University,U2Nob29sLTExODQ=,WA,VGVhY2hlci0xNTM4OTI1,1538925,M.J.,Mosher,Anthropology,2.4,3.3,31.0345,39,https://www.ratemyprofessors.com/professor/1538925
12,Western Washington University,U2Nob29sLTExODQ=,WA,VGVhY2hlci05Mzg1NTg=,938558,Kathleen,Sandelin,Physics,3.3,2.8,57.5758,90,https://www.ratemyprofessors.com/professor/938558
12,Western Washington University,U2Nob29sLTExODQ=,WA,VGVhY2hlci0zMDQ0ODA5,3044809,Miller ,Krause,Modern and Classical Languages,5,2,-1,1,https://www.ratemyprofessors.com/professor/3044809
12,Western Washington University,U2Nob29sLTExODQ=,WA,VGVhY2hlci0zMjk1MTE=,329511,Anu,Singh-Cundy,Biology,3.9,3.5,70.5882,103,https://www.ratemyprofessors.com/professor/329511
12,Western Washington University,U2Nob29sLTExODQ=,WA,VGVhY2hlci00NzU3MTE=,475711,Sean,Murphy,Liberal Studies,3.6,4,50,85,https://www.ratemyprofessors.com/professor/475711
12,Western Washington University,U2Nob29sLTExODQ=,WA,VGVhY2hlci0xMTgzMzgw,1183380,Kim,Ragsdale,Mathematics,4.5,3.6,84.8485,56,https://www.ratemyprofessors.com/professor/1183380
12,Western Washington University,U2Nob29sLTExODQ=,WA,VGVhY2hlci00MDQwNzI=,404072,Ron,Singleton,Accounting,3.8,3.3,61.2903,54,https://www.ratemyprofessors.com/professor/404072
12,Western Washington University,U2Nob29sLTExODQ=,WA,VGVhY2hlci0yNTc4Nzg3,2578787,Paul,Bernhardt,Fine Arts,3.1,4,66.6667,12,https://www.ratemyprofessors.com/professor/2578787
12,Western Washington University,U2Nob29sLTExODQ=,WA,VGVhY2hlci0zMDU5ODcz,3059873,Nicole ,Wood,Health Science,3,4.2,20,5,https://www.ratemyprofessors.com/professor/3059873
12,Western Washington University,U2Nob29sLTExODQ=,WA,VGVhY2hlci0zMDgwMDkz,3080093,Cory,Mathieu,Education,4,3.8,75,4,https://www.ratemyprofessors.com/professor/3080093
12,Western Washington University,U2Nob29sLTExODQ=,WA,VGVhY2hlci0yNjU1MDk4,2655098,Christopher,Hartshorne,Art,4.7,2,100,3,https://www.ratemyprofessors.com/professor/2655098
12,Western Washington University,U2Nob29sLTExODQ=,WA,VGVhY2hlci0xMDQ0NjA0,1044604,Holly,Folk,Liberal Arts & Sciences,2.5,3.7,27.2727,81,https://www.ratemyprofessors.com/professor/1044604
12,Western Washington University,U2Nob29sLTExODQ=,WA,VGVhY2hlci0xNTQ2MjI=,154622,Nancy,Pagh,English,3,3.2,34,108,https://www.ratemyprofessors.com/professor/154622
12,Western Washington University,U2Nob29sLTExODQ=,WA,VGVhY2hlci0xMTc5MzM4,1179338,Carrie,Schwarz,Biology,4.6,2.6,98.1818,84,https://www.ratemyprofessors.com/professor/1179338
12,Western Washington University,U2Nob29sLTExODQ=,WA,VGVhY2hlci0zMDc5ODky,3079892,Sean,Golden,English,3.6,2.4,62.5,8,https://www.ratemyprofessors.com/professor/3079892
12,Western Washington University,U2Nob29sLTExODQ=,WA,VGVhY2hlci0yNDA5ODg5,2409889,Meg,Warren,Management,2.2,3.7,29.7297,37,https://www.ratemyprofessors.com/professor/2409889
12,Western Washington University,U2Nob29sLTExODQ=,WA,VGVhY2hlci0zMDU2MDc5,3056079,Emily,Cadger,Art History,4.2,2.9,84.6154,13,https://www.ratemyprofessors.com/professor/3056079
12,Western Washington University,U2Nob29sLTExODQ=,WA,VGVhY2hlci0yOTc1NTEy,2975512,Jackson,Stephenson,English,4.7,2.5,91.6667,12,https://www.ratemyprofessors.com/professor/2975512
12,Western Washington University,U2Nob29sLTExODQ=,WA,VGVhY2hlci0yOTUyMjYy,2952262,Asmaa ,Boujibar,Geology,3.7,2.3,88.8889,9,https://www.ratemyprofessors.com/professor/2952262
12,Western Washington University,U2Nob29sLTExODQ=,WA,VGVhY2hlci0yOTc3NjA1,2977605,Kat,Owensby,English,5,1.8,100,4,https://www.ratemyprofessors.com/professor/2977605
12,Western Washington University,U2Nob29sLTExODQ=,WA,VGVhY2hlci0zMTAwNDY3,3100467,Lisa,Brisbois,Education,5,2,-1,1,https://www.ratemyprofessors.com/professor/3100467
12,Western Washington University,U2Nob29sLTExODQ=,WA,VGVhY2hlci0yMDg0MzE0,2084314,Beth,Schivitz,Mathematics,2.1,3.8,22.5225,119,https://www.ratemyprofessors.com/professor/2084314
12,Western Washington University,U2Nob29sLTExODQ=,WA,VGVhY2hlci0yNjc1NjQz,2675643,Virginia,Dawson,Linguistics,5,2.3,97.1429,35,https://www.ratemyprofessors.com/professor/2675643
12,Western Washington University,U2Nob29sLTExODQ=,WA,VGVhY2hlci0zMDM1MjY5,3035269,Oscar,Smith,Music,2,4.4,12.5,16,https://www.ratemyprofessors.com/professor/3035269
12,Western Washington University,U2Nob29sLTExODQ=,WA,VGVhY2hlci0yODUzMDEx,2853011,Ruby,Ben,Sociology,2.4,1.9,31.5789,19,https://www.ratemyprofessors.com/professor/2853011
12,Western Washington University,U2Nob29sLTExODQ=,WA,VGVhY2hlci0xMDUxODM5,1051839,Paul,Stangl,Environmental Studies,2.6,2.4,30.7692,35,https://www.ratemyprofessors.com/professor/1051839
12,Western Washington University,U2Nob29sLTExODQ=,WA,VGVhY2hlci0yNDY5MzQy,2469342,Eunah,Lim,Management,4.7,2.4,92.8571,14,https://www.ratemyprofessors.com/professor/2469342
12,Western Washington University,U2Nob29sLTExODQ=,WA,VGVhY2hlci0yOTY2MjM4,2966238,Liz,Chen,Mathematics,1.6,3.5,0,8,https://www.ratemyprofessors.com/professor/2966238
12,Western Washington University,U2Nob29sLTExODQ=,WA,VGVhY2hlci0yNTMwNDQw,2530440,Lourdes,Gutierrez Najera,Ethnic Studies,3.7,3,66.6667,3,https://www.ratemyprofessors.com/professor/2530440
12,Western Washington University,U2Nob29sLTExODQ=,WA,VGVhY2hlci0yNTY5NzY1,2569765,Alia,Khan,Environmental Studies,3.7,2.6,71.4286,14,https://www.ratemyprofessors.com/professor/2569765
12,Western Washington University,U2Nob29sLTExODQ=,WA,VGVhY2hlci0yMzg0MzMw,2384330,Jasmine,Goodnow,Hospitality,3,2.8,50,6,https://www.ratemyprofessors.com/professor/2384330
12,Western Washington University,U2Nob29sLTExODQ=,WA,VGVhY2hlci0zMTIzOTky,3123992,Jenny,Lam,Journalism,1,3.7,0,3,https://www.ratemyprofessors.com/professor/3123992
12,Western Washington University,U2Nob29sLTExODQ=,WA,VGVhY2hlci0zMDYwODcz,3060873,Alexandra,Nilles,Computer Science,5,3,-1,1,https://www.ratemyprofessors.com/professor/3060873
12,Western Washington University,U2Nob29sLTExODQ=,WA,VGVhY2hlci00NDE5MTU=,441915,Andrew,Boudreaux,Physics,3.5,3.1,62.5,101,https://www.ratemyprofessors.com/professor/441915
12,Western Washington University,U2Nob29sLTExODQ=,WA,VGVhY2hlci0yMDA5MjAz,2009203,Melissa,Rice,Physics  Astronomy,4.2,2.4,100,8,https://www.ratemyprofessors.com/professor/2009203
12,Western Washington University,U2Nob29sLTExODQ=,WA,VGVhY2hlci0zMTQzODAw,3143800,Liz,Stuart,Health Science,5,1.5,100,2,https://www.ratemyprofessors.com/professor/3143800
12,Western Washington University,U2Nob29sLTExODQ=,WA,VGVhY2hlci0xNDEzNjU0,1413654,Kenneth,Rines,Astronomy,2.2,4.1,19.4444,64,https://www.ratemyprofessors.com/professor/1413654
12,Western Washington University,U2Nob29sLTExODQ=,WA,VGVhY2hlci0yMjA3Mjg2,2207286,Julia,Sapin,Art History,3,3.2,46.875,33,https://www.ratemyprofessors.com/professor/2207286
12,Western Washington University,U2Nob29sLTExODQ=,WA,VGVhY2hlci0yMTE3MzAy,2117302,Joe,Gosen,Journalism,5,2.8,100,12,https://www.ratemyprofessors.com/professor/2117302
12,Western Washington University,U2Nob29sLTExODQ=,WA,VGVhY2hlci0yMTEyMTg1,2112185,Cindy,Holland,English,4,2.8,63.6364,12,https://www.ratemyprofessors.com/professor/2112185
12,Western Washington University,U2Nob29sLTExODQ=,WA,VGVhY2hlci0yODMwNDY4,2830468,David,Purnell,Communication,3.7,2.2,62.3188,69,https://www.ratemyprofessors.com/professor/2830468
12,Western Washington University,U2Nob29sLTExODQ=,WA,VGVhY2hlci0zMjkyMTM=,329213,Bernie,Housen,Geology,3.1,3.6,57.1429,38,https://www.ratemyprofessors.com/professor/329213
12,Western Washington University,U2Nob29sLTExODQ=,WA,VGVhY2hlci0yNTY0MjA1,2564205,Felicia,Youngblood,Music,4.7,1.7,90.3226,31,https://www.ratemyprofessors.com/professor/2564205
12,Western Washington University,U2Nob29sLTExODQ=,WA,VGVhY2hlci0yNTc2Mjk5,2576299,Jean,Lee,English,1.9,4.3,26.9231,26,https://www.ratemyprofessors.com/professor/2576299
12,Western Washington University,U2Nob29sLTExODQ=,WA,VGVhY2hlci0yODY0MTA1,2864105,Josh,Durias,Education,5,1.4,100,26,https://www.ratemyprofessors.com/professor/2864105
12,Western Washington University,U2Nob29sLTExODQ=,WA,VGVhY2hlci0yNTMzMjc0,2533274,Frederick,Collins,Communication,4.3,1,66.6667,3,https://www.ratemyprofessors.com/professor/2533274
12,Western Washington University,U2Nob29sLTExODQ=,WA,VGVhY2hlci0yODg0Nzc3,2884777,Jose,Roach Orduna,English,0,0,-1,0,https://www.ratemyprofessors.com/professor/2884777
12,Western Washington University,U2Nob29sLTExODQ=,WA,VGVhY2hlci0xMzcxMzAz,1371303,Kimberly,Lynn,Liberal Studies,3.4,3.4,25,43,https://www.ratemyprofessors.com/professor/1371303
12,Western Washington University,U2Nob29sLTExODQ=,WA,VGVhY2hlci0yNTc3MjM5,2577239,Lindsey,Smith,Foreign Languages & Literature,4.7,3,90,10,https://www.ratemyprofessors.com/professor/2577239
12,Western Washington University,U2Nob29sLTExODQ=,WA,VGVhY2hlci0yMzMzODk4,2333898,Candice,Styer,Education,3.6,3,85.7143,7,https://www.ratemyprofessors.com/professor/2333898
12,Western Washington University,U2Nob29sLTExODQ=,WA,VGVhY2hlci0xMTE1MjY3,1115267,Mark,Peyron,Chemistry,4.1,3.3,16.6667,104,https://www.ratemyprofessors.com/professor/1115267
12,Western Washington University,U2Nob29sLTExODQ=,WA,VGVhY2hlci0yNzcyMTI4,2772128,Jennifer,McFall,Education,5,1.5,100,10,https://www.ratemyprofessors.com/professor/2772128
12,Western Washington University,U2Nob29sLTExODQ=,WA,VGVhY2hlci0yNjg0NDkw,2684490,Tan,See-Mong,Computer Science,4.1,4.1,78.5714,42,https://www.ratemyprofessors.com/professor/2684490
12,Western Washington University,U2Nob29sLTExODQ=,WA,VGVhY2hlci0yMzU2NjMy,2356632,Matthew,Zinkgraf,Biology,3,3.8,52.6316,19,https://www.ratemyprofessors.com/professor/2356632
12,Western Washington University,U2Nob29sLTExODQ=,WA,VGVhY2hlci0xNDIxODEz,1421813,Babafemi,Akinrinade,Interdisciplinary Studies,4.6,4,87.5,12,https://www.ratemyprofessors.com/professor/1421813
12,Western Washington University,U2Nob29sLTExODQ=,WA,VGVhY2hlci0xMTc5MTg3,1179187,Stephanie,Treneer,Mathematics,3.5,3.7,50,38,https://www.ratemyprofessors.com/professor/1179187
12,Western Washington University,U2Nob29sLTExODQ=,WA,VGVhY2hlci0yOTEzMTQ1,2913145,Pamela,Sampel,Business,5,1,100,2,https://www.ratemyprofessors.com/professor/2913145
12,Western Washington University,U2Nob29sLTExODQ=,WA,VGVhY2hlci0xMjE4Mzc0,1218374,Tony,Prichard,English,3.7,2.3,82.2222,124,https://www.ratemyprofessors.com/professor/1218374
12,Western Washington University,U2Nob29sLTExODQ=,WA,VGVhY2hlci0yOTcxNDIx,2971421,Tania,Douglas,Seminars,3.8,1.7,63.6364,11,https://www.ratemyprofessors.com/professor/2971421
12,Western Washington University,U2Nob29sLTExODQ=,WA,VGVhY2hlci0yMzQ2NDc1,2346475,Jane,Wong,English,4.9,2.6,100,18,https://www.ratemyprofessors.com/professor/2346475
12,Western Washington University,U2Nob29sLTExODQ=,WA,VGVhY2hlci0yMTE0NDYx,2114461,Reid,Dorsey Palmateer,Economics,3.6,3.3,70.9677,33,https://www.ratemyprofessors.com/professor/2114461
12,Western Washington University,U2Nob29sLTExODQ=,WA,VGVhY2hlci0yNzQ5Mzkz,2749393,Nipun,Goel,Engineering,5,2,100,1,https://www.ratemyprofessors.com/professor/2749393
12,Western Washington University,U2Nob29sLTExODQ=,WA,VGVhY2hlci0yMzE3NzQ5,2317749,Mauricio,Araniva,Spanish,3.1,4,47.8261,23,https://www.ratemyprofessors.com/professor/2317749
12,Western Washington University,U2Nob29sLTExODQ=,WA,VGVhY2hlci03MjM4NjI=,723862,Chuck,Lambert,Education,4.1,2.9,100,14,https://www.ratemyprofessors.com/professor/723862
12,Western Washington University,U2Nob29sLTExODQ=,WA,VGVhY2hlci0xNDgyNDk1,1482495,Todd,Smith,Music,4.2,1.8,80.597,88,https://www.ratemyprofessors.com/professor/1482495
12,Western Washington University,U2Nob29sLTExODQ=,WA,VGVhY2hlci0xMzY1ODM=,136583,Peter,Diehl,History,3.5,3.2,42.3077,86,https://www.ratemyprofessors.com/professor/136583
12,Western Washington University,U2Nob29sLTExODQ=,WA,VGVhY2hlci0yNjkzMTk0,2693194,Samir,Abdelhrman,Chemistry,3.8,3.3,63.1579,19,https://www.ratemyprofessors.com/professor/2693194
12,Western Washington University,U2Nob29sLTExODQ=,WA,VGVhY2hlci0yNzQ3NDUw,2747450,Emily,Roland,Geology,3.5,2.7,69.2308,13,https://www.ratemyprofessors.com/professor/2747450
12,Western Washington University,U2Nob29sLTExODQ=,WA,VGVhY2hlci0yNzc1Mzkx,2775391,Sam,Kastner,Environmental Science,5,2.9,100,10,https://www.ratemyprofessors.com/professor/2775391
12,Western Washington University,U2Nob29sLTExODQ=,WA,VGVhY2hlci0yOTk4NTQ2,2998546,Owen,Bradford,Mathematics,2,4,33.3333,3,https://www.ratemyprofessors.com/professor/2998546
12,Western Washington University,U2Nob29sLTExODQ=,WA,VGVhY2hlci0xMTY3MDc0,1167074,Serge,Smirnov,Chemistry,2.8,3.9,75,59,https://www.ratemyprofessors.com/professor/1167074
12,Western Washington University,U2Nob29sLTExODQ=,WA,VGVhY2hlci03MTg1NDg=,718548,Peggy,Watt,Journalism,3.3,3.5,60.8696,48,https://www.ratemyprofessors.com/professor/718548
12,Western Washington University,U2Nob29sLTExODQ=,WA,VGVhY2hlci05MDg5OTc=,908997,Brian,Hutchinson,Computer Science,4.6,3.7,100,31,https://www.ratemyprofessors.com/professor/908997
12,Western Washington University,U2Nob29sLTExODQ=,WA,VGVhY2hlci0xMjIxOTQx,1221941,Clint,Spiegel,Chemistry,4.2,3.7,85,27,https://www.ratemyprofessors.com/professor/1221941
12,Western Washington University,U2Nob29sLTExODQ=,WA,VGVhY2hlci0zMDMzMjMw,3033230,Aristos ,Hudson,Economics,2.5,2.7,42.1053,19,https://www.ratemyprofessors.com/professor/3033230
12,Western Washington University,U2Nob29sLTExODQ=,WA,VGVhY2hlci0yNDU2MzUw,2456350,Mariana,Smit Vega Garcia,Mathematics,4.9,3.3,100,20,https://www.ratemyprofessors.com/professor/2456350
12,Western Washington University,U2Nob29sLTExODQ=,WA,VGVhY2hlci0yNDA1NTc5,2405579,Alexander,William Egner,Design,3.3,3.4,41.6667,12,https://www.ratemyprofessors.com/professor/2405579
12,Western Washington University,U2Nob29sLTExODQ=,WA,VGVhY2hlci03MzA2MjQ=,730624,Alyson,Rollins,Anthropology,4.5,2.8,90.8163,206,https://www.ratemyprofessors.com/professor/730624
12,Western Washington University,U2Nob29sLTExODQ=,WA,VGVhY2hlci0yODEwNDk=,281049,Patrick,Roulet,Music,3.9,2,58.8235,40,https://www.ratemyprofessors.com/professor/281049
12,Western Washington University,U2Nob29sLTExODQ=,WA,VGVhY2hlci0yNTQyODI2,2542826,Jennifer,McCabe,Psychology,3.1,2.7,48.5714,35,https://www.ratemyprofessors.com/professor/2542826
12,Western Washington University,U2Nob29sLTExODQ=,WA,VGVhY2hlci02MDUxOTg=,605198,Michael,Flittie,Decision Sciences,4.3,2.9,88.8889,27,https://www.ratemyprofessors.com/professor/605198
12,Western Washington University,U2Nob29sLTExODQ=,WA,VGVhY2hlci0yMTkxNDc0,2191474,Jiexun,LI,Business,2.4,3.8,50,8,https://www.ratemyprofessors.com/professor/2191474
12,Western Washington University,U2Nob29sLTExODQ=,WA,VGVhY2hlci0yMTIxNzMz,2121733,Shameem,Ahmed,Computer Science,3.6,3.3,70.3704,28,https://www.ratemyprofessors.com/professor/2121733
12,Western Washington University,U2Nob29sLTExODQ=,WA,VGVhY2hlci0xOTg3NzU1,1987755,Andrew,Berget,Mathematics,4.3,3.2,81.25,22,https://www.ratemyprofessors.com/professor/1987755
12,Western Washington University,U2Nob29sLTExODQ=,WA,VGVhY2hlci0xMzg3MDI4,1387028,Cyndie,Shepard,Education,3.3,2.1,50,18,https://www.ratemyprofessors.com/professor/1387028
12,Western Washington University,U2Nob29sLTExODQ=,WA,VGVhY2hlci0yMzQzOTgw,2343980,Jeanine,Amacher,Chemistry,4.3,3.3,83.3333,12,https://www.ratemyprofessors.com/professor/2343980
12,Western Washington University,U2Nob29sLTExODQ=,WA,VGVhY2hlci0zMTM4MjY0,3138264,Owen,Montfisher,Mathematics,4.5,2.5,100,2,https://www.ratemyprofessors.com/professor/3138264
12,Western Washington University,U2Nob29sLTExODQ=,WA,VGVhY2hlci0yMzUxMzM0,2351334,Kelli,Evans,Communication Disorders,4.6,2,90.4762,21,https://www.ratemyprofessors.com/professor/2351334
12,Western Washington University,U2Nob29sLTExODQ=,WA,VGVhY2hlci0xODU0NDU0,1854454,John,Lund,Engineering Technology,4.8,2.2,100,17,https://www.ratemyprofessors.com/professor/1854454
12,Western Washington University,U2Nob29sLTExODQ=,WA,VGVhY2hlci0yNjIzODE4,2623818,Kameron,Harris,Computer Science,4.5,4.1,84.6154,13,https://www.ratemyprofessors.com/professor/2623818
12,Western Washington University,U2Nob29sLTExODQ=,WA,VGVhY2hlci0xMDMwNjEy,1030612,Ronald,Oertel,Economics,4.6,2.5,100,146,https://www.ratemyprofessors.com/professor/1030612
12,Western Washington University,U2Nob29sLTExODQ=,WA,VGVhY2hlci0yNjcxNjM=,267163,Kristi,Lemm,Psychology,4.5,2.7,84.6154,77,https://www.ratemyprofessors.com/professor/267163
12,Western Washington University,U2Nob29sLTExODQ=,WA,VGVhY2hlci0xOTkwODEx,1990811,Hunter,Price,History,4,3.4,69.3548,73,https://www.ratemyprofessors.com/professor/1990811
12,Western Washington University,U2Nob29sLTExODQ=,WA,VGVhY2hlci0xOTM0Nzc0,1934774,Anna,Ciao,Psychology,4.7,2.8,88.3721,54,https://www.ratemyprofessors.com/professor/1934774
12,Western Washington University,U2Nob29sLTExODQ=,WA,VGVhY2hlci03MDAzODc=,700387,David,Rossiter,Geography,4.6,2.2,88.0952,64,https://www.ratemyprofessors.com/professor/700387
12,Western Washington University,U2Nob29sLTExODQ=,WA,VGVhY2hlci0xMDYzMjg5,1063289,Andrew,Bunn,Environmental Studies,4.4,3.3,84.2105,28,https://www.ratemyprofessors.com/professor/1063289
12,Western Washington University,U2Nob29sLTExODQ=,WA,VGVhY2hlci0yNDEzMDk4,2413098,Betsy,O'Donovan,Journalism,4.7,4,91.6667,24,https://www.ratemyprofessors.com/professor/2413098
12,Western Washington University,U2Nob29sLTExODQ=,WA,VGVhY2hlci0yOTkzNDY1,2993465,Zhen,Chao,Mathematics,4.3,3.2,86.3636,22,https://www.ratemyprofessors.com/professor/2993465
12,Western Washington University,U2Nob29sLTExODQ=,WA,VGVhY2hlci05Mjg2OTU=,928695,Derek,Yip-Hoi,Engineering Technology,3.6,4,77.7778,19,https://www.ratemyprofessors.com/professor/928695
12,Western Washington University,U2Nob29sLTExODQ=,WA,VGVhY2hlci01MDYyMzg=,506238,Gene,Myers,Environmental Studies,3.5,3,36.3636,17,https://www.ratemyprofessors.com/professor/506238
12,Western Washington University,U2Nob29sLTExODQ=,WA,VGVhY2hlci0yMjQxMDI5,2241029,Derek,Moscato,Journalism,4.5,2.6,93.3333,15,https://www.ratemyprofessors.com/professor/2241029
12,Western Washington University,U2Nob29sLTExODQ=,WA,VGVhY2hlci0yOTg4ODY0,2988864,Tra,Huynh,Physics,4.3,2.8,75,4,https://www.ratemyprofessors.com/professor/2988864
12,Western Washington University,U2Nob29sLTExODQ=,WA,VGVhY2hlci05MzA5MTE=,930911,Bidisha,Biswas,Political Science,3.7,3.5,64.7059,71,https://www.ratemyprofessors.com/professor/930911
12,Western Washington University,U2Nob29sLTExODQ=,WA,VGVhY2hlci05OTAwMTU=,990015,Matthew,Roelofs,Economics,3.9,3.8,71.4286,59,https://www.ratemyprofessors.com/professor/990015
12,Western Washington University,U2Nob29sLTExODQ=,WA,VGVhY2hlci0yNzQ0MTY3,2744167,Micheal,Hughes,History,2.2,3.6,18.1818,11,https://www.ratemyprofessors.com/professor/2744167
12,Western Washington University,U2Nob29sLTExODQ=,WA,VGVhY2hlci0xOTg2NzY5,1986769,Jonah,White,Environmental Studies,3.5,2.5,50,10,https://www.ratemyprofessors.com/professor/1986769
12,Western Washington University,U2Nob29sLTExODQ=,WA,VGVhY2hlci0yOTkyOTIw,2992920,Jae,Fisher,Anthropology,3.3,2.3,75,4,https://www.ratemyprofessors.com/professor/2992920
12,Western Washington University,U2Nob29sLTExODQ=,WA,VGVhY2hlci0zMTAxMjYx,3101261,Margaret,Lobo,English,5,1.3,100,3,https://www.ratemyprofessors.com/professor/3101261
12,Western Washington University,U2Nob29sLTExODQ=,WA,VGVhY2hlci0xOTQwNjE1,1940615,Jimena,Berzal de Dios,Art History,4.5,2.3,86.8852,84,https://www.ratemyprofessors.com/professor/1940615
12,Western Washington University,U2Nob29sLTExODQ=,WA,VGVhY2hlci01ODYyMzM=,586233,Craig,Moyer,Biology,2.6,4,69.2308,69,https://www.ratemyprofessors.com/professor/586233
12,Western Washington University,U2Nob29sLTExODQ=,WA,VGVhY2hlci0yMTE0MzMw,2114330,Tim,Kowalczyk,Chemistry,3.9,3.5,83.3333,31,https://www.ratemyprofessors.com/professor/2114330
12,Western Washington University,U2Nob29sLTExODQ=,WA,VGVhY2hlci0xNDE0ODk4,1414898,Steven,Woods,Communication,4.5,2.1,95.2381,24,https://www.ratemyprofessors.com/professor/1414898
12,Western Washington University,U2Nob29sLTExODQ=,WA,VGVhY2hlci0yNzY2MDY2,2766066,Stephen,Winters,Accounting,3.2,2.8,62.5,9,https://www.ratemyprofessors.com/professor/2766066
12,Western Washington University,U2Nob29sLTExODQ=,WA,VGVhY2hlci0xNDIyNDg4,1422488,Bernard,Housen,Geology,2.8,3.1,33.3333,7,https://www.ratemyprofessors.com/professor/1422488
12,Western Washington University,U2Nob29sLTExODQ=,WA,VGVhY2hlci0zMTA2OTA2,3106906,Mark,Longtine,Environmental Science,4,4,100,1,https://www.ratemyprofessors.com/professor/3106906
12,Western Washington University,U2Nob29sLTExODQ=,WA,VGVhY2hlci0xODUwNDg0,1850484,Kamarie,Chapman,Theater,3.4,2.5,77.8846,135,https://www.ratemyprofessors.com/professor/1850484
12,Western Washington University,U2Nob29sLTExODQ=,WA,VGVhY2hlci0yNDA3MzYw,2407360,Antonya,Gonzalez,Psychology,3.3,3.4,50,20,https://www.ratemyprofessors.com/professor/2407360
12,Western Washington University,U2Nob29sLTExODQ=,WA,VGVhY2hlci0yODg2ODcx,2886871,Nipun,Goel,Interdisciplinary Studies,2.5,3.8,25,4,https://www.ratemyprofessors.com/professor/2886871
12,Western Washington University,U2Nob29sLTExODQ=,WA,VGVhY2hlci0yNzYyNDk1,2762495,Eli,Schille-Hudson,Music,4.3,3,66.6667,3,https://www.ratemyprofessors.com/professor/2762495
12,Western Washington University,U2Nob29sLTExODQ=,WA,VGVhY2hlci0yODIzMzU5,2823359,Ted,Thornhill,Human Services,5,3,100,2,https://www.ratemyprofessors.com/professor/2823359
12,Western Washington University,U2Nob29sLTExODQ=,WA,VGVhY2hlci0yNDQyMTg=,244218,Keith,Craswell,Mathematics,2.6,3.6,50,23,https://www.ratemyprofessors.com/professor/244218
12,Western Washington University,U2Nob29sLTExODQ=,WA,VGVhY2hlci0yNjQ3Njc1,2647675,Daniel,Picus,Humanities,4.1,3.7,73.913,23,https://www.ratemyprofessors.com/professor/2647675
12,Western Washington University,U2Nob29sLTExODQ=,WA,VGVhY2hlci0yODU1MjQ2,2855246,Paul,Bain,Music,4.5,1.8,100,4,https://www.ratemyprofessors.com/professor/2855246
12,Western Washington University,U2Nob29sLTExODQ=,WA,VGVhY2hlci0yNzM1NjI2,2735626,Melanie,Bowers,Political Science,4.3,3.1,81.8182,22,https://www.ratemyprofessors.com/professor/2735626
12,Western Washington University,U2Nob29sLTExODQ=,WA,VGVhY2hlci00MjM1Mjk=,423529,Todd,Donovan,Political Science,4.2,2.2,88,89,https://www.ratemyprofessors.com/professor/423529
12,Western Washington University,U2Nob29sLTExODQ=,WA,VGVhY2hlci05MjkyNDc=,929247,Jianying,Zhang,Mathematics,3.4,2.8,65.1163,58,https://www.ratemyprofessors.com/professor/929247
12,Western Washington University,U2Nob29sLTExODQ=,WA,VGVhY2hlci0yODEyMzYy,2812362,Annie,Gort,Mathematics,1.5,4.3,11.5385,26,https://www.ratemyprofessors.com/professor/2812362
12,Western Washington University,U2Nob29sLTExODQ=,WA,VGVhY2hlci0xNTAwMTY2,1500166,Kimberly,Markworth,Mathematics,3.8,3.9,72.7273,17,https://www.ratemyprofessors.com/professor/1500166
12,Western Washington University,U2Nob29sLTExODQ=,WA,VGVhY2hlci0yNTQyNDQ1,2542445,Gordon,Jantzen McNeel,Linguistics,4.4,2.5,90.9091,11,https://www.ratemyprofessors.com/professor/2542445
12,Western Washington University,U2Nob29sLTExODQ=,WA,VGVhY2hlci0yNTc1OTQ2,2575946,Shaun,Sowell,Psychology,2.2,1.5,33.3333,6,https://www.ratemyprofessors.com/professor/2575946
12,Western Washington University,U2Nob29sLTExODQ=,WA,VGVhY2hlci0zMDc5OTg5,3079989,Samantha,Macdonald,Psychology,5,1,100,1,https://www.ratemyprofessors.com/professor/3079989
12,Western Washington University,U2Nob29sLTExODQ=,WA,VGVhY2hlci0xNTM5MDc1,1539075,Sean,Dwyer,Foreign Languages & Literature,4.5,2.3,77.5,106,https://www.ratemyprofessors.com/professor/1539075
12,Western Washington University,U2Nob29sLTExODQ=,WA,VGVhY2hlci0xMjM3OTUw,1237950,Sheila,Webb,Journalism,2.4,3.7,28.5714,37,https://www.ratemyprofessors.com/professor/1237950
12,Western Washington University,U2Nob29sLTExODQ=,WA,VGVhY2hlci0yNzM0MTE4,2734118,Nolan,Davidson,Management,4.8,2.1,100,12,https://www.ratemyprofessors.com/professor/2734118
12,Western Washington University,U2Nob29sLTExODQ=,WA,VGVhY2hlci0xOTUxMTI3,1951127,Dipu,Gupta,Theater,2.8,3.9,57.1429,10,https://www.ratemyprofessors.com/professor/1951127
12,Western Washington University,U2Nob29sLTExODQ=,WA,VGVhY2hlci0yNjczNjY1,2673665,Kathryn,Sobocinski,Statistics,4.8,3.3,83.3333,6,https://www.ratemyprofessors.com/professor/2673665
12,Western Washington University,U2Nob29sLTExODQ=,WA,VGVhY2hlci0xMjkyNjIw,1292620,Bryce,Sasaki,Education,5,1.4,100,5,https://www.ratemyprofessors.com/professor/1292620
12,Western Washington University,U2Nob29sLTExODQ=,WA,VGVhY2hlci0zMjkyNTU=,329255,Kristin,Anderson,Sociology,3.6,3,58.3333,56,https://www.ratemyprofessors.com/professor/329255
12,Western Washington University,U2Nob29sLTExODQ=,WA,VGVhY2hlci0yNDEzMTAw,2413100,Jeff,Shaw,Journalism,4.9,2.5,100,25,https://www.ratemyprofessors.com/professor/2413100
12,Western Washington University,U2Nob29sLTExODQ=,WA,VGVhY2hlci0yNTI3ODk3,2527897,Cameron,Whitley,Sociology,4.7,2.2,94.4444,18,https://www.ratemyprofessors.com/professor/2527897
12,Western Washington University,U2Nob29sLTExODQ=,WA,VGVhY2hlci0yOTUxMTM3,2951137,Brooke,Bocast,Anthropology,2.8,1.9,22.2222,9,https://www.ratemyprofessors.com/professor/2951137
12,Western Washington University,U2Nob29sLTExODQ=,WA,VGVhY2hlci0yMjM5MDI4,2239028,Yuliya,Tverdova,Political Science,3.8,3.2,71.7949,39,https://www.ratemyprofessors.com/professor/2239028
12,Western Washington University,U2Nob29sLTExODQ=,WA,VGVhY2hlci0xMDQwMTc2,1040176,Kelly,Jantzen,Psychology,4.3,3,76.4706,36,https://www.ratemyprofessors.com/professor/1040176
12,Western Washington University,U2Nob29sLTExODQ=,WA,VGVhY2hlci01ODY3MTU=,586715,Kate,Trueblood,English,4.1,3.4,77.7778,33,https://www.ratemyprofessors.com/professor/586715
12,Western Washington University,U2Nob29sLTExODQ=,WA,VGVhY2hlci0yNDM4NjM5,2438639,Tamer,Abdelbaki,Foreign Languages & Literature,4.2,3.5,83.3333,6,https://www.ratemyprofessors.com/professor/2438639
12,Western Washington University,U2Nob29sLTExODQ=,WA,VGVhY2hlci0xODg1NzQ2,1885746,Aquila,Flower,Environmental Studies,3.8,3.4,81.25,35,https://www.ratemyprofessors.com/professor/1885746
12,Western Washington University,U2Nob29sLTExODQ=,WA,VGVhY2hlci0xOTg0NDYy,1984462,David ,Nordin,Management,3,3.3,40,27,https://www.ratemyprofessors.com/professor/1984462
12,Western Washington University,U2Nob29sLTExODQ=,WA,VGVhY2hlci0yMDgxMjMy,2081232,David,Evans,Communication Disorders,4.2,4,80,21,https://www.ratemyprofessors.com/professor/2081232
12,Western Washington University,U2Nob29sLTExODQ=,WA,VGVhY2hlci0yMjAyNzU5,2202759,Dawna,Drum,Accounting,4.3,2.7,90,20,https://www.ratemyprofessors.com/professor/2202759
12,Western Washington University,U2Nob29sLTExODQ=,WA,VGVhY2hlci0zMDY4MjA1,3068205,Xi,Wang,Environmental Studies,1.5,3.5,0,4,https://www.ratemyprofessors.com/professor/3068205
12,Western Washington University,U2Nob29sLTExODQ=,WA,VGVhY2hlci0zMDM0OTc0,3034974,Jerald,Romero,Anthropology,4,2,100,1,https://www.ratemyprofessors.com/professor/3034974
12,Western Washington University,U2Nob29sLTExODQ=,WA,VGVhY2hlci05MzM4MTY=,933816,John,McLaughlin,Environmental Studies,3.3,2.9,70,25,https://www.ratemyprofessors.com/professor/933816
12,Western Washington University,U2Nob29sLTExODQ=,WA,VGVhY2hlci0yNjc3NTcy,2677572,Jennifer,Nimtz,Mathematics,2.8,2,50,4,https://www.ratemyprofessors.com/professor/2677572
12,Western Washington University,U2Nob29sLTExODQ=,WA,VGVhY2hlci0yODYwODQ4,2860848,Gami,Diaz,Education,3,2.5,50,2,https://www.ratemyprofessors.com/professor/2860848
12,Western Washington University,U2Nob29sLTExODQ=,WA,VGVhY2hlci0yOTAzMTg=,290318,Masanori,Deguchi,Modern and Classical Languages,3.3,3.4,55.1724,75,https://www.ratemyprofessors.com/professor/290318
12,Western Washington University,U2Nob29sLTExODQ=,WA,VGVhY2hlci0yNTU3MTc1,2557175,Stephanie,Gomez,Communication,4.3,2.3,90.9091,22,https://www.ratemyprofessors.com/professor/2557175
12,Western Washington University,U2Nob29sLTExODQ=,WA,VGVhY2hlci0zOTkzODU=,399385,Stephen,McDowall,Mathematics,3.6,3.7,56,63,https://www.ratemyprofessors.com/professor/399385
12,Western Washington University,U2Nob29sLTExODQ=,WA,VGVhY2hlci0yMTg5MjU3,2189257,Sabrina,Freeman,Sociology,3.6,3,40,5,https://www.ratemyprofessors.com/professor/2189257
12,Western Washington University,U2Nob29sLTExODQ=,WA,VGVhY2hlci0yNjQ3Njg5,2647689,Tracey,Pyscher,Education,3.7,3,57.1429,7,https://www.ratemyprofessors.com/professor/2647689
12,Western Washington University,U2Nob29sLTExODQ=,WA,VGVhY2hlci0xNjA3NDY=,160746,Yvonne,Durham,Economics,3.5,4.1,53.5714,128,https://www.ratemyprofessors.com/professor/160746
12,Western Washington University,U2Nob29sLTExODQ=,WA,VGVhY2hlci0yMjMwNDk=,223049,Kristin,Denham,Linguistics,4.2,2.8,81.8182,52,https://www.ratemyprofessors.com/professor/223049
12,Western Washington University,U2Nob29sLTExODQ=,WA,VGVhY2hlci0yOTM3Mzg0,2937384,Adam,Buzzard,Mathematics,3.1,2.9,40,10,https://www.ratemyprofessors.com/professor/2937384
12,Western Washington University,U2Nob29sLTExODQ=,WA,VGVhY2hlci0xMTgwODMz,1180833,Byron,Stayskal,Classical & Medieval Studies,4.8,2,97.8261,123,https://www.ratemyprofessors.com/professor/1180833
12,Western Washington University,U2Nob29sLTExODQ=,WA,VGVhY2hlci0yMjY0ODY5,2264869,Holly,Diaz,Communication,3.7,2.1,69.5652,23,https://www.ratemyprofessors.com/professor/2264869
12,Western Washington University,U2Nob29sLTExODQ=,WA,VGVhY2hlci0yNzM3NjQ4,2737648,Lindsay,Foreman-Murray,Education,4.3,2,83.3333,6,https://www.ratemyprofessors.com/professor/2737648
12,Western Washington University,U2Nob29sLTExODQ=,WA,VGVhY2hlci0yOTg1MzMx,2985331,Emma,Chen,Education,3.4,3.2,40,5,https://www.ratemyprofessors.com/professor/2985331
12,Western Washington University,U2Nob29sLTExODQ=,WA,VGVhY2hlci0yNTIzMzkx,2523391,Nick,Galati,Biology,3.8,3.9,75,12,https://www.ratemyprofessors.com/professor/2523391
12,Western Washington University,U2Nob29sLTExODQ=,WA,VGVhY2hlci0xMTY4MTg5,1168189,Ed,Love,Marketing,4.5,3,100,26,https://www.ratemyprofessors.com/professor/1168189
12,Western Washington University,U2Nob29sLTExODQ=,WA,VGVhY2hlci0xNzY5NjAz,1769603,Charles,Patterson,Spanish,3.7,2.6,69.2308,24,https://www.ratemyprofessors.com/professor/1769603
12,Western Washington University,U2Nob29sLTExODQ=,WA,VGVhY2hlci0xNzYwNzcw,1760770,Jeanette,Wickell,Music,2.8,3.2,36.3636,18,https://www.ratemyprofessors.com/professor/1760770
12,Western Washington University,U2Nob29sLTExODQ=,WA,VGVhY2hlci0yOTA0MDc=,290407,Thor,Hansen,Geology,4.4,2.2,89.2857,134,https://www.ratemyprofessors.com/professor/290407
12,Western Washington University,U2Nob29sLTExODQ=,WA,VGVhY2hlci0zMzAxOTk=,330199,Dave,Hooper,Biology,2.8,3.6,58.3333,54,https://www.ratemyprofessors.com/professor/330199
12,Western Washington University,U2Nob29sLTExODQ=,WA,VGVhY2hlci0yNzc1ODA0,2775804,Casey,Saenger,Geology,4.4,2.7,86.6667,15,https://www.ratemyprofessors.com/professor/2775804
12,Western Washington University,U2Nob29sLTExODQ=,WA,VGVhY2hlci0zMDIxMjQw,3021240,Natalie,Furness,Environmental Studies,3.8,3.4,75,8,https://www.ratemyprofessors.com/professor/3021240
12,Western Washington University,U2Nob29sLTExODQ=,WA,VGVhY2hlci0yMDYwNDkz,2060493,Moushumi,Sharmin,Computer Science,1.9,3.7,23.6842,46,https://www.ratemyprofessors.com/professor/2060493
12,Western Washington University,U2Nob29sLTExODQ=,WA,VGVhY2hlci0xODQxMzk1,1841395,Spencer,Berger,Chemistry,4.2,3.2,81.4815,60,https://www.ratemyprofessors.com/professor/1841395
12,Western Washington University,U2Nob29sLTExODQ=,WA,VGVhY2hlci0xNjEyOTM=,161293,Midori,Takagi,Ethnic Studies,3.9,3,45.4545,39,https://www.ratemyprofessors.com/professor/161293
12,Western Washington University,U2Nob29sLTExODQ=,WA,VGVhY2hlci0zNjc3Mjc=,367727,Beth,Stickley,Education,4,2.8,60,39,https://www.ratemyprofessors.com/professor/367727
12,Western Washington University,U2Nob29sLTExODQ=,WA,VGVhY2hlci01MDEzNzk=,501379,John,Bower,Biology,3.7,2.2,57.1429,19,https://www.ratemyprofessors.com/professor/501379
12,Western Washington University,U2Nob29sLTExODQ=,WA,VGVhY2hlci0yNzkxNzU=,279175,Julia,Sapin,Fine Arts,3.6,2.7,51.1628,85,https://www.ratemyprofessors.com/professor/279175
12,Western Washington University,U2Nob29sLTExODQ=,WA,VGVhY2hlci0yMTUxMTI0,2151124,Sean,Mulcahy,Geology,4.6,2.6,100,8,https://www.ratemyprofessors.com/professor/2151124
12,Western Washington University,U2Nob29sLTExODQ=,WA,VGVhY2hlci0xODgzMTI3,1883127,Thomas,Marley,Mathematics,3.2,3.7,46.6667,23,https://www.ratemyprofessors.com/professor/1883127
12,Western Washington University,U2Nob29sLTExODQ=,WA,VGVhY2hlci01ODExMDQ=,581104,Mart,Stewart,History,2.5,4.2,29.5455,80,https://www.ratemyprofessors.com/professor/581104
12,Western Washington University,U2Nob29sLTExODQ=,WA,VGVhY2hlci0yOTEzMDgx,2913081,Jemma,Everyhope-Roser,English,5,2.3,100,3,https://www.ratemyprofessors.com/professor/2913081
12,Western Washington University,U2Nob29sLTExODQ=,WA,VGVhY2hlci0xNTQ4NzM4,1548738,Madoka,Kusakabe,Linguistics,4.8,2.9,90,31,https://www.ratemyprofessors.com/professor/1548738
12,Western Washington University,U2Nob29sLTExODQ=,WA,VGVhY2hlci0yMDU0MDYw,2054060,Brian,Stephanik,Physics,4.1,3.6,72.7273,32,https://www.ratemyprofessors.com/professor/2054060
12,Western Washington University,U2Nob29sLTExODQ=,WA,VGVhY2hlci0yOTEzNzUx,2913751,Rhiannon,Dowling ,English,5,2.3,100,6,https://www.ratemyprofessors.com/professor/2913751
12,Western Washington University,U2Nob29sLTExODQ=,WA,VGVhY2hlci01MDYyNzg=,506278,Farrokh,Safavi,Marketing,3.2,2.4,59.4595,132,https://www.ratemyprofessors.com/professor/506278
12,Western Washington University,U2Nob29sLTExODQ=,WA,VGVhY2hlci0xMzI2ODE=,132681,Amy,Carbajal,Modern and Classical Languages,4.6,3.1,85,98,https://www.ratemyprofessors.com/professor/132681
12,Western Washington University,U2Nob29sLTExODQ=,WA,VGVhY2hlci0yMjExODEw,2211810,Tejvir,Sekhon,Marketing,2.5,3.3,34.2857,35,https://www.ratemyprofessors.com/professor/2211810
12,Western Washington University,U2Nob29sLTExODQ=,WA,VGVhY2hlci0xODAxNjk5,1801699,Mark,Staton,Marketing,4.5,3,88.8889,30,https://www.ratemyprofessors.com/professor/1801699
12,Western Washington University,U2Nob29sLTExODQ=,WA,VGVhY2hlci0zMDEzMzUz,3013353,Shurla ,Rogers-Thibou,Humanities,2.2,4,30,10,https://www.ratemyprofessors.com/professor/3013353
12,Western Washington University,U2Nob29sLTExODQ=,WA,VGVhY2hlci0yMjY5MTY=,226916,Michiko,Yusa,Modern and Classical Languages,2.3,4.7,20,31,https://www.ratemyprofessors.com/professor/226916
12,Western Washington University,U2Nob29sLTExODQ=,WA,VGVhY2hlci01MDYxODM=,506183,Carol,Guess,English,4.5,1.9,100,39,https://www.ratemyprofessors.com/professor/506183
12,Western Washington University,U2Nob29sLTExODQ=,WA,VGVhY2hlci0yNzc5NTYz,2779563,Debbie,Henrichs,Humanities,1,4,0,1,https://www.ratemyprofessors.com/professor/2779563
12,Western Washington University,U2Nob29sLTExODQ=,WA,VGVhY2hlci0zNjMxOTE=,363191,Gigi,Berardi,Geography,3.5,2.5,66.6667,21,https://www.ratemyprofessors.com/professor/363191
12,Western Washington University,U2Nob29sLTExODQ=,WA,VGVhY2hlci0xMjA1NTg=,120558,Mark,Kuntz,Theater,2.9,2.5,39.0625,144,https://www.ratemyprofessors.com/professor/120558
12,Western Washington University,U2Nob29sLTExODQ=,WA,VGVhY2hlci05Mjg1ODY=,928586,Rich,Brown,Theater,3.7,3.7,50,14,https://www.ratemyprofessors.com/professor/928586
12,Western Washington University,U2Nob29sLTExODQ=,WA,VGVhY2hlci05MjY1MDE=,926501,Sophie,Kong,Finance,3.1,3.4,38.0952,49,https://www.ratemyprofessors.com/professor/926501
12,Western Washington University,U2Nob29sLTExODQ=,WA,VGVhY2hlci01NjEwODA=,561080,Steve,Emory,Chemistry,4.4,3.6,100,38,https://www.ratemyprofessors.com/professor/561080
12,Western Washington University,U2Nob29sLTExODQ=,WA,VGVhY2hlci0yMTUyMzMz,2152333,Amy,Cully,Chemistry,4.5,2.7,91.4286,35,https://www.ratemyprofessors.com/professor/2152333
12,Western Washington University,U2Nob29sLTExODQ=,WA,VGVhY2hlci0yMjQ2MTcz,2246173,Evan,Mueller,Theatre  Dance,4,3,83.3333,6,https://www.ratemyprofessors.com/professor/2246173
12,Western Washington University,U2Nob29sLTExODQ=,WA,VGVhY2hlci0yMjk0NDI0,2294424,Rodolfo,Mata,Linguistics,4.7,3.1,96.9697,33,https://www.ratemyprofessors.com/professor/2294424
12,Western Washington University,U2Nob29sLTExODQ=,WA,VGVhY2hlci0yOTg4NzU3,2988757,Rajeev,Majumdar,Interdisciplinary Studies,5,4,100,3,https://www.ratemyprofessors.com/professor/2988757
12,Western Washington University,U2Nob29sLTExODQ=,WA,VGVhY2hlci0zMTA5NDAw,3109400,JR,Lara,Writing,0,0,-1,0,https://www.ratemyprofessors.com/professor/3109400
12,Western Washington University,U2Nob29sLTExODQ=,WA,VGVhY2hlci0yMzYxMzA4,2361308,Erika,McPhee-Shaw,Environmental Studies,2.3,2.1,36.3636,11,https://www.ratemyprofessors.com/professor/2361308
12,Western Washington University,U2Nob29sLTExODQ=,WA,VGVhY2hlci00ODQzMjA=,484320,Phil,Nelson,Computer Science,3.7,4.5,55.1724,51,https://www.ratemyprofessors.com/professor/484320
12,Western Washington University,U2Nob29sLTExODQ=,WA,VGVhY2hlci0yNjUyMTgz,2652183,Batool,Zaidi,Sociology,4.4,2.8,85,20,https://www.ratemyprofessors.com/professor/2652183
12,Western Washington University,U2Nob29sLTExODQ=,WA,VGVhY2hlci0xMTg0NzU2,1184756,Rachel,Paul,Political Science,4,3.7,62.963,46,https://www.ratemyprofessors.com/professor/1184756
12,Western Washington University,U2Nob29sLTExODQ=,WA,VGVhY2hlci0yNDY0NDY3,2464467,Lisa,Beard,Political Science,3.1,2.9,53.125,32,https://www.ratemyprofessors.com/professor/2464467
12,Western Washington University,U2Nob29sLTExODQ=,WA,VGVhY2hlci0yOTgzMzk2,2983396,Marianne,Brasil,Anthropology,3.7,3.2,77.7778,9,https://www.ratemyprofessors.com/professor/2983396
12,Western Washington University,U2Nob29sLTExODQ=,WA,VGVhY2hlci0yMjg0MDY3,2284067,Cameron,Wühr,Education,5,2.3,100,286,https://www.ratemyprofessors.com/professor/2284067
12,Western Washington University,U2Nob29sLTExODQ=,WA,VGVhY2hlci0yOTg2ODg5,2986889,Willow,Merrill,English,4.5,2.5,100,2,https://www.ratemyprofessors.com/professor/2986889
12,Western Washington University,U2Nob29sLTExODQ=,WA,VGVhY2hlci0yNzc0NDY0,2774464,Kie,Relyea,Journalism,4.5,2.8,90,10,https://www.ratemyprofessors.com/professor/2774464
12,Western Washington University,U2Nob29sLTExODQ=,WA,VGVhY2hlci04OTM3NDg=,893748,Ozan,Sula,Economics,4.1,3.1,75,30,https://www.ratemyprofessors.com/professor/893748
12,Western Washington University,U2Nob29sLTExODQ=,WA,VGVhY2hlci0yNjc3NzYx,2677761,Daman,Wandke,Humanities,4.4,2.1,83.871,31,https://www.ratemyprofessors.com/professor/2677761
12,Western Washington University,U2Nob29sLTExODQ=,WA,VGVhY2hlci0zMTA4NzIz,3108723,Celia,Williams,English,1,5,0,2,https://www.ratemyprofessors.com/professor/3108723
12,Western Washington University,U2Nob29sLTExODQ=,WA,VGVhY2hlci0xMTkyODMy,1192832,Adam,Nyman,Mathematics,4.1,3.6,91.3043,45,https://www.ratemyprofessors.com/professor/1192832
12,Western Washington University,U2Nob29sLTExODQ=,WA,VGVhY2hlci0yOTU5Mjgz,2959283,Mariangela,Mihai,Women's Studies,3.1,2.4,54.5455,11,https://www.ratemyprofessors.com/professor/2959283
12,Western Washington University,U2Nob29sLTExODQ=,WA,VGVhY2hlci0yMTg5NjQ1,2189645,Andrew,Lucchesi,English,3.8,2.2,64.2857,14,https://www.ratemyprofessors.com/professor/2189645
12,Western Washington University,U2Nob29sLTExODQ=,WA,VGVhY2hlci0xMDk2NDQz,1096443,Aran,Clauson,Computer Science,2.7,4,43.6364,72,https://www.ratemyprofessors.com/professor/1096443
12,Western Washington University,U2Nob29sLTExODQ=,WA,VGVhY2hlci0yMzA5MTY=,230916,John,Harris,Journalism,4.5,2.5,92.8571,51,https://www.ratemyprofessors.com/professor/230916
12,Western Washington University,U2Nob29sLTExODQ=,WA,VGVhY2hlci0yODUxNzY4,2851768,Mo,Wells,History,3.7,3.8,54.5455,11,https://www.ratemyprofessors.com/professor/2851768
12,Western Washington University,U2Nob29sLTExODQ=,WA,VGVhY2hlci0zMDc0NzY1,3074765,Fouzia Zafar,Awan,Economics,3,2.3,75,4,https://www.ratemyprofessors.com/professor/3074765
12,Western Washington University,U2Nob29sLTExODQ=,WA,VGVhY2hlci03MTgyMDI=,718202,Arpad,Benyi,Mathematics,4.3,3.1,95.6522,68,https://www.ratemyprofessors.com/professor/718202
12,Western Washington University,U2Nob29sLTExODQ=,WA,VGVhY2hlci00NDE2MDM=,441603,Jonathan,Miran,Humanities,3.3,3.6,33.3333,58,https://www.ratemyprofessors.com/professor/441603
12,Western Washington University,U2Nob29sLTExODQ=,WA,VGVhY2hlci0yNzE1MDI4,2715028,Michael,Hughes,History,2.4,3.2,34.7826,23,https://www.ratemyprofessors.com/professor/2715028
12,Western Washington University,U2Nob29sLTExODQ=,WA,VGVhY2hlci0yODgwOTU0,2880954,Logan,Sizemore,Computer Science,4.8,3,100,19,https://www.ratemyprofessors.com/professor/2880954
12,Western Washington University,U2Nob29sLTExODQ=,WA,VGVhY2hlci01MDk1NTI=,509552,Stan,Tag,English,3.7,2,100,17,https://www.ratemyprofessors.com/professor/509552
12,Western Washington University,U2Nob29sLTExODQ=,WA,VGVhY2hlci04MTIxMTI=,812112,Nicholas,Zaferatos,Environmental Studies,2.9,2.4,33.3333,15,https://www.ratemyprofessors.com/professor/812112
12,Western Washington University,U2Nob29sLTExODQ=,WA,VGVhY2hlci0yMTQzNDk=,214349,Christopher,Wise,English,3.7,3.7,58.3333,67,https://www.ratemyprofessors.com/professor/214349
12,Western Washington University,U2Nob29sLTExODQ=,WA,VGVhY2hlci0xNjUzMjc0,1653274,Tamer,Hussein,Foreign Languages & Literature,3.7,3.6,78.5714,22,https://www.ratemyprofessors.com/professor/1653274
12,Western Washington University,U2Nob29sLTExODQ=,WA,VGVhY2hlci0yNTc0MDM=,257403,David,Sattler,Psychology,3.4,3.1,70,178,https://www.ratemyprofessors.com/professor/257403
12,Western Washington University,U2Nob29sLTExODQ=,WA,VGVhY2hlci0yMzQ3OTMy,2347932,Britt,Tyler,Chemistry,4.2,2.9,85.1064,47,https://www.ratemyprofessors.com/professor/2347932
12,Western Washington University,U2Nob29sLTExODQ=,WA,VGVhY2hlci0xMzI4NA==,13284,Hart,Hodges,Economics,3,3.6,34.6154,38,https://www.ratemyprofessors.com/professor/13284
12,Western Washington University,U2Nob29sLTExODQ=,WA,VGVhY2hlci0zMDM4MzQz,3038343,Myeshia,Babers,Ethnic Studies,1.8,4.4,0,8,https://www.ratemyprofessors.com/professor/3038343
12,Western Washington University,U2Nob29sLTExODQ=,WA,VGVhY2hlci05MTkwNw==,91907,Ira,Hyman,Psychology,3.9,3.4,54,121,https://www.ratemyprofessors.com/professor/91907
12,Western Washington University,U2Nob29sLTExODQ=,WA,VGVhY2hlci05NTM4MTE=,953811,Troy,Abel,Environmental Studies,2.5,3.2,26.3158,39,https://www.ratemyprofessors.com/professor/953811
12,Western Washington University,U2Nob29sLTExODQ=,WA,VGVhY2hlci05NjUzNTQ=,965354,Stephanie,Grimm,Psychology,3.9,2.8,69.2308,25,https://www.ratemyprofessors.com/professor/965354
12,Western Washington University,U2Nob29sLTExODQ=,WA,VGVhY2hlci0yMTUxNzIy,2151722,Susan,Burke,Economics,3.9,2.3,66.6667,12,https://www.ratemyprofessors.com/professor/2151722
12,Western Washington University,U2Nob29sLTExODQ=,WA,VGVhY2hlci0xNDEzNTgw,1413580,Liliana,Deck,Marketing,3,2.3,100,3,https://www.ratemyprofessors.com/professor/1413580
12,Western Washington University,U2Nob29sLTExODQ=,WA,VGVhY2hlci0xMjIzNjY2,1223666,Judy,Pine,Anthropology,2.7,3.1,29.1667,52,https://www.ratemyprofessors.com/professor/1223666
12,Western Washington University,U2Nob29sLTExODQ=,WA,VGVhY2hlci0xODg3MzY2,1887366,Lina,Dahlberg,Biology,4.2,4,90.9091,23,https://www.ratemyprofessors.com/professor/1887366
12,Western Washington University,U2Nob29sLTExODQ=,WA,VGVhY2hlci0xODU1NTY0,1855564,Pierre,Gour,Art,3.7,2.6,77.2727,50,https://www.ratemyprofessors.com/professor/1855564
12,Western Washington University,U2Nob29sLTExODQ=,WA,VGVhY2hlci0xODUwODA2,1850806,Christopher,Loar,English,4.3,2.7,90.9091,20,https://www.ratemyprofessors.com/professor/1850806
12,Western Washington University,U2Nob29sLTExODQ=,WA,VGVhY2hlci0xMTEyNjYz,1112663,Deb,Henrich,Physical Education,3.3,3.2,40,9,https://www.ratemyprofessors.com/professor/1112663
12,Western Washington University,U2Nob29sLTExODQ=,WA,VGVhY2hlci03NDAxNjk=,740169,Deb,Donovan,Biology,3.6,3.2,66.6667,28,https://www.ratemyprofessors.com/professor/740169
12,Western Washington University,U2Nob29sLTExODQ=,WA,VGVhY2hlci0xMzU1ODM=,135583,Peter,Haug,Business,4.6,2.9,85.7143,64,https://www.ratemyprofessors.com/professor/135583
12,Western Washington University,U2Nob29sLTExODQ=,WA,VGVhY2hlci0zMDQ0NTc3,3044577,Drake,Wilson,Mathematics,5,2,100,4,https://www.ratemyprofessors.com/professor/3044577
12,Western Washington University,U2Nob29sLTExODQ=,WA,VGVhY2hlci01MDg4ODc=,508887,Stella,Hua,Business,2.5,3.6,23.8095,77,https://www.ratemyprofessors.com/professor/508887
12,Western Washington University,U2Nob29sLTExODQ=,WA,VGVhY2hlci0yNTM3ODY=,253786,Megan,Deeney,Mathematics,3.6,3,73.913,235,https://www.ratemyprofessors.com/professor/253786
12,Western Washington University,U2Nob29sLTExODQ=,WA,VGVhY2hlci0yNTkyNzA1,2592705,Tarek,Idriss,Computer Science,3.2,3.5,60,15,https://www.ratemyprofessors.com/professor/2592705
12,Western Washington University,U2Nob29sLTExODQ=,WA,VGVhY2hlci0xMTEwMDgx,1110081,Elizabeth Ann,Mogford,Sociology,4.1,2.8,66.6667,63,https://www.ratemyprofessors.com/professor/1110081
12,Western Washington University,U2Nob29sLTExODQ=,WA,VGVhY2hlci0xNzgzODQy,1783842,Ying,Lin,Electrical Engineering & Computer Science,4.2,2.5,90,15,https://www.ratemyprofessors.com/professor/1783842
12,Western Washington University,U2Nob29sLTExODQ=,WA,VGVhY2hlci0yNjQ3ODQ0,2647844,Svenja,Fleischer,Physics,4,3,83.3333,6,https://www.ratemyprofessors.com/professor/2647844
12,Western Washington University,U2Nob29sLTExODQ=,WA,VGVhY2hlci05NTE3MzI=,951732,John,Feodorov,Art,4,2.3,75,6,https://www.ratemyprofessors.com/professor/951732
12,Western Washington University,U2Nob29sLTExODQ=,WA,VGVhY2hlci0yOTU4MTk3,2958197,Mark,Miyake,Music,4,3.3,66.6667,3,https://www.ratemyprofessors.com/professor/2958197
12,Western Washington University,U2Nob29sLTExODQ=,WA,VGVhY2hlci0yOTkxNDMx,2991431, Jacqueline,Witkowski,Art History,2.9,3.4,57.1429,7,https://www.ratemyprofessors.com/professor/2991431
12,Western Washington University,U2Nob29sLTExODQ=,WA,VGVhY2hlci02MjI1NTc=,622557,Mark,Springer,Management,2.5,3.1,22.2222,22,https://www.ratemyprofessors.com/professor/622557
12,Western Washington University,U2Nob29sLTExODQ=,WA,VGVhY2hlci0xNDUyMzg0,1452384,Garth,Amundson,Art,2.9,3.1,0,9,https://www.ratemyprofessors.com/professor/1452384
12,Western Washington University,U2Nob29sLTExODQ=,WA,VGVhY2hlci0yNjc2NjQx,2676641,Junaid,Khan,Electrical Engineering & Computer Science,1.2,3.4,0,5,https://www.ratemyprofessors.com/professor/2676641
12,Western Washington University,U2Nob29sLTExODQ=,WA,VGVhY2hlci0yODQ0NDA3,2844407,Wala,Saadeh,Electrical Engineering & Computer Science,5,3,100,2,https://www.ratemyprofessors.com/professor/2844407
12,Western Washington University,U2Nob29sLTExODQ=,WA,VGVhY2hlci0yNTY5NzIx,2569721,Christopher,Carabini,Finance,3.7,1.7,73.5294,34,https://www.ratemyprofessors.com/professor/2569721
12,Western Washington University,U2Nob29sLTExODQ=,WA,VGVhY2hlci0yMjM2MzYw,2236360,Bill,Miller,Marketing,4.2,2.4,80,5,https://www.ratemyprofessors.com/professor/2236360
12,Western Washington University,U2Nob29sLTExODQ=,WA,VGVhY2hlci0yODg2MDQx,2886041,Colleen,Rice,Social Work,3.7,3,66.6667,3,https://www.ratemyprofessors.com/professor/2886041
12,Western Washington University,U2Nob29sLTExODQ=,WA,VGVhY2hlci0yNjAzMDc0,2603074,Christina,Van Wingerden,Human Services,5,1.7,100,11,https://www.ratemyprofessors.com/professor/2603074
12,Western Washington University,U2Nob29sLTExODQ=,WA,VGVhY2hlci0zMDc5MTUy,3079152,Isabella,Arnett,English,5,2.5,100,2,https://www.ratemyprofessors.com/professor/3079152
12,Western Washington University,U2Nob29sLTExODQ=,WA,VGVhY2hlci0xMzYxODgx,1361881,Brady,Olson,Biology,4.6,3,81.25,45,https://www.ratemyprofessors.com/professor/1361881
12,Western Washington University,U2Nob29sLTExODQ=,WA,VGVhY2hlci0yOTM0NTI1,2934525,Erin,Grimes,Mathematics,4.8,1.6,100,8,https://www.ratemyprofessors.com/professor/2934525
12,Western Washington University,U2Nob29sLTExODQ=,WA,VGVhY2hlci0yODAzNDU4,2803458,Shih-fen,Chen,Business,5,2.5,100,4,https://www.ratemyprofessors.com/professor/2803458
12,Western Washington University,U2Nob29sLTExODQ=,WA,VGVhY2hlci0yNDk5MTg3,2499187,Manuel,Montano,Earth Science,3.4,3.9,58.3333,12,https://www.ratemyprofessors.com/professor/2499187
12,Western Washington University,U2Nob29sLTExODQ=,WA,VGVhY2hlci0yOTk3Nzk4,2997798,Ian,Moran,Environmental Science,5,3.7,100,3,https://www.ratemyprofessors.com/professor/2997798
12,Western Washington University,U2Nob29sLTExODQ=,WA,VGVhY2hlci0yMzc3NTkx,2377591,Christie,Scollon,Psychology,3.6,3,65.3333,75,https://www.ratemyprofessors.com/professor/2377591
12,Western Washington University,U2Nob29sLTExODQ=,WA,VGVhY2hlci0yNTUwMDUx,2550051,Nathaniel,Bond,Foreign Languages & Literature,4.8,3.5,100,12,https://www.ratemyprofessors.com/professor/2550051
12,Western Washington University,U2Nob29sLTExODQ=,WA,VGVhY2hlci0yNzU3NDU3,2757457,Jeffrey,Meier,Mathematics,4.8,2.8,87.5,8,https://www.ratemyprofessors.com/professor/2757457
12,Western Washington University,U2Nob29sLTExODQ=,WA,VGVhY2hlci0yMzE5MTA0,2319104,Aaron,Smith,Psychology,4.8,2.3,100,15,https://www.ratemyprofessors.com/professor/2319104
12,Western Washington University,U2Nob29sLTExODQ=,WA,VGVhY2hlci0yMDI2NzQy,2026742,Steve,Sehman,Music,5,2.5,100,8,https://www.ratemyprofessors.com/professor/2026742
12,Western Washington University,U2Nob29sLTExODQ=,WA,VGVhY2hlci01MjMxMTY=,523116,Mark,Bussell,Chemistry,3.4,3.4,68.75,27,https://www.ratemyprofessors.com/professor/523116
12,Western Washington University,U2Nob29sLTExODQ=,WA,VGVhY2hlci0yMDcwOTM4,2070938,Julie,Winter,Foreign Languages  Literature,3.6,3.4,62.5,11,https://www.ratemyprofessors.com/professor/2070938
12,Western Washington University,U2Nob29sLTExODQ=,WA,VGVhY2hlci0xNjk5MjQy,1699242,Tim,Mesikepp,Mathematics,3.6,3.8,50,24,https://www.ratemyprofessors.com/professor/1699242
12,Western Washington University,U2Nob29sLTExODQ=,WA,VGVhY2hlci0zMDQ1OTM4,3045938,Kevin,Fournier,Mathematics,5,2.3,100,6,https://www.ratemyprofessors.com/professor/3045938
12,Western Washington University,U2Nob29sLTExODQ=,WA,VGVhY2hlci0yNTI4OTgx,2528981,Brent,Mallinckrodt,Psychology,4.2,2.6,81.25,16,https://www.ratemyprofessors.com/professor/2528981
12,Western Washington University,U2Nob29sLTExODQ=,WA,VGVhY2hlci0zMDIwNTY3,3020567,Elizabeth,Graham,Dance,4,2.3,100,3,https://www.ratemyprofessors.com/professor/3020567
12,Western Washington University,U2Nob29sLTExODQ=,WA,VGVhY2hlci0xNzkzNjE5,1793619,Blanca,Aranda,Foreign Languages & Literature,3.5,3.4,70,36,https://www.ratemyprofessors.com/professor/1793619
12,Western Washington University,U2Nob29sLTExODQ=,WA,VGVhY2hlci0zOTUzNjc=,395367,Mike,Mana,Psychology,4.1,3.3,74.6667,157,https://www.ratemyprofessors.com/professor/395367
12,Western Washington University,U2Nob29sLTExODQ=,WA,VGVhY2hlci0yNDIzMDc3,2423077,Anne,Riggs,Psychology,4.7,3,100,3,https://www.ratemyprofessors.com/professor/2423077
12,Western Washington University,U2Nob29sLTExODQ=,WA,VGVhY2hlci0xNTM5MzE1,1539315,David,Rider,Chemistry,3,3.6,56,41,https://www.ratemyprofessors.com/professor/1539315
12,Western Washington University,U2Nob29sLTExODQ=,WA,VGVhY2hlci0yNDQ0MDYy,2444062,Mike,Larsen,Chemistry,4.4,3.6,81.8182,22,https://www.ratemyprofessors.com/professor/2444062
12,Western Washington University,U2Nob29sLTExODQ=,WA,VGVhY2hlci0yNjMwOTcw,2630970,Carter,Henman,Communication,2.1,2.6,16.6667,24,https://www.ratemyprofessors.com/professor/2630970
12,Western Washington University,U2Nob29sLTExODQ=,WA,VGVhY2hlci0yMDY1NTQ5,2065549,Aaron,Perzigian,Education,4.8,2.5,94.8718,43,https://www.ratemyprofessors.com/professor/2065549
12,Western Washington University,U2Nob29sLTExODQ=,WA,VGVhY2hlci0yNjcyNzU4,2672758,Hans,Parshall,Mathematics,3.3,3.8,50,8,https://www.ratemyprofessors.com/professor/2672758
12,Western Washington University,U2Nob29sLTExODQ=,WA,VGVhY2hlci0zMzc5MTg=,337918,Pam,Hardman,English,4.2,1.8,79.3103,71,https://www.ratemyprofessors.com/professor/337918
12,Western Washington University,U2Nob29sLTExODQ=,WA,VGVhY2hlci0yODgzMjQz,2883243,Tyler,Walker,Foreign Languages & Literature,4,3.5,100,4,https://www.ratemyprofessors.com/professor/2883243
12,Western Washington University,U2Nob29sLTExODQ=,WA,VGVhY2hlci0zMDYwMDQw,3060040,Sara ,Ng,Linguistics,5,2.1,100,7,https://www.ratemyprofessors.com/professor/3060040
12,Western Washington University,U2Nob29sLTExODQ=,WA,VGVhY2hlci0yOTU1OTY1,2955965,Devin ,Ozdogu,Education,3.7,4,66.6667,3,https://www.ratemyprofessors.com/professor/2955965
12,Western Washington University,U2Nob29sLTExODQ=,WA,VGVhY2hlci0yMDY3MjY2,2067266,Anna ,Groat-Carmona,Biology,3.7,4.2,70.5882,26,https://www.ratemyprofessors.com/professor/2067266
12,Western Washington University,U2Nob29sLTExODQ=,WA,VGVhY2hlci00OTA3MzI=,490732,Amir,Abedi-Djourabtchi,Political Science,4.4,2.8,100,70,https://www.ratemyprofessors.com/professor/490732
12,Western Washington University,U2Nob29sLTExODQ=,WA,VGVhY2hlci0xMjMwMDMx,1230031,Dietmar,Schwarz,Biology,3.2,3.3,55.5556,28,https://www.ratemyprofessors.com/professor/1230031
12,Western Washington University,U2Nob29sLTExODQ=,WA,VGVhY2hlci0yNDY5NzUz,2469753,Cynthia,Camlin,Art,2.8,3.3,50,4,https://www.ratemyprofessors.com/professor/2469753
12,Western Washington University,U2Nob29sLTExODQ=,WA,VGVhY2hlci00MjE3NzU=,421775,Tom,Moore,Humanities,3.6,2.9,58.3333,56,https://www.ratemyprofessors.com/professor/421775
12,Western Washington University,U2Nob29sLTExODQ=,WA,VGVhY2hlci0yMjM5ODYw,2239860,Jennifer,Thistle,Communication Disorders,3.3,3.2,62.069,29,https://www.ratemyprofessors.com/professor/2239860
12,Western Washington University,U2Nob29sLTExODQ=,WA,VGVhY2hlci0xODkxODc4,1891878,Jun,San Juan,Physical Education,4.1,3.2,100,20,https://www.ratemyprofessors.com/professor/1891878
12,Western Washington University,U2Nob29sLTExODQ=,WA,VGVhY2hlci0yMTE2OTQx,2116941,Melanie,Aceves,Physical Education,4.1,1.4,88.8889,9,https://www.ratemyprofessors.com/professor/2116941
12,Western Washington University,U2Nob29sLTExODQ=,WA,VGVhY2hlci0yMTAyNjc4,2102678,Lisa,Turner,Art,4.6,3.1,92.8571,15,https://www.ratemyprofessors.com/professor/2102678
12,Western Washington University,U2Nob29sLTExODQ=,WA,VGVhY2hlci0xMjUxNDA0,1251404,Cynthia,Camilin,Art,2.8,4.2,16.6667,13,https://www.ratemyprofessors.com/professor/1251404
12,Western Washington University,U2Nob29sLTExODQ=,WA,VGVhY2hlci0yMzM4Mzcz,2338373,Sheri,Russell,Environmental Studies,4.3,2.9,87.5,8,https://www.ratemyprofessors.com/professor/2338373
12,Western Washington University,U2Nob29sLTExODQ=,WA,VGVhY2hlci0yMzkzODQ=,239384,Tjalling,Ypma,Mathematics,3.2,3.9,41.1765,39,https://www.ratemyprofessors.com/professor/239384
12,Western Washington University,U2Nob29sLTExODQ=,WA,VGVhY2hlci0yNzYwMTI1,2760125,James,Miller,Environmental Studies,4,2.8,83.3333,6,https://www.ratemyprofessors.com/professor/2760125
12,Western Washington University,U2Nob29sLTExODQ=,WA,VGVhY2hlci0zMDgxMDM4,3081038,Katelyn ,Josephson,Biology,1,3,0,1,https://www.ratemyprofessors.com/professor/3081038
12,Western Washington University,U2Nob29sLTExODQ=,WA,VGVhY2hlci0yNDY0NzQ0,2464744,Zoe,Redwoman,English,4.6,1.9,90.9091,11,https://www.ratemyprofessors.com/professor/2464744
12,Western Washington University,U2Nob29sLTExODQ=,WA,VGVhY2hlci0yMDkwMDQy,2090042,Filip,Jagodzinski,Computer Science,4.6,3.4,94.1176,41,https://www.ratemyprofessors.com/professor/2090042
12,Western Washington University,U2Nob29sLTExODQ=,WA,VGVhY2hlci0yMjY0MTg2,2264186,Thomas,Lloyd,Environmental Studies,3.7,3.1,76.4706,17,https://www.ratemyprofessors.com/professor/2264186
12,Western Washington University,U2Nob29sLTExODQ=,WA,VGVhY2hlci0yODg1NjE5,2885619,Yanara,Friedland,Interdisciplinary Studies,5,3.3,100,6,https://www.ratemyprofessors.com/professor/2885619
12,Western Washington University,U2Nob29sLTExODQ=,WA,VGVhY2hlci0yODU4MDk1,2858095,Aaron ,Tuor,Computer Science,2.3,3.3,33.3333,3,https://www.ratemyprofessors.com/professor/2858095
12,Western Washington University,U2Nob29sLTExODQ=,WA,VGVhY2hlci02NTY4Nzc=,656877,Joan,Hoffman,Modern and Classical Languages,2.7,3.7,44.4444,38,https://www.ratemyprofessors.com/professor/656877
12,Western Washington University,U2Nob29sLTExODQ=,WA,VGVhY2hlci0zMDgwNTgy,3080582,Erin,Kaplan,Geology,1,3,0,1,https://www.ratemyprofessors.com/professor/3080582
12,Western Washington University,U2Nob29sLTExODQ=,WA,VGVhY2hlci0xNTY1MDI=,156502,Susan,Costanzo,History,3,4.1,24.1379,85,https://www.ratemyprofessors.com/professor/156502
12,Western Washington University,U2Nob29sLTExODQ=,WA,VGVhY2hlci0xOTQxMzYw,1941360,Rachel,Sarkar,Journalism,4.8,2.4,92.8571,36,https://www.ratemyprofessors.com/professor/1941360
12,Western Washington University,U2Nob29sLTExODQ=,WA,VGVhY2hlci01ODEwMjE=,581021,Eric,Leonhardt,Engineering Technology,3.2,2.4,33.3333,14,https://www.ratemyprofessors.com/professor/581021
12,Western Washington University,U2Nob29sLTExODQ=,WA,VGVhY2hlci0yODQ1MTk1,2845195,Mya,Owen,Women's Studies,2.3,4.1,21.4286,14,https://www.ratemyprofessors.com/professor/2845195
12,Western Washington University,U2Nob29sLTExODQ=,WA,VGVhY2hlci0zMDc5Mzg2,3079386,Richard,Henderson,Managerial Science,2,4,0,1,https://www.ratemyprofessors.com/professor/3079386
12,Western Washington University,U2Nob29sLTExODQ=,WA,VGVhY2hlci03MDg0OTc=,708497,Barbara,Lehman,Psychology,4,3.1,75,35,https://www.ratemyprofessors.com/professor/708497
12,Western Washington University,U2Nob29sLTExODQ=,WA,VGVhY2hlci0yOTU2Nzgx,2956781,Noah,Jensen,Mathematics,5,2,100,3,https://www.ratemyprofessors.com/professor/2956781
12,Western Washington University,U2Nob29sLTExODQ=,WA,VGVhY2hlci0yNTUwNDA3,2550407,Tesla,Monson,Anthropology,3.9,3.1,84.6154,13,https://www.ratemyprofessors.com/professor/2550407
12,Western Washington University,U2Nob29sLTExODQ=,WA,VGVhY2hlci0xOTg5OTcw,1989970,David,Gill,Engineering,4.8,2.7,100,6,https://www.ratemyprofessors.com/professor/1989970
12,Western Washington University,U2Nob29sLTExODQ=,WA,VGVhY2hlci0yMjM0OTYz,2234963,John,Misasi,Engineering,3.8,3.2,60,5,https://www.ratemyprofessors.com/professor/2234963
12,Western Washington University,U2Nob29sLTExODQ=,WA,VGVhY2hlci0yNzAzNzQy,2703742,Tarek,Algeddawy,Engineering,3,3,100,2,https://www.ratemyprofessors.com/professor/2703742
12,Western Washington University,U2Nob29sLTExODQ=,WA,VGVhY2hlci0xMTgyNjA4,1182608,Ricardo,Lopez,History,4,3.8,77.2727,49,https://www.ratemyprofessors.com/professor/1182608
12,Western Washington University,U2Nob29sLTExODQ=,WA,VGVhY2hlci05NjMwOTI=,963092,Pamela,Kuntz,Dance,3.6,2.5,75,43,https://www.ratemyprofessors.com/professor/963092
12,Western Washington University,U2Nob29sLTExODQ=,WA,VGVhY2hlci0yNTgzMTEz,2583113,Kristen,Chmielewski,Rehabilitative Studies,5,2.6,100,11,https://www.ratemyprofessors.com/professor/2583113
12,Western Washington University,U2Nob29sLTExODQ=,WA,VGVhY2hlci0yNDMwMDk3,2430097,Michael,Warren,Psychology,4.3,2.7,92.8571,14,https://www.ratemyprofessors.com/professor/2430097
12,Western Washington University,U2Nob29sLTExODQ=,WA,VGVhY2hlci0xMDY2ODk5,1066899,Linda,Istanbulli,Modern and Classical Languages,4.5,3.8,50,13,https://www.ratemyprofessors.com/professor/1066899
12,Western Washington University,U2Nob29sLTExODQ=,WA,VGVhY2hlci0yMzgwNDc2,2380476,Kirsten,Drickey,Spanish,5,2.3,100,9,https://www.ratemyprofessors.com/professor/2380476
12,Western Washington University,U2Nob29sLTExODQ=,WA,VGVhY2hlci0xNTQ5MDA1,1549005,Jessica,Cohen,Mathematics,4.8,2.6,100,33,https://www.ratemyprofessors.com/professor/1549005
12,Western Washington University,U2Nob29sLTExODQ=,WA,VGVhY2hlci0xMzY1NjI=,136562,Kristen,Parris,Political Science,3.1,3.4,36.8421,81,https://www.ratemyprofessors.com/professor/136562
12,Western Washington University,U2Nob29sLTExODQ=,WA,VGVhY2hlci0yNTQ2ODk5,2546899,Melina,Juarez,Political Science,5,2.5,100,11,https://www.ratemyprofessors.com/professor/2546899
12,Western Washington University,U2Nob29sLTExODQ=,WA,VGVhY2hlci0yODQxNDQz,2841443,Samantha,Spurlin,Biology,3.7,2.3,71.4286,21,https://www.ratemyprofessors.com/professor/2841443
12,Western Washington University,U2Nob29sLTExODQ=,WA,VGVhY2hlci0xOTkzNTQ5,1993549,Ryan,Dudenbostel,Music,4.7,3.4,91.6667,16,https://www.ratemyprofessors.com/professor/1993549
12,Western Washington University,U2Nob29sLTExODQ=,WA,VGVhY2hlci0yNjQxMDgw,2641080,Cristina,Garcia-Lasanta,Geology,3.8,3,55.5556,9,https://www.ratemyprofessors.com/professor/2641080
12,Western Washington University,U2Nob29sLTExODQ=,WA,VGVhY2hlci0xMTExMjgw,1111280,Kristin,French,Education,4.7,2.4,100,18,https://www.ratemyprofessors.com/professor/1111280
12,Western Washington University,U2Nob29sLTExODQ=,WA,VGVhY2hlci0yNzU1NDIz,2755423,Sasha,Petrenko,Art,1.3,3.3,0,3,https://www.ratemyprofessors.com/professor/2755423
12,Western Washington University,U2Nob29sLTExODQ=,WA,VGVhY2hlci0yOTgxNTI2,2981526,Sterling,Sheffield,Medicine,4.3,2.8,100,6,https://www.ratemyprofessors.com/professor/2981526
12,Western Washington University,U2Nob29sLTExODQ=,WA,VGVhY2hlci0yNjcyNzYz,2672763,Ernest,Hartwell,Spanish,4.9,3,100,13,https://www.ratemyprofessors.com/professor/2672763
12,Western Washington University,U2Nob29sLTExODQ=,WA,VGVhY2hlci0yNTE4NTEw,2518510,Heather,Moore,Communication Disorders,4.2,2.3,81.8182,11,https://www.ratemyprofessors.com/professor/2518510
12,Western Washington University,U2Nob29sLTExODQ=,WA,VGVhY2hlci0yMTEyMDM2,2112036,Veronica,Velez,Education,5,2.5,100,18,https://www.ratemyprofessors.com/professor/2112036
12,Western Washington University,U2Nob29sLTExODQ=,WA,VGVhY2hlci0yMTIxMzUx,2121351,Don,Burgess,Education,5,1.7,100,3,https://www.ratemyprofessors.com/professor/2121351
12,Western Washington University,U2Nob29sLTExODQ=,WA,VGVhY2hlci0yMDY3ODk4,2067898,Margaret,Scheuermann,Chemistry,3.2,3.4,60.8696,29,https://www.ratemyprofessors.com/professor/2067898
12,Western Washington University,U2Nob29sLTExODQ=,WA,VGVhY2hlci0yOTkzNDYw,2993460,Angela,Sebastian,Dance,5,3,100,1,https://www.ratemyprofessors.com/professor/2993460
12,Western Washington University,U2Nob29sLTExODQ=,WA,VGVhY2hlci0yNjc3NTY2,2677566,Angela (Angie),Kasper,Music,5,1.9,100,11,https://www.ratemyprofessors.com/professor/2677566
12,Western Washington University,U2Nob29sLTExODQ=,WA,VGVhY2hlci0yODExMjEz,2811213,Natalie,Baloy,Environmental Studies,5,3,100,2,https://www.ratemyprofessors.com/professor/2811213
12,Western Washington University,U2Nob29sLTExODQ=,WA,VGVhY2hlci0xMTg0Mjcw,1184270,John,Gilbertson,Chemistry,3.5,3.9,90.9091,47,https://www.ratemyprofessors.com/professor/1184270
12,Western Washington University,U2Nob29sLTExODQ=,WA,VGVhY2hlci0yMTExNzc4,2111778,Theresa,Warburton,English,4.5,3.1,88.2353,18,https://www.ratemyprofessors.com/professor/2111778
12,Western Washington University,U2Nob29sLTExODQ=,WA,VGVhY2hlci0xOTA2NTk0,1906594,Brittany,Schade,Design,3.5,2.7,66.6667,13,https://www.ratemyprofessors.com/professor/1906594
12,Western Washington University,U2Nob29sLTExODQ=,WA,VGVhY2hlci0yNTYxMjAx,2561201,Rob,Eis,Physical Education,5,1.6,100,5,https://www.ratemyprofessors.com/professor/2561201
12,Western Washington University,U2Nob29sLTExODQ=,WA,VGVhY2hlci0zMjk1NDE=,329541,Robert,Mitchell,Geology,3.4,3.4,50,27,https://www.ratemyprofessors.com/professor/329541
12,Western Washington University,U2Nob29sLTExODQ=,WA,VGVhY2hlci0yOTQ3NjUz,2947653,Makoto,Negishi,Foreign Languages & Literature,4.2,3.2,66.6667,6,https://www.ratemyprofessors.com/professor/2947653
12,Western Washington University,U2Nob29sLTExODQ=,WA,VGVhY2hlci0yOTc5NTU2,2979556,Kristina , Walowski,Geology,4,2.2,80,5,https://www.ratemyprofessors.com/professor/2979556
12,Western Washington University,U2Nob29sLTExODQ=,WA,VGVhY2hlci0yNjc2MzIw,2676320,Maren,Anderson,Law,5,3,100,2,https://www.ratemyprofessors.com/professor/2676320
12,Western Washington University,U2Nob29sLTExODQ=,WA,VGVhY2hlci0xMTgyOTcz,1182973,Jane,Weston,Business,4.8,1.8,100,19,https://www.ratemyprofessors.com/professor/1182973
12,Western Washington University,U2Nob29sLTExODQ=,WA,VGVhY2hlci0zNjEwMzI=,361032,Steven,Smith,Accounting,4.3,3.6,77.2727,115,https://www.ratemyprofessors.com/professor/361032
12,Western Washington University,U2Nob29sLTExODQ=,WA,VGVhY2hlci0yMjg2MDM1,2286035,Brady,Foreman,Geology,4.4,2.3,91.6667,12,https://www.ratemyprofessors.com/professor/2286035
12,Western Washington University,U2Nob29sLTExODQ=,WA,VGVhY2hlci0yNzcxMDkx,2771091,Yasmine,Elglaly,Computer Science,4.3,3.1,86.6667,15,https://www.ratemyprofessors.com/professor/2771091
12,Western Washington University,U2Nob29sLTExODQ=,WA,VGVhY2hlci0yNDY5MjM3,2469237,Sara,Baskentli,Marketing,3.2,2.6,62.5,16,https://www.ratemyprofessors.com/professor/2469237
12,Western Washington University,U2Nob29sLTExODQ=,WA,VGVhY2hlci01MTM0ODY=,513486,Alejandro,Acevedo-Gutierrez,Biology,3.8,3.5,85.7143,54,https://www.ratemyprofessors.com/professor/513486
12,Western Washington University,U2Nob29sLTExODQ=,WA,VGVhY2hlci0yNjk0OTY2,2694966,Gianna,Carotenuto,Liberal Studies,1.8,3.4,25,16,https://www.ratemyprofessors.com/professor/2694966
12,Western Washington University,U2Nob29sLTExODQ=,WA,VGVhY2hlci0yNTUwMDQ4,2550048,Shawn,Arellano,Biology,3.6,3.4,60,5,https://www.ratemyprofessors.com/professor/2550048
12,Western Washington University,U2Nob29sLTExODQ=,WA,VGVhY2hlci0yNTc3NDE4,2577418,Justin,Lewis,English,4.2,2.8,80,5,https://www.ratemyprofessors.com/professor/2577418
12,Western Washington University,U2Nob29sLTExODQ=,WA,VGVhY2hlci0xNTQ2NTg=,154658,Gregory,Schwartz,Mathematics,3.7,3.7,71.7949,123,https://www.ratemyprofessors.com/professor/154658
12,Western Washington University,U2Nob29sLTExODQ=,WA,VGVhY2hlci01MTM0NDU=,513445,Roger,Thompson,Ethnic Studies,2.9,3.6,52.381,50,https://www.ratemyprofessors.com/professor/513445
12,Western Washington University,U2Nob29sLTExODQ=,WA,VGVhY2hlci0yNTYzMjEz,2563213,Meg,Weber,Exchange Studies,3.1,3.9,50,8,https://www.ratemyprofessors.com/professor/2563213
12,Western Washington University,U2Nob29sLTExODQ=,WA,VGVhY2hlci0zMDU5ODE0,3059814,Wil,Zuber,Computer Science,5,2,100,2,https://www.ratemyprofessors.com/professor/3059814
12,Western Washington University,U2Nob29sLTExODQ=,WA,VGVhY2hlci0xMDA0OTA4,1004908,Marion,Brodhagen,Biology,3.2,4.2,60,47,https://www.ratemyprofessors.com/professor/1004908
12,Western Washington University,U2Nob29sLTExODQ=,WA,VGVhY2hlci0yMTEzNjYz,2113663,David,Wallin,Environmental Studies,1.2,3.3,16.6667,6,https://www.ratemyprofessors.com/professor/2113663
12,Western Washington University,U2Nob29sLTExODQ=,WA,VGVhY2hlci0yOTgyMzI2,2982326,Wing,Fok,Business,5,3,100,1,https://www.ratemyprofessors.com/professor/2982326
12,Western Washington University,U2Nob29sLTExODQ=,WA,VGVhY2hlci0yOTM0MDM4,2934038,Michelle,Storer,English,3,2.1,57.1429,7,https://www.ratemyprofessors.com/professor/2934038
12,Western Washington University,U2Nob29sLTExODQ=,WA,VGVhY2hlci0yMzc3ODQy,2377842,Jeffrey,Hart,Education,4.8,2.2,100,6,https://www.ratemyprofessors.com/professor/2377842
12,Western Washington University,U2Nob29sLTExODQ=,WA,VGVhY2hlci0yOTc3MzQ1,2977345,Eva,Gil,Theater,5,2.3,100,3,https://www.ratemyprofessors.com/professor/2977345
12,Western Washington University,U2Nob29sLTExODQ=,WA,VGVhY2hlci0xMzA5Njc=,130967,Kathleen,Young,Anthropology,4.2,2.6,100,54,https://www.ratemyprofessors.com/professor/130967
12,Western Washington University,U2Nob29sLTExODQ=,WA,VGVhY2hlci0yNTcwNTkz,2570593,Ben,Joyce,Finance,4.4,1.8,81.25,16,https://www.ratemyprofessors.com/professor/2570593
12,Western Washington University,U2Nob29sLTExODQ=,WA,VGVhY2hlci0xMzY1NjQ=,136564,Debra,Salazar,Political Science,3.6,4.2,64.7059,80,https://www.ratemyprofessors.com/professor/136564
12,Western Washington University,U2Nob29sLTExODQ=,WA,VGVhY2hlci0yNjM4ODM1,2638835,Nick,Washburn,Rehabilitative Studies,5,2,100,4,https://www.ratemyprofessors.com/professor/2638835
12,Western Washington University,U2Nob29sLTExODQ=,WA,VGVhY2hlci0yOTc1ODM1,2975835,Tony,Prichard,Humanities,4,1,100,1,https://www.ratemyprofessors.com/professor/2975835
12,Western Washington University,U2Nob29sLTExODQ=,WA,VGVhY2hlci0yNzkyMDE1,2792015,Dana,Ollestad,Art,2,3,0,1,https://www.ratemyprofessors.com/professor/2792015
12,Western Washington University,U2Nob29sLTExODQ=,WA,VGVhY2hlci0yODM3NTI3,2837527,Susan,Hodges,Education,2,1.3,16.6667,6,https://www.ratemyprofessors.com/professor/2837527
12,Western Washington University,U2Nob29sLTExODQ=,WA,VGVhY2hlci0yODkwOTk4,2890998,Christina,Gutierrez-Dennehy,Theatre & Dance,4.5,3.2,83.3333,6,https://www.ratemyprofessors.com/professor/2890998
12,Western Washington University,U2Nob29sLTExODQ=,WA,VGVhY2hlci0yOTk0NjAw,2994600,Anna,Diedesch,Communication Disorders,3.5,2,50,2,https://www.ratemyprofessors.com/professor/2994600
12,Western Washington University,U2Nob29sLTExODQ=,WA,VGVhY2hlci0zMDUzMDI5,3053029,Georgia,Fried,Theatre & Dance,3,3,0,1,https://www.ratemyprofessors.com/professor/3053029
12,Western Washington University,U2Nob29sLTExODQ=,WA,VGVhY2hlci0zMDUzMDM3,3053037,Ezra,Anismen,Theater,5,3,100,1,https://www.ratemyprofessors.com/professor/3053037
12,Western Washington University,U2Nob29sLTExODQ=,WA,VGVhY2hlci0yMjMwNTc=,223057,Tracy,Thorndike-Christ,Psychology,3.3,3.3,30.7692,59,https://www.ratemyprofessors.com/professor/223057
12,Western Washington University,U2Nob29sLTExODQ=,WA,VGVhY2hlci0xNjQ4MzUw,1648350,Christopher,Patton,English,3.6,3.1,66.6667,35,https://www.ratemyprofessors.com/professor/1648350
12,Western Washington University,U2Nob29sLTExODQ=,WA,VGVhY2hlci0yNTEzMDgz,2513083,Glenn,Tsunokai,Education,5,2.3,100,6,https://www.ratemyprofessors.com/professor/2513083
12,Western Washington University,U2Nob29sLTExODQ=,WA,VGVhY2hlci0yOTYyMjAz,2962203,Jedidiah ,Givens ,English,5,2,100,1,https://www.ratemyprofessors.com/professor/2962203
12,Western Washington University,U2Nob29sLTExODQ=,WA,VGVhY2hlci0xMjEwNzM1,1210735,Jennifer,Keller,Journalism,4.7,3.2,100,19,https://www.ratemyprofessors.com/professor/1210735
12,Western Washington University,U2Nob29sLTExODQ=,WA,VGVhY2hlci0zMjk1NDA=,329540,Sue,Debari,Geology,3.9,3.1,100,17,https://www.ratemyprofessors.com/professor/329540
12,Western Washington University,U2Nob29sLTExODQ=,WA,VGVhY2hlci0yMzk4OTE2,2398916,Jennifer,Anable,Art,3.8,2.4,80,5,https://www.ratemyprofessors.com/professor/2398916
12,Western Washington University,U2Nob29sLTExODQ=,WA,VGVhY2hlci0zMDQ3NTQ3,3047547,Isheika,Cleare,Political Science,5,3,100,1,https://www.ratemyprofessors.com/professor/3047547
12,Western Washington University,U2Nob29sLTExODQ=,WA,VGVhY2hlci05MjM5MzA=,923930,Dominique,Coulet Du Gard,Anthropology,3.7,2.1,86.6667,34,https://www.ratemyprofessors.com/professor/923930
12,Western Washington University,U2Nob29sLTExODQ=,WA,VGVhY2hlci0yOTk5Nzk3,2999797,Conan,King,Mathematics,3.3,3.7,66.6667,3,https://www.ratemyprofessors.com/professor/2999797
12,Western Washington University,U2Nob29sLTExODQ=,WA,VGVhY2hlci0xOTMwMTY4,1930168,Sean,Bruna,Anthropology,4.4,2.9,94.4444,43,https://www.ratemyprofessors.com/professor/1930168
12,Western Washington University,U2Nob29sLTExODQ=,WA,VGVhY2hlci0yMzgxNzcz,2381773,Yeon,Yu,Anthropology,4.2,2.2,89.4737,19,https://www.ratemyprofessors.com/professor/2381773
12,Western Washington University,U2Nob29sLTExODQ=,WA,VGVhY2hlci02NDM1MzI=,643532,Arunas,Oslapas,Design,4.4,3.1,50,7,https://www.ratemyprofessors.com/professor/643532
12,Western Washington University,U2Nob29sLTExODQ=,WA,VGVhY2hlci0yNjQyNzIx,2642721,Gustavo,Camacho,Music,3.3,1.6,77.7778,9,https://www.ratemyprofessors.com/professor/2642721
12,Western Washington University,U2Nob29sLTExODQ=,WA,VGVhY2hlci0yNjczNTAy,2673502,Dustin,O'Hara,Computer Science,3.2,3.1,59.0909,22,https://www.ratemyprofessors.com/professor/2673502
12,Western Washington University,U2Nob29sLTExODQ=,WA,VGVhY2hlci0yMjM2OTcz,2236973,Jessica,Stone,Education,3.5,2.3,66.6667,12,https://www.ratemyprofessors.com/professor/2236973
12,Western Washington University,U2Nob29sLTExODQ=,WA,VGVhY2hlci0yNDI4Mjk2,2428296,Josh,Kaplan,Psychology,4.3,3.6,79.5455,44,https://www.ratemyprofessors.com/professor/2428296
12,Western Washington University,U2Nob29sLTExODQ=,WA,VGVhY2hlci04MTk0Njc=,819467,Oliver,De La Paz,English,4.3,2.5,100,22,https://www.ratemyprofessors.com/professor/819467
12,Western Washington University,U2Nob29sLTExODQ=,WA,VGVhY2hlci0xMjE5OTM3,1219937,Benjamin,Miner,Biology,4.2,3.6,89.4737,31,https://www.ratemyprofessors.com/professor/1219937
12,Western Washington University,U2Nob29sLTExODQ=,WA,VGVhY2hlci0yOTgwMDg=,298008,Eric,Kean,Mathematics,4.7,2.7,89.0625,180,https://www.ratemyprofessors.com/professor/298008
12,Western Washington University,U2Nob29sLTExODQ=,WA,VGVhY2hlci0xMDMwNjY0,1030664,Farrokh,Kahnamoui,Economics,3.4,3.1,62.3853,177,https://www.ratemyprofessors.com/professor/1030664
12,Western Washington University,U2Nob29sLTExODQ=,WA,VGVhY2hlci0xMzM5MTA=,133910,Lena,Ericksen,Psychology,3.6,2.5,45.9259,377,https://www.ratemyprofessors.com/professor/133910
12,Western Washington University,U2Nob29sLTExODQ=,WA,VGVhY2hlci0xOTcyNDYw,1972460,Lena,Erikson,Psychology,2.6,2.6,30.7692,28,https://www.ratemyprofessors.com/professor/1972460
12,Western Washington University,U2Nob29sLTExODQ=,WA,VGVhY2hlci0yMzk2NDQy,2396442,Pierre Leon,Gour,Art,1,1,0,1,https://www.ratemyprofessors.com/professor/2396442
12,Western Washington University,U2Nob29sLTExODQ=,WA,VGVhY2hlci0yODUxMzMx,2851331,James,Ray,Music,4.3,3,66.6667,3,https://www.ratemyprofessors.com/professor/2851331
12,Western Washington University,U2Nob29sLTExODQ=,WA,VGVhY2hlci0yOTE0Njk4,2914698,Andrea,Predko,Foreign Languages & Literature,5,2,100,2,https://www.ratemyprofessors.com/professor/2914698
12,Western Washington University,U2Nob29sLTExODQ=,WA,VGVhY2hlci0yMTg0MTg3,2184187,Adam,Wright,Economics,4.7,3.1,97.3684,38,https://www.ratemyprofessors.com/professor/2184187
12,Western Washington University,U2Nob29sLTExODQ=,WA,VGVhY2hlci0yNjkzODM5,2693839,Jaci,Scheer,Biology,2,4.8,35.7143,14,https://www.ratemyprofessors.com/professor/2693839
12,Western Washington University,U2Nob29sLTExODQ=,WA,VGVhY2hlci03MTM4MjY=,713826,Audrey,Taylor,Accounting,3.6,3.3,53.3333,33,https://www.ratemyprofessors.com/professor/713826
12,Western Washington University,U2Nob29sLTExODQ=,WA,VGVhY2hlci0yNTIzNDAw,2523400,Rolando,Mata,Linguistics,5,2.3,100,3,https://www.ratemyprofessors.com/professor/2523400
12,Western Washington University,U2Nob29sLTExODQ=,WA,VGVhY2hlci0zMDIwNTY2,3020566,Emma ,Hreljanovic,Dance,2,4,100,1,https://www.ratemyprofessors.com/professor/3020566
12,Western Washington University,U2Nob29sLTExODQ=,WA,VGVhY2hlci0yMDYyMTg0,2062184,Miller,Krause,Classics,4.4,2.9,87.5,16,https://www.ratemyprofessors.com/professor/2062184
12,Western Washington University,U2Nob29sLTExODQ=,WA,VGVhY2hlci04MzczNTM=,837353,Brad,Howard,Journalism,2.9,2.5,35.8974,85,https://www.ratemyprofessors.com/professor/837353
12,Western Washington University,U2Nob29sLTExODQ=,WA,VGVhY2hlci01NzQ4MTY=,574816,Dawn,Detrich,English,3.5,4,100,15,https://www.ratemyprofessors.com/professor/574816
12,Western Washington University,U2Nob29sLTExODQ=,WA,VGVhY2hlci0yOTQ5ODIw,2949820,Kathryn,Vulic,English,4,4,100,1,https://www.ratemyprofessors.com/professor/2949820
12,Western Washington University,U2Nob29sLTExODQ=,WA,VGVhY2hlci0yMzkxMDcx,2391071,Peter,Pihos,History,4.3,3.2,75,12,https://www.ratemyprofessors.com/professor/2391071
12,Western Washington University,U2Nob29sLTExODQ=,WA,VGVhY2hlci0yNTQ5MTE4,2549118,Raine,Dozier,Human Services,3.9,2.6,75,8,https://www.ratemyprofessors.com/professor/2549118
12,Western Washington University,U2Nob29sLTExODQ=,WA,VGVhY2hlci0zMDE5Mzc3,3019377,Derek,Delvalle,Human Services,5,1,100,1,https://www.ratemyprofessors.com/professor/3019377
12,Western Washington University,U2Nob29sLTExODQ=,WA,VGVhY2hlci0xMjg4MzE0,1288314,Tyson,Waldo,Environmental Studies,4.4,2.8,100,9,https://www.ratemyprofessors.com/professor/1288314
12,Western Washington University,U2Nob29sLTExODQ=,WA,VGVhY2hlci01MDgxMjE=,508121,Laura,Overstreet,Sociology,4.1,2.4,61.1111,39,https://www.ratemyprofessors.com/professor/508121
12,Western Washington University,U2Nob29sLTExODQ=,WA,VGVhY2hlci0yNzc3Njgy,2777682,Grace,Dunbar-Miller,English,5,2.1,100,12,https://www.ratemyprofessors.com/professor/2777682
12,Western Washington University,U2Nob29sLTExODQ=,WA,VGVhY2hlci0yOTQ0ODg2,2944886,Katherine,Burge,History,3,1.8,62.5,8,https://www.ratemyprofessors.com/professor/2944886
12,Western Washington University,U2Nob29sLTExODQ=,WA,VGVhY2hlci0yNTQzMTkx,2543191,Clayton,Pierce,Interdisciplinary Studies,5,2.6,100,5,https://www.ratemyprofessors.com/professor/2543191
12,Western Washington University,U2Nob29sLTExODQ=,WA,VGVhY2hlci0xMjcxMTA1,1271105,Reid,Kerr,English,4.5,2.3,100,3,https://www.ratemyprofessors.com/professor/1271105
12,Western Washington University,U2Nob29sLTExODQ=,WA,VGVhY2hlci0xMjUwMDA0,1250004,Christina,Keppie,World Languages & Cultures,4.5,3.3,85.7143,43,https://www.ratemyprofessors.com/professor/1250004
12,Western Washington University,U2Nob29sLTExODQ=,WA,VGVhY2hlci0yOTcyMzg1,2972385,Kaden,Holladay,Linguistics,3.3,3.5,54.5455,11,https://www.ratemyprofessors.com/professor/2972385
12,Western Washington University,U2Nob29sLTExODQ=,WA,VGVhY2hlci0yOTc0ODM0,2974834,Zander,Albertson ,Geography,3,4,100,1,https://www.ratemyprofessors.com/professor/2974834
12,Western Washington University,U2Nob29sLTExODQ=,WA,VGVhY2hlci0yMDk3Mzcx,2097371,Daniel,Nessly,Geography,4.2,2.2,73.3333,21,https://www.ratemyprofessors.com/professor/2097371
12,Western Washington University,U2Nob29sLTExODQ=,WA,VGVhY2hlci0yMDY3MTIy,2067122,Pedro,Cameselle,History,3,3.7,43.4783,37,https://www.ratemyprofessors.com/professor/2067122
12,Western Washington University,U2Nob29sLTExODQ=,WA,VGVhY2hlci0yMjY3OTUx,2267951,Katherine,Baker,Business,4,2.4,86.4865,37,https://www.ratemyprofessors.com/professor/2267951
12,Western Washington University,U2Nob29sLTExODQ=,WA,VGVhY2hlci0xNDE0NzE3,1414717,Lee E.,McClain,Management,2.7,3.2,75,15,https://www.ratemyprofessors.com/professor/1414717
12,Western Washington University,U2Nob29sLTExODQ=,WA,VGVhY2hlci0yOTkxMTc1,2991175,D'Angelo,Bridges,English,3.6,3,60,5,https://www.ratemyprofessors.com/professor/2991175
12,Western Washington University,U2Nob29sLTExODQ=,WA,VGVhY2hlci0yMjI4MjM1,2228235,Josh,Fisher,Anthropology,4.7,3.3,95.8333,24,https://www.ratemyprofessors.com/professor/2228235
12,Western Washington University,U2Nob29sLTExODQ=,WA,VGVhY2hlci0yMTE2Nzk0,2116794,Stephanie,Maher,Liberal Studies,4.5,2.2,100,6,https://www.ratemyprofessors.com/professor/2116794
12,Western Washington University,U2Nob29sLTExODQ=,WA,VGVhY2hlci0yODUzMTYz,2853163,Claudia,Liu,Foreign Languages & Literature,5,3,100,5,https://www.ratemyprofessors.com/professor/2853163
12,Western Washington University,U2Nob29sLTExODQ=,WA,VGVhY2hlci0xOTQ1NjM0,1945634,Thomas,Keeline,Classical  Medieval Studies,4.4,1.9,100,14,https://www.ratemyprofessors.com/professor/1945634
12,Western Washington University,U2Nob29sLTExODQ=,WA,VGVhY2hlci0yODc4MTU0,2878154,Melina ,Juarez,Women's Studies,5,2.4,100,5,https://www.ratemyprofessors.com/professor/2878154
12,Western Washington University,U2Nob29sLTExODQ=,WA,VGVhY2hlci0yMzUxNDk5,2351499,Tania,Krumpak,Education,3.3,1.7,66.6667,6,https://www.ratemyprofessors.com/professor/2351499
12,Western Washington University,U2Nob29sLTExODQ=,WA,VGVhY2hlci04OTg5OTI=,898992,Jennifer,Karchmer,Communication,3.5,3,0,27,https://www.ratemyprofessors.com/professor/898992
12,Western Washington University,U2Nob29sLTExODQ=,WA,VGVhY2hlci04OTkzNzM=,899373,Hugo,Garcia,Foreign Languages & Literature,4.5,2,70,30,https://www.ratemyprofessors.com/professor/899373
12,Western Washington University,U2Nob29sLTExODQ=,WA,VGVhY2hlci0yNjk0Mzg4,2694388,Nada,Elia,Multicultural Studies,5,2.4,100,8,https://www.ratemyprofessors.com/professor/2694388
12,Western Washington University,U2Nob29sLTExODQ=,WA,VGVhY2hlci0yNDk3NTE4,2497518,Robert,Snyderman,Ethnic Studies,4,3.7,100,3,https://www.ratemyprofessors.com/professor/2497518
12,Western Washington University,U2Nob29sLTExODQ=,WA,VGVhY2hlci0zMDEwMTc2,3010176,Georgia ,Lang,Interdisciplinary Studies,5,3,100,1,https://www.ratemyprofessors.com/professor/3010176
12,Western Washington University,U2Nob29sLTExODQ=,WA,VGVhY2hlci0yNTQzMTg5,2543189,Anna,Blick,Interdisciplinary Studies,5,1,100,1,https://www.ratemyprofessors.com/professor/2543189
12,Western Washington University,U2Nob29sLTExODQ=,WA,VGVhY2hlci0yOTU5NTQ0,2959544,Mira,Lutz,Earth Science,3.5,2.4,60,10,https://www.ratemyprofessors.com/professor/2959544
12,Western Washington University,U2Nob29sLTExODQ=,WA,VGVhY2hlci0xNzAwOTU=,170095,Tom,Terich,Geography,2.7,2.6,50,59,https://www.ratemyprofessors.com/professor/170095
12,Western Washington University,U2Nob29sLTExODQ=,WA,VGVhY2hlci0yNDA1ODU0,2405854,Katie,Weed,English,4.8,2.1,95.4545,22,https://www.ratemyprofessors.com/professor/2405854
12,Western Washington University,U2Nob29sLTExODQ=,WA,VGVhY2hlci0zMDA4Nzcz,3008773,Sarah,Schlittler,Health Science,2,5,0,1,https://www.ratemyprofessors.com/professor/3008773
12,Western Washington University,U2Nob29sLTExODQ=,WA,VGVhY2hlci0xNTUzMjcw,1553270,Andrew,Schopieray,Mathematics,5,2,100,8,https://www.ratemyprofessors.com/professor/1553270
12,Western Washington University,U2Nob29sLTExODQ=,WA,VGVhY2hlci0xNjEyOTA=,161290,Spencer,Anthony-Cahill,Chemistry,4.3,4,70.5882,84,https://www.ratemyprofessors.com/professor/161290
12,Western Washington University,U2Nob29sLTExODQ=,WA,VGVhY2hlci01NjQ1OTY=,564596,Lorrie,Brilla,Physical Ed,2.4,3.4,22.2222,54,https://www.ratemyprofessors.com/professor/564596
12,Western Washington University,U2Nob29sLTExODQ=,WA,VGVhY2hlci0yMjMwOTkw,2230990,Sophie,Yu,Anthropology,3.4,2.1,52.6316,19,https://www.ratemyprofessors.com/professor/2230990
12,Western Washington University,U2Nob29sLTExODQ=,WA,VGVhY2hlci0yMDE0Nzg2,2014786,Mark,Neff,Environmental Studies,3.9,4.1,73.3333,16,https://www.ratemyprofessors.com/professor/2014786
12,Western Washington University,U2Nob29sLTExODQ=,WA,VGVhY2hlci0xNjk4Mjg5,1698289,Rebecca,Bunn,Environmental Studies,4.5,2.9,100,10,https://www.ratemyprofessors.com/professor/1698289
12,Western Washington University,U2Nob29sLTExODQ=,WA,VGVhY2hlci0yODQ0NjY3,2844667,Sally,Scopa,Art,5,2.2,100,6,https://www.ratemyprofessors.com/professor/2844667
12,Western Washington University,U2Nob29sLTExODQ=,WA,VGVhY2hlci0yOTY3Njkz,2967693,Sara,Stout,Mathematics,3,3,50,2,https://www.ratemyprofessors.com/professor/2967693
12,Western Washington University,U2Nob29sLTExODQ=,WA,VGVhY2hlci0yOTUwNDI1,2950425,Cori,Lovejoy,Management,2,4,50,2,https://www.ratemyprofessors.com/professor/2950425
12,Western Washington University,U2Nob29sLTExODQ=,WA,VGVhY2hlci0xMjU5ODAw,1259800,Shannon,Dubenion-Smith,Foreign Languages & Literature,4.5,2.9,100,25,https://www.ratemyprofessors.com/professor/1259800
12,Western Washington University,U2Nob29sLTExODQ=,WA,VGVhY2hlci0yODQ3NTA2,2847506,Jamie,Good,English,5,1.6,100,5,https://www.ratemyprofessors.com/professor/2847506
12,Western Washington University,U2Nob29sLTExODQ=,WA,VGVhY2hlci0xMzY3ODQ1,1367845,Kirsten,Drickey,Modern and Classical Languages,4.3,2.8,92.8571,63,https://www.ratemyprofessors.com/professor/1367845
12,Western Washington University,U2Nob29sLTExODQ=,WA,VGVhY2hlci05NTQ0MjA=,954420,Betsey,Raymond,Chemistry,3.1,3.7,60,38,https://www.ratemyprofessors.com/professor/954420
12,Western Washington University,U2Nob29sLTExODQ=,WA,VGVhY2hlci0xMTU1NzA2,1155706,Susan,Haines,Dance,4.5,1.6,100,11,https://www.ratemyprofessors.com/professor/1155706
12,Western Washington University,U2Nob29sLTExODQ=,WA,VGVhY2hlci0xMTA5MzEy,1109312,Eduardo,Engelsing,Modern & Classical Lang & Lit.,4.3,2.4,83.3333,44,https://www.ratemyprofessors.com/professor/1109312
12,Western Washington University,U2Nob29sLTExODQ=,WA,VGVhY2hlci0yNjczMzE1,2673315,Katie,Rupe,Mathematics,5,2.6,100,10,https://www.ratemyprofessors.com/professor/2673315
12,Western Washington University,U2Nob29sLTExODQ=,WA,VGVhY2hlci0xMjE2NjEw,1216610,Gregory,O'Neil,Chemistry,4.3,4,90,20,https://www.ratemyprofessors.com/professor/1216610
12,Western Washington University,U2Nob29sLTExODQ=,WA,VGVhY2hlci0xNzcyMjQ3,1772247,Leon,Erickson,English,4.9,2,100,5,https://www.ratemyprofessors.com/professor/1772247
12,Western Washington University,U2Nob29sLTExODQ=,WA,VGVhY2hlci0xMjI0NDU1,1224455,Andrew,Blick,Education,5,1,100,1,https://www.ratemyprofessors.com/professor/1224455
12,Western Washington University,U2Nob29sLTExODQ=,WA,VGVhY2hlci0xNDI0OTg1,1424985,Vanessa,Blackburn,Journalism,4.3,2,83.3333,12,https://www.ratemyprofessors.com/professor/1424985
12,Western Washington University,U2Nob29sLTExODQ=,WA,VGVhY2hlci0xMjM5Mzc3,1239377,Jackie,Rose,Psychology,2.5,4,28.125,78,https://www.ratemyprofessors.com/professor/1239377
12,Western Washington University,U2Nob29sLTExODQ=,WA,VGVhY2hlci0yNDk0MTk0,2494194,Hope,Corbin,Human Services,3.5,3.5,50,2,https://www.ratemyprofessors.com/professor/2494194
12,Western Washington University,U2Nob29sLTExODQ=,WA,VGVhY2hlci0xOTM2NzMy,1936732,Bradley,Howard,Journalism,2.8,2,66.6667,5,https://www.ratemyprofessors.com/professor/1936732
12,Western Washington University,U2Nob29sLTExODQ=,WA,VGVhY2hlci0yOTA2NTY5,2906569,Drake ,Woosley,Mathematics,1.7,4,0,3,https://www.ratemyprofessors.com/professor/2906569
12,Western Washington University,U2Nob29sLTExODQ=,WA,VGVhY2hlci0xMzc2Njcx,1376671,Kelly,Magee,English,4.2,2.6,91.6667,19,https://www.ratemyprofessors.com/professor/1376671
12,Western Washington University,U2Nob29sLTExODQ=,WA,VGVhY2hlci00MTYyMjg=,416228,Steven,Vanderstaay,English,4.5,2.2,100,20,https://www.ratemyprofessors.com/professor/416228
12,Western Washington University,U2Nob29sLTExODQ=,WA,VGVhY2hlci00MTkzMDI=,419302,Kristen,Larson,Physics,4.3,3,86.2069,92,https://www.ratemyprofessors.com/professor/419302
12,Western Washington University,U2Nob29sLTExODQ=,WA,VGVhY2hlci0yODQ3NTc1,2847575,Quentin,Jensen,Computer Science,3.8,2,60,5,https://www.ratemyprofessors.com/professor/2847575
12,Western Washington University,U2Nob29sLTExODQ=,WA,VGVhY2hlci01ODU1Nzk=,585579,Donna,Qualley,English,3.3,3.1,36.8421,34,https://www.ratemyprofessors.com/professor/585579
12,Western Washington University,U2Nob29sLTExODQ=,WA,VGVhY2hlci01Nzc1ODc=,577587,Mark,Lester,English,3.1,2.9,37.8378,91,https://www.ratemyprofessors.com/professor/577587
12,Western Washington University,U2Nob29sLTExODQ=,WA,VGVhY2hlci0yNTIzNTYz,2523563,Diane,Hansey,Mathematics,1.6,3.5,8,25,https://www.ratemyprofessors.com/professor/2523563
12,Western Washington University,U2Nob29sLTExODQ=,WA,VGVhY2hlci0zOTkzNzU=,399375,Edoh,Amiran,Mathematics,4,3,70,93,https://www.ratemyprofessors.com/professor/399375
12,Western Washington University,U2Nob29sLTExODQ=,WA,VGVhY2hlci0zNjMxOTI=,363192,Stefan,Freelan,Geography,4.4,3.3,83.3333,11,https://www.ratemyprofessors.com/professor/363192
12,Western Washington University,U2Nob29sLTExODQ=,WA,VGVhY2hlci01NzY4ODg=,576888,Jianna,Zhang,Computer Science,2.7,2.5,0,35,https://www.ratemyprofessors.com/professor/576888
12,Western Washington University,U2Nob29sLTExODQ=,WA,VGVhY2hlci0yOTQ3NTY4,2947568,Lauren,Schneider,Linguistics,4,3,100,3,https://www.ratemyprofessors.com/professor/2947568
12,Western Washington University,U2Nob29sLTExODQ=,WA,VGVhY2hlci0xNTk3MzM5,1597339,Fiero,Petra,Modern and Classical Languages,5,2,100,2,https://www.ratemyprofessors.com/professor/1597339
12,Western Washington University,U2Nob29sLTExODQ=,WA,VGVhY2hlci0yOTQ5MjQw,2949240,Alassane,Dia,English,1,3,0,2,https://www.ratemyprofessors.com/professor/2949240
12,Western Washington University,U2Nob29sLTExODQ=,WA,VGVhY2hlci0yOTc3MzM5,2977339,Sarah,Monaghan,Theater,5,4,100,1,https://www.ratemyprofessors.com/professor/2977339
12,Western Washington University,U2Nob29sLTExODQ=,WA,VGVhY2hlci0xMzU2MzQ=,135634,Kristi,Tyran,Business,1.9,3.3,19.0476,51,https://www.ratemyprofessors.com/professor/135634
12,Western Washington University,U2Nob29sLTExODQ=,WA,VGVhY2hlci03MDUzODk=,705389,Mary Denise,Sass,Business,4.1,3.5,81.8182,50,https://www.ratemyprofessors.com/professor/705389
12,Western Washington University,U2Nob29sLTExODQ=,WA,VGVhY2hlci0yMzYwMzE5,2360319,Desiree,Cueto,Education,3.3,2.1,54.5455,11,https://www.ratemyprofessors.com/professor/2360319
12,Western Washington University,U2Nob29sLTExODQ=,WA,VGVhY2hlci0zMTE0MzA=,311430,Scott,Linneman,Geology,3.5,2.9,100,25,https://www.ratemyprofessors.com/professor/311430
12,Western Washington University,U2Nob29sLTExODQ=,WA,VGVhY2hlci0yODUyNzM0,2852734,Katherine,Clark,Mathematics,1,4,0,1,https://www.ratemyprofessors.com/professor/2852734
12,Western Washington University,U2Nob29sLTExODQ=,WA,VGVhY2hlci0yMjYzMTIw,2263120,Kaitlyn,Teer,English,4.9,2.5,100,12,https://www.ratemyprofessors.com/professor/2263120
12,Western Washington University,U2Nob29sLTExODQ=,WA,VGVhY2hlci0yNjU4OTk=,265899,James,Hearne,Computer Science,3.4,2.9,33.3333,50,https://www.ratemyprofessors.com/professor/265899
12,Western Washington University,U2Nob29sLTExODQ=,WA,VGVhY2hlci01MDg2OTU=,508695,David,Hartenstine,Mathematics,3.4,3.7,42.8571,47,https://www.ratemyprofessors.com/professor/508695
12,Western Washington University,U2Nob29sLTExODQ=,WA,VGVhY2hlci01MjE4NjY=,521866,Michael,Meehan,Computer Science,2.1,4.1,27.1186,71,https://www.ratemyprofessors.com/professor/521866
12,Western Washington University,U2Nob29sLTExODQ=,WA,VGVhY2hlci0yMzU4NTE5,2358519,Jill,Witt,Environmental Studies,4,3,100,1,https://www.ratemyprofessors.com/professor/2358519
12,Western Washington University,U2Nob29sLTExODQ=,WA,VGVhY2hlci0xNzU2ODUy,1756852,Robin,Kodner,Biology,3.1,3,66.6667,24,https://www.ratemyprofessors.com/professor/1756852
12,Western Washington University,U2Nob29sLTExODQ=,WA,VGVhY2hlci0yODg2Nzc5,2886779,Amy,Feeney,Music,4.5,3,100,2,https://www.ratemyprofessors.com/professor/2886779
12,Western Washington University,U2Nob29sLTExODQ=,WA,VGVhY2hlci0yMzI2NTg1,2326585,Wesley,Deneke,Computer Science,4.5,3.1,90,10,https://www.ratemyprofessors.com/professor/2326585
12,Western Washington University,U2Nob29sLTExODQ=,WA,VGVhY2hlci0xNzU0MTU0,1754154,Andrew,Jorgenson,Mathematics,3.8,3.4,100,30,https://www.ratemyprofessors.com/professor/1754154
12,Western Washington University,U2Nob29sLTExODQ=,WA,VGVhY2hlci0xNTUzMjA4,1553208,Mauricio,Araniva,Modern and Classical Languages,3.7,3.6,55.5556,68,https://www.ratemyprofessors.com/professor/1553208
12,Western Washington University,U2Nob29sLTExODQ=,WA,VGVhY2hlci0xMDU3ODEz,1057813,Eric,Dechaine,Biology,3.9,3.3,57.1429,16,https://www.ratemyprofessors.com/professor/1057813
12,Western Washington University,U2Nob29sLTExODQ=,WA,VGVhY2hlci0xNDUwNDU3,1450457,Seth,Fienberg,Sociology,3.1,2.9,60,13,https://www.ratemyprofessors.com/professor/1450457
12,Western Washington University,U2Nob29sLTExODQ=,WA,VGVhY2hlci0yNzAzNjEw,2703610,Austin,Shaw,Design,4.9,3,100,7,https://www.ratemyprofessors.com/professor/2703610
12,Western Washington University,U2Nob29sLTExODQ=,WA,VGVhY2hlci0xMjU0NDQ5,1254449,Caitlin,Carle,English,4.9,2.6,100,5,https://www.ratemyprofessors.com/professor/1254449
12,Western Washington University,U2Nob29sLTExODQ=,WA,VGVhY2hlci03NDExNTA=,741150,Jeffrey,Gilliam,Music,4.4,3.1,100,7,https://www.ratemyprofessors.com/professor/741150
12,Western Washington University,U2Nob29sLTExODQ=,WA,VGVhY2hlci0xMzM3Njgw,1337680,Judith,Widrig,Music,2.9,2,100,5,https://www.ratemyprofessors.com/professor/1337680
12,Western Washington University,U2Nob29sLTExODQ=,WA,VGVhY2hlci0yOTYzNzQ4,2963748,Shirley ,Prichard ,Education,4,4,0,1,https://www.ratemyprofessors.com/professor/2963748
12,Western Washington University,U2Nob29sLTExODQ=,WA,VGVhY2hlci0yOTYzNzQy,2963742,Laurie ,Pollock ,Education,5,2,100,1,https://www.ratemyprofessors.com/professor/2963742
12,Western Washington University,U2Nob29sLTExODQ=,WA,VGVhY2hlci0yODg3MTQ1,2887145,Tommie,McPhetridge,English,4,2.7,66.6667,3,https://www.ratemyprofessors.com/professor/2887145
12,Western Washington University,U2Nob29sLTExODQ=,WA,VGVhY2hlci0yOTE0NjY2,2914666,Mickey,Mann,English,5,3,100,1,https://www.ratemyprofessors.com/professor/2914666
12,Western Washington University,U2Nob29sLTExODQ=,WA,VGVhY2hlci0xNzcxNTYx,1771561,Siyamak,Zabihi-Moghaddam,History,3.5,3.6,80,19,https://www.ratemyprofessors.com/professor/1771561
12,Western Washington University,U2Nob29sLTExODQ=,WA,VGVhY2hlci0yOTU3NDEw,2957410,Mikayla,Goodkin,English,5,2,100,3,https://www.ratemyprofessors.com/professor/2957410
12,Western Washington University,U2Nob29sLTExODQ=,WA,VGVhY2hlci0yODg3MzIz,2887323,Wilson,Sackett,English,5,3,100,1,https://www.ratemyprofessors.com/professor/2887323
12,Western Washington University,U2Nob29sLTExODQ=,WA,VGVhY2hlci01MDgxMjk=,508129,Larry,Estrada,Ethnic Studies,4,3.5,75,39,https://www.ratemyprofessors.com/professor/508129
12,Western Washington University,U2Nob29sLTExODQ=,WA,VGVhY2hlci0xODAyOTY4,1802968,Gail,Coulter,Education,1.1,4.2,0,11,https://www.ratemyprofessors.com/professor/1802968
12,Western Washington University,U2Nob29sLTExODQ=,WA,VGVhY2hlci00NTk0Njk=,459469,Karen,Stout,Communication,4.2,2.8,64.2857,33,https://www.ratemyprofessors.com/professor/459469
12,Western Washington University,U2Nob29sLTExODQ=,WA,VGVhY2hlci0yNDk3NTIz,2497523,Lindsey,MacDonald,Environmental Studies,3,2.7,66.6667,3,https://www.ratemyprofessors.com/professor/2497523
12,Western Washington University,U2Nob29sLTExODQ=,WA,VGVhY2hlci0xNTA1NDk=,150549,Pamela,Whalley,Economics,3.1,2.6,44.8276,47,https://www.ratemyprofessors.com/professor/150549
12,Western Washington University,U2Nob29sLTExODQ=,WA,VGVhY2hlci0yODg2NTAz,2886503,Caleb,Zilmer,Linguistics,2,3,0,2,https://www.ratemyprofessors.com/professor/2886503
12,Western Washington University,U2Nob29sLTExODQ=,WA,VGVhY2hlci0yNjc1NDgx,2675481,Kurt,Robertson,Business,5,3,100,2,https://www.ratemyprofessors.com/professor/2675481
12,Western Washington University,U2Nob29sLTExODQ=,WA,VGVhY2hlci0yMjM3Njgy,2237682,Marco,Hatch,Environmental Studies,4.6,3,100,11,https://www.ratemyprofessors.com/professor/2237682
12,Western Washington University,U2Nob29sLTExODQ=,WA,VGVhY2hlci02MDY5NjE=,606961,Janet,Mock,Mathematics,4.8,2.8,100,28,https://www.ratemyprofessors.com/professor/606961
12,Western Washington University,U2Nob29sLTExODQ=,WA,VGVhY2hlci0xNzI4NTIy,1728522,Richard,Hanson,Education,4.7,2.4,100,25,https://www.ratemyprofessors.com/professor/1728522
12,Western Washington University,U2Nob29sLTExODQ=,WA,VGVhY2hlci0yNjgxNTg0,2681584,Daniele,Di Lodovico,Art History,3.2,3.8,66.6667,6,https://www.ratemyprofessors.com/professor/2681584
12,Western Washington University,U2Nob29sLTExODQ=,WA,VGVhY2hlci0yNzc2NDQ0,2776444,Joshua,Darius,Education,4,1.5,50,2,https://www.ratemyprofessors.com/professor/2776444
12,Western Washington University,U2Nob29sLTExODQ=,WA,VGVhY2hlci0yODk0Mjc5,2894279,Steve ,Renette,History,2.3,4,33.3333,3,https://www.ratemyprofessors.com/professor/2894279
12,Western Washington University,U2Nob29sLTExODQ=,WA,VGVhY2hlci0xMDMzMzQ0,1033344,Jeff,King,Psychology,4.7,2,100,25,https://www.ratemyprofessors.com/professor/1033344
12,Western Washington University,U2Nob29sLTExODQ=,WA,VGVhY2hlci0yODI0NzE0,2824714,Cheryl,Matthew,Anthropology,2.6,2.6,40,5,https://www.ratemyprofessors.com/professor/2824714
12,Western Washington University,U2Nob29sLTExODQ=,WA,VGVhY2hlci01ODAwNjA=,580060,Vernon,Johnson,Political Science,3.8,2.9,62.5,49,https://www.ratemyprofessors.com/professor/580060
12,Western Washington University,U2Nob29sLTExODQ=,WA,VGVhY2hlci0yNTI1MDg2,2525086,Sheryl,Bernardo-Hinesley,Modern and Classical Languages,4.6,3.4,100,24,https://www.ratemyprofessors.com/professor/2525086
12,Western Washington University,U2Nob29sLTExODQ=,WA,VGVhY2hlci0yNzc5Mzkz,2779393,Morgan,Eisenlord,Environmental Science,2,2,16.6667,6,https://www.ratemyprofessors.com/professor/2779393
12,Western Washington University,U2Nob29sLTExODQ=,WA,VGVhY2hlci0yMDYzMDE5,2063019,G,McGrew,Chemistry,1.4,4.5,7.8947,44,https://www.ratemyprofessors.com/professor/2063019
12,Western Washington University,U2Nob29sLTExODQ=,WA,VGVhY2hlci0yODg2MDQ2,2886046,Laurel,Eby,Social Work,5,2,100,1,https://www.ratemyprofessors.com/professor/2886046
12,Western Washington University,U2Nob29sLTExODQ=,WA,VGVhY2hlci0yNzc2NTA3,2776507,D'Anthoni,Wooten,Music,4.5,3,100,2,https://www.ratemyprofessors.com/professor/2776507
12,Western Washington University,U2Nob29sLTExODQ=,WA,VGVhY2hlci0xOTk2MjE0,1996214,Barbara,Farrand,Psychology,3.4,2.6,70,23,https://www.ratemyprofessors.com/professor/1996214
12,Western Washington University,U2Nob29sLTExODQ=,WA,VGVhY2hlci0xOTg5OTc0,1989974,Gerard,Campbell,Business,2.4,3.4,21.0526,22,https://www.ratemyprofessors.com/professor/1989974
12,Western Washington University,U2Nob29sLTExODQ=,WA,VGVhY2hlci0yMjE0NDc=,221447,Anne,Lobeck,English,3.6,3.1,58.3333,53,https://www.ratemyprofessors.com/professor/221447
12,Western Washington University,U2Nob29sLTExODQ=,WA,VGVhY2hlci0yNDMyNjA1,2432605,Ying,Bao,Chemistry,4.5,3.5,90,10,https://www.ratemyprofessors.com/professor/2432605
12,Western Washington University,U2Nob29sLTExODQ=,WA,VGVhY2hlci0yOTE0Njc0,2914674,Sylvia,Hadnot,Environmental Science,5,2.3,100,3,https://www.ratemyprofessors.com/professor/2914674
12,Western Washington University,U2Nob29sLTExODQ=,WA,VGVhY2hlci0yMTk2MDQx,2196041,Emily,Curtis,Linguistics,2.9,2.7,46.0317,63,https://www.ratemyprofessors.com/professor/2196041
12,Western Washington University,U2Nob29sLTExODQ=,WA,VGVhY2hlci0xOTg2NzA5,1986709,Adam,Moles,Biology,3.5,3.5,66.6667,6,https://www.ratemyprofessors.com/professor/1986709
12,Western Washington University,U2Nob29sLTExODQ=,WA,VGVhY2hlci0xOTIyNTcx,1922571,Dean,Wright ,Journalism,4.9,2.4,100,25,https://www.ratemyprofessors.com/professor/1922571
12,Western Washington University,U2Nob29sLTExODQ=,WA,VGVhY2hlci0yNDI1MTY4,2425168,Anne,Fast,Psychology,4.4,2.6,94.4444,18,https://www.ratemyprofessors.com/professor/2425168
12,Western Washington University,U2Nob29sLTExODQ=,WA,VGVhY2hlci0yMjY1MDM1,2265035,Suzi,Wright,Teaching English As A 2nd Lang,2.1,3.1,28.5714,28,https://www.ratemyprofessors.com/professor/2265035
12,Western Washington University,U2Nob29sLTExODQ=,WA,VGVhY2hlci0xODA2MDA3,1806007,Christie,McLean-Kessler,Education,3.7,3.1,80,9,https://www.ratemyprofessors.com/professor/1806007
12,Western Washington University,U2Nob29sLTExODQ=,WA,VGVhY2hlci0yODU5Mzgw,2859380,Haley,Nutt,Music,5,2,100,2,https://www.ratemyprofessors.com/professor/2859380
12,Western Washington University,U2Nob29sLTExODQ=,WA,VGVhY2hlci0yNDE5MzQx,2419341,Michael,Schulze-Oechtering,History,4.5,3,100,2,https://www.ratemyprofessors.com/professor/2419341
12,Western Washington University,U2Nob29sLTExODQ=,WA,VGVhY2hlci0yNzczMjk5,2773299,Elias,Bashir,Mathematics,3.6,2.4,60,5,https://www.ratemyprofessors.com/professor/2773299
12,Western Washington University,U2Nob29sLTExODQ=,WA,VGVhY2hlci0yODc5Mjc1,2879275,Kevin,Sweet,Mathematics,1.5,4.5,0,2,https://www.ratemyprofessors.com/professor/2879275
12,Western Washington University,U2Nob29sLTExODQ=,WA,VGVhY2hlci0yODgzNzMx,2883731,S.,Steele,English,1.5,2,0,6,https://www.ratemyprofessors.com/professor/2883731
12,Western Washington University,U2Nob29sLTExODQ=,WA,VGVhY2hlci0yODc0NTUz,2874553,Hayley,Steele,English,1.3,2.5,0,4,https://www.ratemyprofessors.com/professor/2874553
12,Western Washington University,U2Nob29sLTExODQ=,WA,VGVhY2hlci0xMjE0ODYy,1214862,David,Banner,Human Services,4.8,1.3,100,3,https://www.ratemyprofessors.com/professor/1214862
12,Western Washington University,U2Nob29sLTExODQ=,WA,VGVhY2hlci0xNTQ0ODk0,1544894,Paula,Dagnon,Education,5,2.7,100,9,https://www.ratemyprofessors.com/professor/1544894
12,Western Washington University,U2Nob29sLTExODQ=,WA,VGVhY2hlci0yODkwOTkw,2890990,Mary-Peck,Peters,Education,5,2,100,1,https://www.ratemyprofessors.com/professor/2890990
12,Western Washington University,U2Nob29sLTExODQ=,WA,VGVhY2hlci0zOTk1Nzc=,399577,Amanda,Eurich,History,3.1,3.5,41.1765,66,https://www.ratemyprofessors.com/professor/399577
12,Western Washington University,U2Nob29sLTExODQ=,WA,VGVhY2hlci0yODQxNTA3,2841507,Fatemeh,Tashakori,Art History,3.2,2.3,57.1429,14,https://www.ratemyprofessors.com/professor/2841507
12,Western Washington University,U2Nob29sLTExODQ=,WA,VGVhY2hlci02MDM4NTA=,603850,Gordon,Chalmers,Physical Ed,3.8,1.9,25,21,https://www.ratemyprofessors.com/professor/603850
12,Western Washington University,U2Nob29sLTExODQ=,WA,VGVhY2hlci0xNjU2NTYw,1656560,Joan,Connell,Journalism,4.7,2.3,93.75,27,https://www.ratemyprofessors.com/professor/1656560
12,Western Washington University,U2Nob29sLTExODQ=,WA,VGVhY2hlci0yNjQwNzcz,2640773,Carl,Gellert,Art History,3.8,2.7,66.6667,9,https://www.ratemyprofessors.com/professor/2640773
12,Western Washington University,U2Nob29sLTExODQ=,WA,VGVhY2hlci0yNzc5NjA1,2779605,Angela,Strecker,Environmental Science,3.5,4,50,4,https://www.ratemyprofessors.com/professor/2779605
12,Western Washington University,U2Nob29sLTExODQ=,WA,VGVhY2hlci0yODg4ODU4,2888858,Kirk,Desler,Engineering,4,2,100,1,https://www.ratemyprofessors.com/professor/2888858
12,Western Washington University,U2Nob29sLTExODQ=,WA,VGVhY2hlci0xODI0Mjk4,1824298,Colin,Amos,Geology,4.1,2.8,75,14,https://www.ratemyprofessors.com/professor/1824298
12,Western Washington University,U2Nob29sLTExODQ=,WA,VGVhY2hlci0xMjE4MTUx,1218151,Victoria,Anderson,Mathematics,2.7,4.2,29.703,155,https://www.ratemyprofessors.com/professor/1218151
12,Western Washington University,U2Nob29sLTExODQ=,WA,VGVhY2hlci0yMjkzNDk2,2293496,Ely,Shipley,English,4.9,2.3,100,16,https://www.ratemyprofessors.com/professor/2293496
12,Western Washington University,U2Nob29sLTExODQ=,WA,VGVhY2hlci0xOTg2Nzcy,1986772,Paula ,Airth,Design,4.1,3.6,66.6667,5,https://www.ratemyprofessors.com/professor/1986772
12,Western Washington University,U2Nob29sLTExODQ=,WA,VGVhY2hlci0yNzY0NjI1,2764625,Victoria,Bay,Mathematics,4,2.8,75,4,https://www.ratemyprofessors.com/professor/2764625
12,Western Washington University,U2Nob29sLTExODQ=,WA,VGVhY2hlci0yODI4ODY5,2828869,Chase,Willis,English,5,1,100,1,https://www.ratemyprofessors.com/professor/2828869
12,Western Washington University,U2Nob29sLTExODQ=,WA,VGVhY2hlci02MjE1MDk=,621509,Mark,Miller,Communication,4.8,1.6,100,10,https://www.ratemyprofessors.com/professor/621509
12,Western Washington University,U2Nob29sLTExODQ=,WA,VGVhY2hlci0yODg2OTk1,2886995,Tawakalt,Akinjobi,Chemistry,5,1,100,1,https://www.ratemyprofessors.com/professor/2886995
12,Western Washington University,U2Nob29sLTExODQ=,WA,VGVhY2hlci0yMjMwNDM=,223043,Ning,Yu,English,3.7,2.6,71.4286,56,https://www.ratemyprofessors.com/professor/223043
12,Western Washington University,U2Nob29sLTExODQ=,WA,VGVhY2hlci0xMjQwNDI5,1240429,Michael,Mana,Psychology,3.8,3.1,54.5455,21,https://www.ratemyprofessors.com/professor/1240429
12,Western Washington University,U2Nob29sLTExODQ=,WA,VGVhY2hlci0yODU2NTg5,2856589,Taylor,Getzin,Education,5,2.5,100,2,https://www.ratemyprofessors.com/professor/2856589
12,Western Washington University,U2Nob29sLTExODQ=,WA,VGVhY2hlci0yODc2MDcz,2876073,Evan,Scott,Mathematics,5,3,100,2,https://www.ratemyprofessors.com/professor/2876073
12,Western Washington University,U2Nob29sLTExODQ=,WA,VGVhY2hlci0yODg1Mzcy,2885372,Ashley,Mask,Education,5,3,100,1,https://www.ratemyprofessors.com/professor/2885372
12,Western Washington University,U2Nob29sLTExODQ=,WA,VGVhY2hlci0yMzk5MTc=,239917,Tim,Fitzpatrick,Music,4.3,1.8,75,47,https://www.ratemyprofessors.com/professor/239917
12,Western Washington University,U2Nob29sLTExODQ=,WA,VGVhY2hlci0yODI0OTY5,2824969,Brend,Hunt-Holma,Education,1,2,0,1,https://www.ratemyprofessors.com/professor/2824969
12,Western Washington University,U2Nob29sLTExODQ=,WA,VGVhY2hlci0yNTUzNDU0,2553454,Christopher,Lovgreen,English,4.8,2.2,100,5,https://www.ratemyprofessors.com/professor/2553454
12,Western Washington University,U2Nob29sLTExODQ=,WA,VGVhY2hlci0yNzIwMjQy,2720242,Michael,Dymek,Mathematics,3.5,3.5,50,2,https://www.ratemyprofessors.com/professor/2720242
12,Western Washington University,U2Nob29sLTExODQ=,WA,VGVhY2hlci0yNDExNDQ0,2411444,Kevin,Kohlhauf,English,4.4,2.6,80,5,https://www.ratemyprofessors.com/professor/2411444
12,Western Washington University,U2Nob29sLTExODQ=,WA,VGVhY2hlci01MDgxMDM=,508103,Mary Anne,Rangel-Guerrero,Modern and Classical Languages,3.2,2.4,36.8421,72,https://www.ratemyprofessors.com/professor/508103
12,Western Washington University,U2Nob29sLTExODQ=,WA,VGVhY2hlci03MjAxNTg=,720158,Dave,Wallin,Earth Science,3.1,3.2,42.8571,33,https://www.ratemyprofessors.com/professor/720158
12,Western Washington University,U2Nob29sLTExODQ=,WA,VGVhY2hlci0yNTEwMzAx,2510301,Frances,Solomon,Environmental Studies,3,4,0,2,https://www.ratemyprofessors.com/professor/2510301
12,Western Washington University,U2Nob29sLTExODQ=,WA,VGVhY2hlci0yODc3NzMw,2877730,Kaitlyn,DeMoney,Education,5,3,100,1,https://www.ratemyprofessors.com/professor/2877730
12,Western Washington University,U2Nob29sLTExODQ=,WA,VGVhY2hlci01MDk1Mzg=,509538,Charles,Hoffman,Political Science,3.4,2.4,55,111,https://www.ratemyprofessors.com/professor/509538
12,Western Washington University,U2Nob29sLTExODQ=,WA,VGVhY2hlci0yMDY1NTk3,2065597,Rachael ,Welder,Mathematics,2.6,4,50,10,https://www.ratemyprofessors.com/professor/2065597
12,Western Washington University,U2Nob29sLTExODQ=,WA,VGVhY2hlci0yNTU2MTEw,2556110,John,Gialanella,Design,3.8,3.2,80,5,https://www.ratemyprofessors.com/professor/2556110
12,Western Washington University,U2Nob29sLTExODQ=,WA,VGVhY2hlci0yMDE1OTE4,2015918,Chris,Vargas,Art,4.8,2.7,100,6,https://www.ratemyprofessors.com/professor/2015918
12,Western Washington University,U2Nob29sLTExODQ=,WA,VGVhY2hlci0xNDQxNzIy,1441722,Scott,Taylor,Foreign Languages & Literature,4.2,2.9,92.8571,33,https://www.ratemyprofessors.com/professor/1441722
12,Western Washington University,U2Nob29sLTExODQ=,WA,VGVhY2hlci0xMDkwMzA3,1090307,Timothy,Clark,Chemistry,3.9,3.8,100,9,https://www.ratemyprofessors.com/professor/1090307
12,Western Washington University,U2Nob29sLTExODQ=,WA,VGVhY2hlci0yMjM4MTAy,2238102,Leo,Bodensteiner,Environmental Studies,4.9,3,100,9,https://www.ratemyprofessors.com/professor/2238102
12,Western Washington University,U2Nob29sLTExODQ=,WA,VGVhY2hlci0yODAwMzk3,2800397,Kristina,Walowski,Geology,3.7,3,66.6667,3,https://www.ratemyprofessors.com/professor/2800397
12,Western Washington University,U2Nob29sLTExODQ=,WA,VGVhY2hlci0yNDgyNzU2,2482756,Catherine,Reidy Liermann,Environmental Science,5,3,100,1,https://www.ratemyprofessors.com/professor/2482756
12,Western Washington University,U2Nob29sLTExODQ=,WA,VGVhY2hlci0yMDIyMjgw,2022280,Linda,Keeler,Physical Education,4.1,3.2,72.7273,13,https://www.ratemyprofessors.com/professor/2022280
12,Western Washington University,U2Nob29sLTExODQ=,WA,VGVhY2hlci0yODYxNDQ2,2861446,Jeremy,Mauck,Marketing,5,3,100,1,https://www.ratemyprofessors.com/professor/2861446
12,Western Washington University,U2Nob29sLTExODQ=,WA,VGVhY2hlci0yODA2MTI1,2806125,Rebecca,Borowski,Mathematics,5,3,100,2,https://www.ratemyprofessors.com/professor/2806125
12,Western Washington University,U2Nob29sLTExODQ=,WA,VGVhY2hlci03NTg2MTE=,758611,Ee Lin,Lee,Communication,3.6,3.8,66.6667,46,https://www.ratemyprofessors.com/professor/758611
12,Western Washington University,U2Nob29sLTExODQ=,WA,VGVhY2hlci0yMTgyNDAx,2182401,George,Erb,Journalism,5,3.4,100,19,https://www.ratemyprofessors.com/professor/2182401
12,Western Washington University,U2Nob29sLTExODQ=,WA,VGVhY2hlci0yODU5NzU1,2859755,Haley,Nut,Music,4,1,100,1,https://www.ratemyprofessors.com/professor/2859755
12,Western Washington University,U2Nob29sLTExODQ=,WA,VGVhY2hlci04NTk1NzE=,859571,Lawrence,Symons,Psychology,4.5,3,100,4,https://www.ratemyprofessors.com/professor/859571
12,Western Washington University,U2Nob29sLTExODQ=,WA,VGVhY2hlci0xNTA5MjQ=,150924,Jim,Inverarity,Sociology,2.8,3.7,33.3333,108,https://www.ratemyprofessors.com/professor/150924
12,Western Washington University,U2Nob29sLTExODQ=,WA,VGVhY2hlci0xODI0NTQy,1824542,Lily,Fox,History,4.1,2.2,75,22,https://www.ratemyprofessors.com/professor/1824542
12,Western Washington University,U2Nob29sLTExODQ=,WA,VGVhY2hlci0yNzA1OTAz,2705903,Micala,Nitz,English,5,2,100,4,https://www.ratemyprofessors.com/professor/2705903
12,Western Washington University,U2Nob29sLTExODQ=,WA,VGVhY2hlci0yODU1Mjc0,2855274,Jordina ,Marine,Mathematics,2,4,0,1,https://www.ratemyprofessors.com/professor/2855274
12,Western Washington University,U2Nob29sLTExODQ=,WA,VGVhY2hlci0xMDY3MjA2,1067206,Lysa,Rivera,English,3.9,3.2,75,32,https://www.ratemyprofessors.com/professor/1067206
12,Western Washington University,U2Nob29sLTExODQ=,WA,VGVhY2hlci0yODQ0NTQ4,2844548,Laura,Hoagland,Education,4,2.5,50,2,https://www.ratemyprofessors.com/professor/2844548
12,Western Washington University,U2Nob29sLTExODQ=,WA,VGVhY2hlci0yODQ5NzYw,2849760,David ,Burnell,Communication,1.5,1,0,2,https://www.ratemyprofessors.com/professor/2849760
12,Western Washington University,U2Nob29sLTExODQ=,WA,VGVhY2hlci03MjA0MTM=,720413,Randall,Burtz,Physical Ed,4.6,3.5,100,8,https://www.ratemyprofessors.com/professor/720413
12,Western Washington University,U2Nob29sLTExODQ=,WA,VGVhY2hlci0yNTgzMTE5,2583119,Keith,Russell,Rehabilitative Studies,5,4,100,2,https://www.ratemyprofessors.com/professor/2583119
12,Western Washington University,U2Nob29sLTExODQ=,WA,VGVhY2hlci0yNzY2MzUz,2766353,Katherine,Abdallah,English,5,2.5,100,2,https://www.ratemyprofessors.com/professor/2766353
12,Western Washington University,U2Nob29sLTExODQ=,WA,VGVhY2hlci0yMjQyOTM3,2242937,Tamara,Laninga,Environmental Studies,4,3.7,85.7143,7,https://www.ratemyprofessors.com/professor/2242937
12,Western Washington University,U2Nob29sLTExODQ=,WA,VGVhY2hlci0yODQ3NDQ1,2847445,Allison,Wehrle,English,2,1,0,1,https://www.ratemyprofessors.com/professor/2847445
12,Western Washington University,U2Nob29sLTExODQ=,WA,VGVhY2hlci0yMDc2MjI0,2076224,Harsh ,Buddhadev,Exercise  Rehab Sciences,4.7,3.4,94.7368,22,https://www.ratemyprofessors.com/professor/2076224
12,Western Washington University,U2Nob29sLTExODQ=,WA,VGVhY2hlci03MTQ3MDA=,714700,Craig,Dunn,Management,2.9,2.7,36.8421,38,https://www.ratemyprofessors.com/professor/714700
12,Western Washington University,U2Nob29sLTExODQ=,WA,VGVhY2hlci0xODgzMjI1,1883225,Steve,Sandelin,Engineering Technology,1.8,4.3,11.7647,19,https://www.ratemyprofessors.com/professor/1883225
12,Western Washington University,U2Nob29sLTExODQ=,WA,VGVhY2hlci0yNDc5OTg5,2479989,Shelley,Thomas,Art History,1.8,3.8,16.6667,6,https://www.ratemyprofessors.com/professor/2479989
12,Western Washington University,U2Nob29sLTExODQ=,WA,VGVhY2hlci0xOTczMzEz,1973313,Daniel,Coslett,Art History,4.3,3,80,38,https://www.ratemyprofessors.com/professor/1973313
12,Western Washington University,U2Nob29sLTExODQ=,WA,VGVhY2hlci0yMjM1MjIy,2235222,Allyn,Fetherolf,Mathematics,4.5,3.3,89.8551,69,https://www.ratemyprofessors.com/professor/2235222
12,Western Washington University,U2Nob29sLTExODQ=,WA,VGVhY2hlci0yNjQyNzg0,2642784,Brittany,Atkinson,English,4.5,2,100,2,https://www.ratemyprofessors.com/professor/2642784
12,Western Washington University,U2Nob29sLTExODQ=,WA,VGVhY2hlci0yNTE4NTA4,2518508,Sarah,Whelchel,Mathematics,5,3,100,4,https://www.ratemyprofessors.com/professor/2518508
12,Western Washington University,U2Nob29sLTExODQ=,WA,VGVhY2hlci0yMjk0OTk2,2294996,Linda,Grabill,Physics amp Astronomy,4.1,2.8,66.6667,9,https://www.ratemyprofessors.com/professor/2294996
12,Western Washington University,U2Nob29sLTExODQ=,WA,VGVhY2hlci0yMjMzOTMx,2233931,Ryan,Kelly,Art,4.2,2.8,80,5,https://www.ratemyprofessors.com/professor/2233931
12,Western Washington University,U2Nob29sLTExODQ=,WA,VGVhY2hlci0yNzc5NjAy,2779602,Kai,Fick,Mathematics,3,3,50,2,https://www.ratemyprofessors.com/professor/2779602
12,Western Washington University,U2Nob29sLTExODQ=,WA,VGVhY2hlci0yMzQ3ODcw,2347870,Angela,Fillingim,Sociology,3.6,3.4,70,10,https://www.ratemyprofessors.com/professor/2347870
12,Western Washington University,U2Nob29sLTExODQ=,WA,VGVhY2hlci0yNzYyODY3,2762867,Christopher,Moreno,Anthropology,3.7,2.7,83.3333,6,https://www.ratemyprofessors.com/professor/2762867
12,Western Washington University,U2Nob29sLTExODQ=,WA,VGVhY2hlci0xNzY2Mjcz,1766273,Lynn,Pillitteri,Biology,3.7,3.9,72.2222,35,https://www.ratemyprofessors.com/professor/1766273
12,Western Washington University,U2Nob29sLTExODQ=,WA,VGVhY2hlci0yNjMzNjEy,2633612,Emma,Watson,English,4.8,1.5,100,4,https://www.ratemyprofessors.com/professor/2633612
12,Western Washington University,U2Nob29sLTExODQ=,WA,VGVhY2hlci0xNTA5NDI=,150942,Maria,Chavez,Anthropology,1.9,2.5,0,166,https://www.ratemyprofessors.com/professor/150942
12,Western Washington University,U2Nob29sLTExODQ=,WA,VGVhY2hlci0yMTUxNzQ3,2151747,Aric,Mayer,Marketing,3.4,2.9,70,10,https://www.ratemyprofessors.com/professor/2151747
12,Western Washington University,U2Nob29sLTExODQ=,WA,VGVhY2hlci0yOTI2NzE=,292671,Janice,Lapsansky,Biology,3.7,4.4,36.3636,91,https://www.ratemyprofessors.com/professor/292671
12,Western Washington University,U2Nob29sLTExODQ=,WA,VGVhY2hlci0yNDM2NTQ1,2436545,Karin,Lemkau,Chemistry,4.6,3.9,100,10,https://www.ratemyprofessors.com/professor/2436545
12,Western Washington University,U2Nob29sLTExODQ=,WA,VGVhY2hlci02MzA0ODY=,630486,Keith,Hyatt,Education,4.4,2.7,66.6667,15,https://www.ratemyprofessors.com/professor/630486
12,Western Washington University,U2Nob29sLTExODQ=,WA,VGVhY2hlci0xNDIxODE5,1421819,Tina,Du Rocher Schudlich,Psychology,4.3,2.9,80,9,https://www.ratemyprofessors.com/professor/1421819
12,Western Washington University,U2Nob29sLTExODQ=,WA,VGVhY2hlci0xOTYxNzU5,1961759,Devyani,Chandran,Human Services,4.2,3.3,100,6,https://www.ratemyprofessors.com/professor/1961759
12,Western Washington University,U2Nob29sLTExODQ=,WA,VGVhY2hlci0yMjM3MDEz,2237013,Margaret,Rockey,Communication,3.4,3.1,58.8235,17,https://www.ratemyprofessors.com/professor/2237013
12,Western Washington University,U2Nob29sLTExODQ=,WA,VGVhY2hlci0yNzgzOTY=,278396,Nancy,Johnson,English,3.9,2.8,50,37,https://www.ratemyprofessors.com/professor/278396
12,Western Washington University,U2Nob29sLTExODQ=,WA,VGVhY2hlci0yNjMwOTY5,2630969,Ida,Alcantara,Mathematics,3.4,2.6,66.6667,12,https://www.ratemyprofessors.com/professor/2630969
12,Western Washington University,U2Nob29sLTExODQ=,WA,VGVhY2hlci01NzEwNzk=,571079,Milton,From,Physics,4.1,3.1,73.3333,41,https://www.ratemyprofessors.com/professor/571079
12,Western Washington University,U2Nob29sLTExODQ=,WA,VGVhY2hlci0yNTk5NzI4,2599728,Andrew (Andy),Klein,Electrical Engineering & Computer Science,4.3,4,100,4,https://www.ratemyprofessors.com/professor/2599728
12,Western Washington University,U2Nob29sLTExODQ=,WA,VGVhY2hlci00NjAyNTI=,460252,Janet,Finlay,Psychology,2.9,4.1,30.303,67,https://www.ratemyprofessors.com/professor/460252
12,Western Washington University,U2Nob29sLTExODQ=,WA,VGVhY2hlci0yMjQ1MTUw,2245150,Judy,Zeidel,Psychology,3.3,2.4,54.5455,22,https://www.ratemyprofessors.com/professor/2245150
12,Western Washington University,U2Nob29sLTExODQ=,WA,VGVhY2hlci0yNjQwOTM2,2640936,Jonathan,Lee,Dance,4.7,2.9,90.9091,11,https://www.ratemyprofessors.com/professor/2640936
12,Western Washington University,U2Nob29sLTExODQ=,WA,VGVhY2hlci0yNDkxODYx,2491861,Jenny,Nguyen,Sociology,3.7,3.1,57.1429,7,https://www.ratemyprofessors.com/professor/2491861
12,Western Washington University,U2Nob29sLTExODQ=,WA,VGVhY2hlci0yNDk1OTkx,2495991,Annie,Fast,Psychology,3.8,3.6,60,5,https://www.ratemyprofessors.com/professor/2495991
12,Western Washington University,U2Nob29sLTExODQ=,WA,VGVhY2hlci0yNjQwODA3,2640807,Lauren,Johnson,Communication,5,2.2,100,9,https://www.ratemyprofessors.com/professor/2640807
12,Western Washington University,U2Nob29sLTExODQ=,WA,VGVhY2hlci0zMjkyMDQ=,329204,Gerry,Prody,Chemistry,2.1,3.8,21.6216,109,https://www.ratemyprofessors.com/professor/329204
12,Western Washington University,U2Nob29sLTExODQ=,WA,VGVhY2hlci0yNzMzMjA4,2733208,Eben,Levey,History,4,4,66.6667,6,https://www.ratemyprofessors.com/professor/2733208
12,Western Washington University,U2Nob29sLTExODQ=,WA,VGVhY2hlci0yNzQwOTkx,2740991,Jennifer,Bonder,History,4,3.3,66.6667,3,https://www.ratemyprofessors.com/professor/2740991
12,Western Washington University,U2Nob29sLTExODQ=,WA,VGVhY2hlci0xNzIyNTM5,1722539,Jeff,Carroll,Psychology,4.6,3.3,88,58,https://www.ratemyprofessors.com/professor/1722539
12,Western Washington University,U2Nob29sLTExODQ=,WA,VGVhY2hlci0xMTY5MzM0,1169334,Lucas,Chaffee,Mathematics,3.6,3.8,60,15,https://www.ratemyprofessors.com/professor/1169334
12,Western Washington University,U2Nob29sLTExODQ=,WA,VGVhY2hlci0yNzc5MjU3,2779257,Thiti,Owlarn,Modern and Classical Languages,4.6,2.3,85.7143,7,https://www.ratemyprofessors.com/professor/2779257
12,Western Washington University,U2Nob29sLTExODQ=,WA,VGVhY2hlci0yODA0NTIz,2804523,Sarah,Schlittler,Exercise & Rehab Sciences,5,4,100,1,https://www.ratemyprofessors.com/professor/2804523
12,Western Washington University,U2Nob29sLTExODQ=,WA,VGVhY2hlci0xMDAxNTE3,1001517,Cristina,Sampaio Mozsgai,Psychology,3.1,3.7,29.1667,69,https://www.ratemyprofessors.com/professor/1001517
12,Western Washington University,U2Nob29sLTExODQ=,WA,VGVhY2hlci03NjI4ODU=,762885,Jeff,Davis,Physical Ed,4.7,2.7,100,7,https://www.ratemyprofessors.com/professor/762885
12,Western Washington University,U2Nob29sLTExODQ=,WA,VGVhY2hlci0yNDM5NTcx,2439571,Andrea,Reams,Hospitality,1.6,3.2,8.3333,12,https://www.ratemyprofessors.com/professor/2439571
12,Western Washington University,U2Nob29sLTExODQ=,WA,VGVhY2hlci0yNTc0NjU2,2574656,Erin,Duffy,Chemistry,4.8,2.9,100,12,https://www.ratemyprofessors.com/professor/2574656
12,Western Washington University,U2Nob29sLTExODQ=,WA,VGVhY2hlci0yNzQ0MTcx,2744171,Sean,Dolan,English,5,2.2,100,5,https://www.ratemyprofessors.com/professor/2744171
12,Western Washington University,U2Nob29sLTExODQ=,WA,VGVhY2hlci04OTg2MDA=,898600,Jack,Keith,Journalism,3.8,3.8,85.7143,30,https://www.ratemyprofessors.com/professor/898600
12,Western Washington University,U2Nob29sLTExODQ=,WA,VGVhY2hlci0yNDI5NDUz,2429453,John,Brones,Mathematics,4.1,2.1,89.4737,19,https://www.ratemyprofessors.com/professor/2429453
12,Western Washington University,U2Nob29sLTExODQ=,WA,VGVhY2hlci0xMjU2OTQ2,1256946,A. Berry,Crawford,Philosophy,3.4,2,33.3333,19,https://www.ratemyprofessors.com/professor/1256946
12,Western Washington University,U2Nob29sLTExODQ=,WA,VGVhY2hlci0yNzc0MTY5,2774169,Laurie,Saling,Education,4,1.5,50,2,https://www.ratemyprofessors.com/professor/2774169
12,Western Washington University,U2Nob29sLTExODQ=,WA,VGVhY2hlci0xMjczMTQz,1273143,Kevin,Woods,Music,5,1.7,100,3,https://www.ratemyprofessors.com/professor/1273143
12,Western Washington University,U2Nob29sLTExODQ=,WA,VGVhY2hlci0yODAyODQz,2802843,Suzanne,Kaufman,Design,1,4,0,1,https://www.ratemyprofessors.com/professor/2802843
12,Western Washington University,U2Nob29sLTExODQ=,WA,VGVhY2hlci0yMjMwNDE=,223041,Mary,Metzger,English,3.6,3.6,88.8889,44,https://www.ratemyprofessors.com/professor/223041
12,Western Washington University,U2Nob29sLTExODQ=,WA,VGVhY2hlci0yNzMwNDMz,2730433,Zachary,Wall,Mathematics,4.5,3,100,2,https://www.ratemyprofessors.com/professor/2730433
12,Western Washington University,U2Nob29sLTExODQ=,WA,VGVhY2hlci0yNjQyNzc0,2642774,Thierry,Olivier,Foreign Languages & Literature,5,3,100,1,https://www.ratemyprofessors.com/professor/2642774
12,Western Washington University,U2Nob29sLTExODQ=,WA,VGVhY2hlci02NjMzNDA=,663340,Deb,Currier,Theater,3.2,2.8,33.3333,19,https://www.ratemyprofessors.com/professor/663340
12,Western Washington University,U2Nob29sLTExODQ=,WA,VGVhY2hlci0yNzc0NjMz,2774633,Jordan,Watson,Music,3.4,3.6,57.1429,7,https://www.ratemyprofessors.com/professor/2774633
12,Western Washington University,U2Nob29sLTExODQ=,WA,VGVhY2hlci0xMzcyMTI4,1372128,Carley,O'Neil,Chemistry,3.4,4.4,66.6667,33,https://www.ratemyprofessors.com/professor/1372128
12,Western Washington University,U2Nob29sLTExODQ=,WA,VGVhY2hlci0yNzcyMTk3,2772197,Lisa,Staley,Art History,1.7,4,0,3,https://www.ratemyprofessors.com/professor/2772197
12,Western Washington University,U2Nob29sLTExODQ=,WA,VGVhY2hlci0yMzAzNTQ0,2303544,Tara,Villalba,Education,2.9,2.7,46.875,32,https://www.ratemyprofessors.com/professor/2303544
12,Western Washington University,U2Nob29sLTExODQ=,WA,VGVhY2hlci0xOTMzNzQ1,1933745,Mac Andrew,Smith,English,3.4,3.5,0,6,https://www.ratemyprofessors.com/professor/1933745
12,Western Washington University,U2Nob29sLTExODQ=,WA,VGVhY2hlci0yNDA5NzU=,240975,Richard,Bulcroft,Sociology,2.7,3.8,20,120,https://www.ratemyprofessors.com/professor/240975
12,Western Washington University,U2Nob29sLTExODQ=,WA,VGVhY2hlci0yNzQyODI2,2742826,Austin,Thind,Computer Science,5,3,100,3,https://www.ratemyprofessors.com/professor/2742826
12,Western Washington University,U2Nob29sLTExODQ=,WA,VGVhY2hlci0yNzc4MDYy,2778062,Robert,Razzante,Communication,3,3,0,1,https://www.ratemyprofessors.com/professor/2778062
12,Western Washington University,U2Nob29sLTExODQ=,WA,VGVhY2hlci0yNTQwNTA5,2540509,Jason,Brown,Humanities,2.8,3.6,46.1538,13,https://www.ratemyprofessors.com/professor/2540509
12,Western Washington University,U2Nob29sLTExODQ=,WA,VGVhY2hlci0yNzc5MzQ0,2779344,Tina,Smilkstein,Electrical Engineering & Computer Science,2,5,0,1,https://www.ratemyprofessors.com/professor/2779344
12,Western Washington University,U2Nob29sLTExODQ=,WA,VGVhY2hlci0zODg5Njk=,388969,Bruce,Beasley,English,4.4,2.9,71.4286,33,https://www.ratemyprofessors.com/professor/388969
12,Western Washington University,U2Nob29sLTExODQ=,WA,VGVhY2hlci0xMDE0NjQx,1014641,Shirley,Osterhaus,Interdisciplinary Studies,3.9,2.3,100,8,https://www.ratemyprofessors.com/professor/1014641
12,Western Washington University,U2Nob29sLTExODQ=,WA,VGVhY2hlci0yNzc1MDQ2,2775046,Andrew,Law,Philosophy,4.5,2,100,2,https://www.ratemyprofessors.com/professor/2775046
12,Western Washington University,U2Nob29sLTExODQ=,WA,VGVhY2hlci02NDcxOTQ=,647194,Lauren,McClanahan,Education,4.3,2.1,100,13,https://www.ratemyprofessors.com/professor/647194
12,Western Washington University,U2Nob29sLTExODQ=,WA,VGVhY2hlci0xMzQ0Nzk5,1344799,Alejandro,Acevedo,Education,3.8,2.8,100,4,https://www.ratemyprofessors.com/professor/1344799
12,Western Washington University,U2Nob29sLTExODQ=,WA,VGVhY2hlci0yNjMzMDA3,2633007,Ryan,Walker,Literature,4.5,3.7,83.3333,6,https://www.ratemyprofessors.com/professor/2633007
12,Western Washington University,U2Nob29sLTExODQ=,WA,VGVhY2hlci0yNzc5MTI5,2779129,Samir,Abdelrhman,Chemistry,4,3,100,1,https://www.ratemyprofessors.com/professor/2779129
12,Western Washington University,U2Nob29sLTExODQ=,WA,VGVhY2hlci0yMzQ5MTEw,2349110,Jake,Pfaffenroth,Anthropology,4.2,2.6,80.9524,21,https://www.ratemyprofessors.com/professor/2349110
12,Western Washington University,U2Nob29sLTExODQ=,WA,VGVhY2hlci0xMzU1MTc=,135517,Tom,Roehl,Business,3.5,2.3,50,24,https://www.ratemyprofessors.com/professor/135517
12,Western Washington University,U2Nob29sLTExODQ=,WA,VGVhY2hlci0xMzg1NzA3,1385707,Niall,O'Murchu,International Studies,3.8,3.6,60,8,https://www.ratemyprofessors.com/professor/1385707
12,Western Washington University,U2Nob29sLTExODQ=,WA,VGVhY2hlci0xNjc2ODkz,1676893,Christine,Mattix,Art,3.7,3.3,50,3,https://www.ratemyprofessors.com/professor/1676893
12,Western Washington University,U2Nob29sLTExODQ=,WA,VGVhY2hlci01NzY3NTA=,576750,Barbara,Miller,Art History,3.5,3.3,42.8571,57,https://www.ratemyprofessors.com/professor/576750
12,Western Washington University,U2Nob29sLTExODQ=,WA,VGVhY2hlci0xOTg5MTQ0,1989144,Roxane,Ronca,Mathematics,2.7,3.2,40,12,https://www.ratemyprofessors.com/professor/1989144
12,Western Washington University,U2Nob29sLTExODQ=,WA,VGVhY2hlci0xNDUyMzQ2,1452346,Polly,Myers,History,4.4,3,100,15,https://www.ratemyprofessors.com/professor/1452346
12,Western Washington University,U2Nob29sLTExODQ=,WA,VGVhY2hlci0yNzU5MTk1,2759195,Todd,Morton,Electrical Engineering & Computer Science,4.3,4,100,3,https://www.ratemyprofessors.com/professor/2759195
12,Western Washington University,U2Nob29sLTExODQ=,WA,VGVhY2hlci0yMjM1Mjgx,2235281,Claire,Lending,Finance,2.6,3.5,44,25,https://www.ratemyprofessors.com/professor/2235281
12,Western Washington University,U2Nob29sLTExODQ=,WA,VGVhY2hlci0yNTI4NDQ4,2528448,Carla,Willis,Human Services,3.4,3.7,57.1429,7,https://www.ratemyprofessors.com/professor/2528448
12,Western Washington University,U2Nob29sLTExODQ=,WA,VGVhY2hlci0xNjkzMjg2,1693286,Phil,Thompson,Economics,3.7,3.2,77.7778,38,https://www.ratemyprofessors.com/professor/1693286
12,Western Washington University,U2Nob29sLTExODQ=,WA,VGVhY2hlci0xOTQ3Mzg4,1947388,Michael,Kraft,Geology,3.7,3.1,66.6667,11,https://www.ratemyprofessors.com/professor/1947388
12,Western Washington University,U2Nob29sLTExODQ=,WA,VGVhY2hlci00MTg4NTk=,418859,Bruce,Hamilton,Music,3.9,3.7,50,13,https://www.ratemyprofessors.com/professor/418859
12,Western Washington University,U2Nob29sLTExODQ=,WA,VGVhY2hlci0xMjU5Nzk5,1259799,Bradley,Snowder,Astronomy,3.8,2.1,0,16,https://www.ratemyprofessors.com/professor/1259799
12,Western Washington University,U2Nob29sLTExODQ=,WA,VGVhY2hlci0yMjI4NzE1,2228715,Margot,Myers,Art,4.2,2.8,80,5,https://www.ratemyprofessors.com/professor/2228715
12,Western Washington University,U2Nob29sLTExODQ=,WA,VGVhY2hlci0yMTQ3Njk1,2147695,Melissa,D?Eloia,Exercise  Rehab Sciences,2.3,3,25,4,https://www.ratemyprofessors.com/professor/2147695
12,Western Washington University,U2Nob29sLTExODQ=,WA,VGVhY2hlci0yNzQ0NjAz,2744603,Michael,Enright,Chemistry,4.5,4,100,2,https://www.ratemyprofessors.com/professor/2744603
12,Western Washington University,U2Nob29sLTExODQ=,WA,VGVhY2hlci0yNzYxODEx,2761811,Telly,Olsen,Geology,5,2,100,1,https://www.ratemyprofessors.com/professor/2761811
12,Western Washington University,U2Nob29sLTExODQ=,WA,VGVhY2hlci0xMjkyODg0,1292884,Polly,Meyers,History,4.1,3.1,0,12,https://www.ratemyprofessors.com/professor/1292884
12,Western Washington University,U2Nob29sLTExODQ=,WA,VGVhY2hlci0yNjAyOTU5,2602959,Shawn,Behling,Environmental Studies,4.4,3.1,85.7143,7,https://www.ratemyprofessors.com/professor/2602959
12,Western Washington University,U2Nob29sLTExODQ=,WA,VGVhY2hlci0yNDY5Nzk0,2469794,Hannah,Baumbach,Spanish,4.2,4.4,60,5,https://www.ratemyprofessors.com/professor/2469794
12,Western Washington University,U2Nob29sLTExODQ=,WA,VGVhY2hlci01MDAyMTE=,500211,Cathy,McDonald,English,3.8,2.7,59.0909,77,https://www.ratemyprofessors.com/professor/500211
12,Western Washington University,U2Nob29sLTExODQ=,WA,VGVhY2hlci0xMjg3MjE=,128721,Chris,Friday,History,3.1,4.3,30,75,https://www.ratemyprofessors.com/professor/128721
12,Western Washington University,U2Nob29sLTExODQ=,WA,VGVhY2hlci00MTk1MDg=,419508,Suzanne,Paola,English,3.2,3.1,0,9,https://www.ratemyprofessors.com/professor/419508
12,Western Washington University,U2Nob29sLTExODQ=,WA,VGVhY2hlci0xODUzMjg0,1853284,Robert,Berger,Chemistry,4.5,2.7,100,14,https://www.ratemyprofessors.com/professor/1853284
12,Western Washington University,U2Nob29sLTExODQ=,WA,VGVhY2hlci0yNzAwMzEx,2700311,Andrea,Leksen,Design,1.5,4.3,0,4,https://www.ratemyprofessors.com/professor/2700311
12,Western Washington University,U2Nob29sLTExODQ=,WA,VGVhY2hlci0yNzQ1MzYw,2745360,Randy,Thompson,Religion,4.1,2.9,75,16,https://www.ratemyprofessors.com/professor/2745360
12,Western Washington University,U2Nob29sLTExODQ=,WA,VGVhY2hlci0yNTQzMTkw,2543190,Terri,Kempton,Interdisciplinary Studies,5,1,100,1,https://www.ratemyprofessors.com/professor/2543190
12,Western Washington University,U2Nob29sLTExODQ=,WA,VGVhY2hlci0yMzAwMjQ4,2300248,Timothy,Schermetzler,Business Law,4.4,3.5,86.9565,23,https://www.ratemyprofessors.com/professor/2300248
12,Western Washington University,U2Nob29sLTExODQ=,WA,VGVhY2hlci0xMzU2MDY=,135606,David,Nelson,Economics,3.7,3,76.9231,28,https://www.ratemyprofessors.com/professor/135606
12,Western Washington University,U2Nob29sLTExODQ=,WA,VGVhY2hlci0yMTk0NDk4,2194498,Roderick,Carmichael,Finance,2.9,3.1,33.3333,15,https://www.ratemyprofessors.com/professor/2194498
12,Western Washington University,U2Nob29sLTExODQ=,WA,VGVhY2hlci0yNzQ4Mzg4,2748388,Mai,Sas,Geology,5,3,100,1,https://www.ratemyprofessors.com/professor/2748388
12,Western Washington University,U2Nob29sLTExODQ=,WA,VGVhY2hlci0yNjQ1ODU1,2645855,Andrew,Schoen,English,5,1.5,100,2,https://www.ratemyprofessors.com/professor/2645855
12,Western Washington University,U2Nob29sLTExODQ=,WA,VGVhY2hlci0yNzA0NjM3,2704637,Britny,Olsen,English,5,2,100,1,https://www.ratemyprofessors.com/professor/2704637
12,Western Washington University,U2Nob29sLTExODQ=,WA,VGVhY2hlci0yNjc0MjU5,2674259,Zachary,Kemp,English,4,3,100,1,https://www.ratemyprofessors.com/professor/2674259
12,Western Washington University,U2Nob29sLTExODQ=,WA,VGVhY2hlci0yNzQxMzYx,2741361,Maddie,Downie,English,4,3,100,1,https://www.ratemyprofessors.com/professor/2741361
12,Western Washington University,U2Nob29sLTExODQ=,WA,VGVhY2hlci0xMTc2NjQ2,1176646,John,Korsmo,Human Services,4.4,3.2,100,18,https://www.ratemyprofessors.com/professor/1176646
12,Western Washington University,U2Nob29sLTExODQ=,WA,VGVhY2hlci0yNzQ1NDAy,2745402,Kelly,Collins,Health Science,5,1,100,1,https://www.ratemyprofessors.com/professor/2745402
12,Western Washington University,U2Nob29sLTExODQ=,WA,VGVhY2hlci0xOTU0MzM2,1954336,Julian,Rrushi,Computer Science,3.7,3,100,7,https://www.ratemyprofessors.com/professor/1954336
12,Western Washington University,U2Nob29sLTExODQ=,WA,VGVhY2hlci0yNzQzOTQy,2743942,Gene,Golden,Physical Education,4,1,100,1,https://www.ratemyprofessors.com/professor/2743942
12,Western Washington University,U2Nob29sLTExODQ=,WA,VGVhY2hlci0yMzQxNDA2,2341406,Sara,Vega,Sociology,4.5,3.4,90.9091,11,https://www.ratemyprofessors.com/professor/2341406
12,Western Washington University,U2Nob29sLTExODQ=,WA,VGVhY2hlci0yMjY2NTU5,2266559,Linda,Grabill,Chemistry,3.2,2.9,68.1818,44,https://www.ratemyprofessors.com/professor/2266559
12,Western Washington University,U2Nob29sLTExODQ=,WA,VGVhY2hlci0yNzIwMjY5,2720269,Sophia,Brauner,English,5,3,100,1,https://www.ratemyprofessors.com/professor/2720269
12,Western Washington University,U2Nob29sLTExODQ=,WA,VGVhY2hlci0yMTc0OTIy,2174922,Breia,Salsbery,Chemistry,3.2,3.8,57.1429,70,https://www.ratemyprofessors.com/professor/2174922
12,Western Washington University,U2Nob29sLTExODQ=,WA,VGVhY2hlci0zMjkyMDU=,329205,Liz,Schermer,Geology,2.7,3.7,25,10,https://www.ratemyprofessors.com/professor/329205
12,Western Washington University,U2Nob29sLTExODQ=,WA,VGVhY2hlci0yNDA0MDc=,240407,Jane,Verner,Social Science,4.1,3.3,0,10,https://www.ratemyprofessors.com/professor/240407
12,Western Washington University,U2Nob29sLTExODQ=,WA,VGVhY2hlci0yNzAwMTEy,2700112,Taylor,Cofer,Biology,5,3,100,2,https://www.ratemyprofessors.com/professor/2700112
12,Western Washington University,U2Nob29sLTExODQ=,WA,VGVhY2hlci0yMzE0NTEy,2314512,Beth,Dillard,Education,5,3.6,100,5,https://www.ratemyprofessors.com/professor/2314512
12,Western Washington University,U2Nob29sLTExODQ=,WA,VGVhY2hlci0yMzUwODMz,2350833,Mary Grace,Antony,Communication,4.1,3.3,71.4286,7,https://www.ratemyprofessors.com/professor/2350833
12,Western Washington University,U2Nob29sLTExODQ=,WA,VGVhY2hlci0xODU5ODA1,1859805,Regina,Degraaff,Physics,3,3.2,66.6667,33,https://www.ratemyprofessors.com/professor/1859805
12,Western Washington University,U2Nob29sLTExODQ=,WA,VGVhY2hlci0xOTQ1NzQ5,1945749,Heather,Davidson,Communication,4.8,3.1,100,220,https://www.ratemyprofessors.com/professor/1945749
12,Western Washington University,U2Nob29sLTExODQ=,WA,VGVhY2hlci0xODgzMDUz,1883053,Brian,Rusk,Geology,2.5,4,0,2,https://www.ratemyprofessors.com/professor/1883053
12,Western Washington University,U2Nob29sLTExODQ=,WA,VGVhY2hlci0xODc1OTk4,1875998,Jeff,Woodcock,Computer Science,4.3,1.9,100,14,https://www.ratemyprofessors.com/professor/1875998
12,Western Washington University,U2Nob29sLTExODQ=,WA,VGVhY2hlci0xOTgyNjQ4,1982648,Kate,Miller,Women's Studies,3,2.8,55.5556,18,https://www.ratemyprofessors.com/professor/1982648
12,Western Washington University,U2Nob29sLTExODQ=,WA,VGVhY2hlci0yMzUyMzIz,2352323,Delisle,Merril,Theatre & Dance,2.2,1.5,33.3333,6,https://www.ratemyprofessors.com/professor/2352323
12,Western Washington University,U2Nob29sLTExODQ=,WA,VGVhY2hlci0yNTQzMTI1,2543125,DeLisle,Merrill,Theater,1.5,1,0,2,https://www.ratemyprofessors.com/professor/2543125
12,Western Washington University,U2Nob29sLTExODQ=,WA,VGVhY2hlci0yMjA2MDY4,2206068,Sura,Alqudah,Engineering,4.4,3,80,5,https://www.ratemyprofessors.com/professor/2206068
12,Western Washington University,U2Nob29sLTExODQ=,WA,VGVhY2hlci0yMzI3NDI0,2327424,Sergey,Smirnov,Chemistry,2.7,3.7,33.3333,3,https://www.ratemyprofessors.com/professor/2327424
12,Western Washington University,U2Nob29sLTExODQ=,WA,VGVhY2hlci0yNzAzODAw,2703800,Lenaya,Straker,Dance,5,3,100,1,https://www.ratemyprofessors.com/professor/2703800
12,Western Washington University,U2Nob29sLTExODQ=,WA,VGVhY2hlci0xNDUyMjc1,1452275,Amanda,Murphy,Chemistry,4.1,3.3,100,28,https://www.ratemyprofessors.com/professor/1452275
12,Western Washington University,U2Nob29sLTExODQ=,WA,VGVhY2hlci0xNzQwMzE1,1740315,Nathan,Slesinger,Engineering Technology,4.2,2.6,100,5,https://www.ratemyprofessors.com/professor/1740315
12,Western Washington University,U2Nob29sLTExODQ=,WA,VGVhY2hlci0yNjg3NTE4,2687518,Stephen,Hay,History,4.3,3.7,100,3,https://www.ratemyprofessors.com/professor/2687518
12,Western Washington University,U2Nob29sLTExODQ=,WA,VGVhY2hlci0yNTcxNzkw,2571790,Robin,Gates,Mathematics,5,3.5,100,2,https://www.ratemyprofessors.com/professor/2571790
12,Western Washington University,U2Nob29sLTExODQ=,WA,VGVhY2hlci0yMjMwMzg=,223038,Bruce,Goebel,English,4.6,2.8,92.3077,27,https://www.ratemyprofessors.com/professor/223038
12,Western Washington University,U2Nob29sLTExODQ=,WA,VGVhY2hlci0yNTQwNDk3,2540497,Timothy,Paczynski,Mathematics,2.8,3.4,40,5,https://www.ratemyprofessors.com/professor/2540497
12,Western Washington University,U2Nob29sLTExODQ=,WA,VGVhY2hlci0yNTc0ODg4,2574888,Kenneth,Childers,Chemistry,4.5,3.5,100,2,https://www.ratemyprofessors.com/professor/2574888
12,Western Washington University,U2Nob29sLTExODQ=,WA,VGVhY2hlci05MjM2ODk=,923689,Todd,Haskell,Psychology,2.8,2.8,34.7826,67,https://www.ratemyprofessors.com/professor/923689
12,Western Washington University,U2Nob29sLTExODQ=,WA,VGVhY2hlci0yNTAwMjUz,2500253,Dimitri,Dounas-Frazer,Physics,4,2.4,80,5,https://www.ratemyprofessors.com/professor/2500253
12,Western Washington University,U2Nob29sLTExODQ=,WA,VGVhY2hlci0xNDk1NzE=,149571,Steve,Henson,Economics,3.8,2.9,50,50,https://www.ratemyprofessors.com/professor/149571
12,Western Washington University,U2Nob29sLTExODQ=,WA,VGVhY2hlci0yNDI2ODk3,2426897,Lambriny,Hedge,Theater,1.3,2.3,12.5,8,https://www.ratemyprofessors.com/professor/2426897
12,Western Washington University,U2Nob29sLTExODQ=,WA,VGVhY2hlci0xMjU0Mzcx,1254371,Lori,Daniels,Management,3.7,3.3,100,16,https://www.ratemyprofessors.com/professor/1254371
12,Western Washington University,U2Nob29sLTExODQ=,WA,VGVhY2hlci0yNTAwNDY5,2500469,Samit,Bordoloi,Human Services,1,4.5,0,2,https://www.ratemyprofessors.com/professor/2500469
12,Western Washington University,U2Nob29sLTExODQ=,WA,VGVhY2hlci00NDMwODc=,443087,Jean,Melious,Environmental Studies,4.1,4.1,85.7143,24,https://www.ratemyprofessors.com/professor/443087
12,Western Washington University,U2Nob29sLTExODQ=,WA,VGVhY2hlci0xODc4NTI0,1878524,Jennifer,Green,Education,3.1,4,33.3333,8,https://www.ratemyprofessors.com/professor/1878524
12,Western Washington University,U2Nob29sLTExODQ=,WA,VGVhY2hlci0xMjM5OTQ=,123994,Kathleen,Saunders,Anthropology,3.8,3.3,71.7949,160,https://www.ratemyprofessors.com/professor/123994
12,Western Washington University,U2Nob29sLTExODQ=,WA,VGVhY2hlci0xODk3ODA4,1897808,Ruth,Sofield,Environmental Studies,3.2,3.5,66.6667,14,https://www.ratemyprofessors.com/professor/1897808
12,Western Washington University,U2Nob29sLTExODQ=,WA,VGVhY2hlci0xNDIxODE3,1421817,Rieko,Darling,Communication Disorders,4,3.1,80,9,https://www.ratemyprofessors.com/professor/1421817
12,Western Washington University,U2Nob29sLTExODQ=,WA,VGVhY2hlci0yMzQ0Nzkw,2344790,Douglas,Sladen,Communication Disorders,4,3.1,85.7143,7,https://www.ratemyprofessors.com/professor/2344790
12,Western Washington University,U2Nob29sLTExODQ=,WA,VGVhY2hlci0yNDQwNjc2,2440676,Julie,Morris,Sociology,4.7,2.7,100,3,https://www.ratemyprofessors.com/professor/2440676
12,Western Washington University,U2Nob29sLTExODQ=,WA,VGVhY2hlci0zNjU5MTg=,365918,Daniel,Warner,Management,2.7,4.5,37.1429,174,https://www.ratemyprofessors.com/professor/365918
12,Western Washington University,U2Nob29sLTExODQ=,WA,VGVhY2hlci0yNjg2MTE3,2686117,Martin,Gonzalez,Education,5,2,100,1,https://www.ratemyprofessors.com/professor/2686117
12,Western Washington University,U2Nob29sLTExODQ=,WA,VGVhY2hlci0yNjg0Mzgx,2684381,Brooke,Bannerman,Environmental Studies,2,5,0,1,https://www.ratemyprofessors.com/professor/2684381
12,Western Washington University,U2Nob29sLTExODQ=,WA,VGVhY2hlci0xODk1MjAw,1895200,Kate,Yamamoto,Biology,3.5,3.3,61.1111,23,https://www.ratemyprofessors.com/professor/1895200
12,Western Washington University,U2Nob29sLTExODQ=,WA,VGVhY2hlci0yMzQ1OTA5,2345909,Julian,Wu,Ethnic Studies,4.8,2.5,93.75,16,https://www.ratemyprofessors.com/professor/2345909
12,Western Washington University,U2Nob29sLTExODQ=,WA,VGVhY2hlci0yNDUzMjk5,2453299,Shevell,Thibou,Library Science,5,3,100,2,https://www.ratemyprofessors.com/professor/2453299
12,Western Washington University,U2Nob29sLTExODQ=,WA,VGVhY2hlci0xMjE3NDAx,1217401,Paul,James,Anthropology,2.9,2.2,23.7288,207,https://www.ratemyprofessors.com/professor/1217401
12,Western Washington University,U2Nob29sLTExODQ=,WA,VGVhY2hlci0yNTc2NzA1,2576705,Cassandra,Cook,Mathematics,1.5,2.5,0,4,https://www.ratemyprofessors.com/professor/2576705
12,Western Washington University,U2Nob29sLTExODQ=,WA,VGVhY2hlci0yMjM1MjE1,2235215,Kay,Zavislak,Foreign Languages  Literature,4,2.5,100,2,https://www.ratemyprofessors.com/professor/2235215
12,Western Washington University,U2Nob29sLTExODQ=,WA,VGVhY2hlci03NDI5NzA=,742970,Perry,Fizzano,Computer Science,4.4,2.8,83.3333,56,https://www.ratemyprofessors.com/professor/742970
12,Western Washington University,U2Nob29sLTExODQ=,WA,VGVhY2hlci0xNjU2MTgy,1656182,Nhan,Nguyen,Mathematics,1.8,4.2,0,13,https://www.ratemyprofessors.com/professor/1656182
12,Western Washington University,U2Nob29sLTExODQ=,WA,VGVhY2hlci0xNjIyNTcz,1622573,Joanne,Demark,Student Services,1.8,2.5,50,17,https://www.ratemyprofessors.com/professor/1622573
12,Western Washington University,U2Nob29sLTExODQ=,WA,VGVhY2hlci0xMzY1NzI=,136572,Chris,Sandvig,Business,4,3.3,66.6667,27,https://www.ratemyprofessors.com/professor/136572
12,Western Washington University,U2Nob29sLTExODQ=,WA,VGVhY2hlci0yNDY1Njc1,2465675,David,Bresnahan,Humanities,4.6,2.9,85.7143,7,https://www.ratemyprofessors.com/professor/2465675
12,Western Washington University,U2Nob29sLTExODQ=,WA,VGVhY2hlci0yNjcxOTg2,2671986,Trista,Truemper,Management,5,3,100,1,https://www.ratemyprofessors.com/professor/2671986
12,Western Washington University,U2Nob29sLTExODQ=,WA,VGVhY2hlci0xNDE2MDM0,1416034,Michael,Bajuk,Dance,3.9,1.4,100,5,https://www.ratemyprofessors.com/professor/1416034
12,Western Washington University,U2Nob29sLTExODQ=,WA,VGVhY2hlci04OTg2MDE=,898601,Craig,Mayberry,Management,4,1.8,79.3103,78,https://www.ratemyprofessors.com/professor/898601
12,Western Washington University,U2Nob29sLTExODQ=,WA,VGVhY2hlci0yMDU0MTA1,2054105,Kirsten,Fristad,Physics,2.6,3.4,0,14,https://www.ratemyprofessors.com/professor/2054105
12,Western Washington University,U2Nob29sLTExODQ=,WA,VGVhY2hlci02MzIwMDI=,632002,Stephen,Howie,Journalism,4.4,2.8,100,42,https://www.ratemyprofessors.com/professor/632002
12,Western Washington University,U2Nob29sLTExODQ=,WA,VGVhY2hlci0xODk2NzA2,1896706,Jessica,Crockett,English,4.9,2.8,100,4,https://www.ratemyprofessors.com/professor/1896706
12,Western Washington University,U2Nob29sLTExODQ=,WA,VGVhY2hlci0yMzg0MDMw,2384030,Philip,Tite,Religion,2.3,3.8,33.3333,6,https://www.ratemyprofessors.com/professor/2384030
12,Western Washington University,U2Nob29sLTExODQ=,WA,VGVhY2hlci01MTc5Njc=,517967,Kathleen,Nuzum,History,3.2,3.8,100,51,https://www.ratemyprofessors.com/professor/517967
12,Western Washington University,U2Nob29sLTExODQ=,WA,VGVhY2hlci0yNjQ5MDkz,2649093,Gavin,Stewart,Design,2.5,4,0,2,https://www.ratemyprofessors.com/professor/2649093
12,Western Washington University,U2Nob29sLTExODQ=,WA,VGVhY2hlci0yNTM0NzQx,2534741,Hakeem,Naim,History,4.5,3.6,83.3333,18,https://www.ratemyprofessors.com/professor/2534741
12,Western Washington University,U2Nob29sLTExODQ=,WA,VGVhY2hlci0yNTMxNTkz,2531593,Stoo,Sepp,Design,5,2.6,100,5,https://www.ratemyprofessors.com/professor/2531593
12,Western Washington University,U2Nob29sLTExODQ=,WA,VGVhY2hlci0xMDk5NDE=,109941,Edward,Ousselin,Modern and Classical Languages,3.4,3.5,40,36,https://www.ratemyprofessors.com/professor/109941
12,Western Washington University,U2Nob29sLTExODQ=,WA,VGVhY2hlci0yNjU0OTgz,2654983,Halley,Roberts,English,5,2,100,1,https://www.ratemyprofessors.com/professor/2654983
12,Western Washington University,U2Nob29sLTExODQ=,WA,VGVhY2hlci01MDUzNjE=,505361,Janet,Xing,Modern and Classical Languages,3.7,3.7,62.5,32,https://www.ratemyprofessors.com/professor/505361
12,Western Washington University,U2Nob29sLTExODQ=,WA,VGVhY2hlci0yMTE4MTcy,2118172,Pablo,Airth,Design,3.4,2.7,63.6364,11,https://www.ratemyprofessors.com/professor/2118172
12,Western Washington University,U2Nob29sLTExODQ=,WA,VGVhY2hlci02MjI1NTg=,622558,Jeff,Newcomer,Engineering Technology,4.5,2.7,100,14,https://www.ratemyprofessors.com/professor/622558
12,Western Washington University,U2Nob29sLTExODQ=,WA,VGVhY2hlci01MDM5MDc=,503907,Charlie,Sylvester,Physical Ed,4.6,2.9,100,17,https://www.ratemyprofessors.com/professor/503907
12,Western Washington University,U2Nob29sLTExODQ=,WA,VGVhY2hlci0yMTUxNjQ5,2151649,Mark,Okinaka,Accounting,1.9,4,23.0769,13,https://www.ratemyprofessors.com/professor/2151649
12,Western Washington University,U2Nob29sLTExODQ=,WA,VGVhY2hlci0yNTgxMzk1,2581395,John,McDonald,Biology,3.2,3.7,50,6,https://www.ratemyprofessors.com/professor/2581395
12,Western Washington University,U2Nob29sLTExODQ=,WA,VGVhY2hlci0xNTIwNzMx,1520731,Baozhen,Luo,Sociology,3.5,3.2,42.8571,59,https://www.ratemyprofessors.com/professor/1520731
12,Western Washington University,U2Nob29sLTExODQ=,WA,VGVhY2hlci0yNjA0NDIz,2604423,Wenling,Su,Modern and Classical Languages,5,3.5,100,4,https://www.ratemyprofessors.com/professor/2604423
12,Western Washington University,U2Nob29sLTExODQ=,WA,VGVhY2hlci0yMjkxNTcx,2291571,Charles,Sylvester,Physical Education,5,3,100,1,https://www.ratemyprofessors.com/professor/2291571
12,Western Washington University,U2Nob29sLTExODQ=,WA,VGVhY2hlci0yMzEwMDg1,2310085,Jon,Bash,Music,4.1,2.7,85.7143,7,https://www.ratemyprofessors.com/professor/2310085
12,Western Washington University,U2Nob29sLTExODQ=,WA,VGVhY2hlci0yNjI0NDkw,2624490,Annmarie,Sheahan,English,5,3,100,3,https://www.ratemyprofessors.com/professor/2624490
12,Western Washington University,U2Nob29sLTExODQ=,WA,VGVhY2hlci0yNTcyODA0,2572804,Amrit,Abbasi,English,5,3,100,1,https://www.ratemyprofessors.com/professor/2572804
12,Western Washington University,U2Nob29sLTExODQ=,WA,VGVhY2hlci03MjM4NjM=,723863,Bridget,Kelley,Education,3.3,3.7,50,18,https://www.ratemyprofessors.com/professor/723863
12,Western Washington University,U2Nob29sLTExODQ=,WA,VGVhY2hlci0yMzAzNzM5,2303739,Angela,Fillingham,Sociology,4.2,3,80,5,https://www.ratemyprofessors.com/professor/2303739
12,Western Washington University,U2Nob29sLTExODQ=,WA,VGVhY2hlci0yNTMwNDk2,2530496,Nicolas,Underwood,Physics,4.5,3.7,83.3333,12,https://www.ratemyprofessors.com/professor/2530496
12,Western Washington University,U2Nob29sLTExODQ=,WA,VGVhY2hlci0xMzU2MjM=,135623,Allan,Sleeman,Economics,3.8,3,46.1538,81,https://www.ratemyprofessors.com/professor/135623
12,Western Washington University,U2Nob29sLTExODQ=,WA,VGVhY2hlci0xNDk1NjM=,149563,James,Loucky,Anthropology,2.6,3.1,22.2222,63,https://www.ratemyprofessors.com/professor/149563
12,Western Washington University,U2Nob29sLTExODQ=,WA,VGVhY2hlci0yNTAxMjQ4,2501248,Adam,Haizlip,Ethnic Studies,2.3,2.5,25,4,https://www.ratemyprofessors.com/professor/2501248
12,Western Washington University,U2Nob29sLTExODQ=,WA,VGVhY2hlci0xODE2OTc3,1816977,Nancy,Mullane,Human Services,4.6,3.5,100,6,https://www.ratemyprofessors.com/professor/1816977
12,Western Washington University,U2Nob29sLTExODQ=,WA,VGVhY2hlci0xMjczMzgw,1273380,Brian,Bingham,Environmental Studies,5,4,100,6,https://www.ratemyprofessors.com/professor/1273380
12,Western Washington University,U2Nob29sLTExODQ=,WA,VGVhY2hlci0xMjU2OTY5,1256969,Marko,Madunic,Management,3.3,3.5,27.2727,25,https://www.ratemyprofessors.com/professor/1256969
12,Western Washington University,U2Nob29sLTExODQ=,WA,VGVhY2hlci0xMDM4ODg1,1038885,Arleen,Lewis,Psychology,4.9,3,100,5,https://www.ratemyprofessors.com/professor/1038885
12,Western Washington University,U2Nob29sLTExODQ=,WA,VGVhY2hlci0yNDE0NzE1,2414715,Jai,Dulani,English,2,2.3,33.3333,3,https://www.ratemyprofessors.com/professor/2414715
12,Western Washington University,U2Nob29sLTExODQ=,WA,VGVhY2hlci0yNTM5NDU3,2539457,Allison,Frodsham,English,5,1,100,1,https://www.ratemyprofessors.com/professor/2539457
12,Western Washington University,U2Nob29sLTExODQ=,WA,VGVhY2hlci0xNDk1ODY=,149586,Joyce,Hammond,Anthropology,4,2.8,100,51,https://www.ratemyprofessors.com/professor/149586
12,Western Washington University,U2Nob29sLTExODQ=,WA,VGVhY2hlci0yNDk0NzQx,2494741,Milica,Jelaca Jovanovic,Music,4.5,4.5,100,2,https://www.ratemyprofessors.com/professor/2494741
12,Western Washington University,U2Nob29sLTExODQ=,WA,VGVhY2hlci0xMjA4MzYx,1208361,Geraldine,Prody,Chemistry,2,3.7,0,3,https://www.ratemyprofessors.com/professor/1208361
12,Western Washington University,U2Nob29sLTExODQ=,WA,VGVhY2hlci0yNTc3NTgz,2577583,Kirsten,Fristad,Geology,3,2,0,2,https://www.ratemyprofessors.com/professor/2577583
12,Western Washington University,U2Nob29sLTExODQ=,WA,VGVhY2hlci0yNjA1NTU2,2605556,Katrina,Poppe,Environmental Studies,5,2,100,1,https://www.ratemyprofessors.com/professor/2605556
12,Western Washington University,U2Nob29sLTExODQ=,WA,VGVhY2hlci0yMTk5MDQ3,2199047,Joaquin (Kinny),Torre,Communication,4.2,2.9,88.8889,18,https://www.ratemyprofessors.com/professor/2199047
12,Western Washington University,U2Nob29sLTExODQ=,WA,VGVhY2hlci0yNTc3ODQx,2577841,Marianne,Graff,Journalism,4,3,100,1,https://www.ratemyprofessors.com/professor/2577841
12,Western Washington University,U2Nob29sLTExODQ=,WA,VGVhY2hlci0yNDI0NDYw,2424460,Karen,Dade,Education,3.1,2.9,71.4286,7,https://www.ratemyprofessors.com/professor/2424460
12,Western Washington University,U2Nob29sLTExODQ=,WA,VGVhY2hlci0yNDM0Njkw,2434690,Nini,Hayes,Environmental Studies,2.6,3.3,28.5714,7,https://www.ratemyprofessors.com/professor/2434690
12,Western Washington University,U2Nob29sLTExODQ=,WA,VGVhY2hlci0yNTc0MTE1,2574115,Zachary,Kaplan-Moss,English,5,3,100,2,https://www.ratemyprofessors.com/professor/2574115
12,Western Washington University,U2Nob29sLTExODQ=,WA,VGVhY2hlci0xODQ2ODc2,1846876,Jen,Leita,Physical Education,4.6,1.5,100,6,https://www.ratemyprofessors.com/professor/1846876
12,Western Washington University,U2Nob29sLTExODQ=,WA,VGVhY2hlci0yMTg2NzE4,2186718,Seth,Greendale,Mathematics,2.6,4.2,43.1818,44,https://www.ratemyprofessors.com/professor/2186718
12,Western Washington University,U2Nob29sLTExODQ=,WA,VGVhY2hlci0yMTA5OTc3,2109977,Anna,Lees,Education,2.1,4,0,3,https://www.ratemyprofessors.com/professor/2109977
12,Western Washington University,U2Nob29sLTExODQ=,WA,VGVhY2hlci0zNjAxMzE=,360131,David,Leaf,Biology,3.3,3.8,42.8571,55,https://www.ratemyprofessors.com/professor/360131
12,Western Washington University,U2Nob29sLTExODQ=,WA,VGVhY2hlci0xNTExNDM0,1511434,Teresa,Downard,Mathematics,2.9,3.4,47.3684,50,https://www.ratemyprofessors.com/professor/1511434
12,Western Washington University,U2Nob29sLTExODQ=,WA,VGVhY2hlci0yMzMzNzg4,2333788,Colleen,Laird,Foreign Languages & Literature,5,3.3,100,10,https://www.ratemyprofessors.com/professor/2333788
12,Western Washington University,U2Nob29sLTExODQ=,WA,VGVhY2hlci0xNjEyOTI=,161292,Tanis,S'eiltin,Interdisciplinary Studies,3.1,2.7,100,17,https://www.ratemyprofessors.com/professor/161292
12,Western Washington University,U2Nob29sLTExODQ=,WA,VGVhY2hlci0yNTc5MjI2,2579226,Alexa,Thompson,Physical Education,5,1,100,1,https://www.ratemyprofessors.com/professor/2579226
12,Western Washington University,U2Nob29sLTExODQ=,WA,VGVhY2hlci0yMzU2MTg3,2356187,Charity,McAdams,Humanities,4.5,2.9,95,20,https://www.ratemyprofessors.com/professor/2356187
12,Western Washington University,U2Nob29sLTExODQ=,WA,VGVhY2hlci0yMzAyNTk5,2302599,Susheel,Gopalan,Computer Science,4.4,3.7,86.6667,15,https://www.ratemyprofessors.com/professor/2302599
12,Western Washington University,U2Nob29sLTExODQ=,WA,VGVhY2hlci05MjYxODY=,926186,Cher,Carnell,Dance,3.9,2.4,50,7,https://www.ratemyprofessors.com/professor/926186
12,Western Washington University,U2Nob29sLTExODQ=,WA,VGVhY2hlci02NDg0NDE=,648441,Roger,Anderson,Biology,1.8,3.7,11.1111,74,https://www.ratemyprofessors.com/professor/648441
12,Western Washington University,U2Nob29sLTExODQ=,WA,VGVhY2hlci0yNTAwMzU3,2500357,Francisco,Rios,Education,5,2,100,2,https://www.ratemyprofessors.com/professor/2500357
12,Western Washington University,U2Nob29sLTExODQ=,WA,VGVhY2hlci0yNTMxODA5,2531809,Lauren,Macdonald,Humanities,3,3,75,4,https://www.ratemyprofessors.com/professor/2531809
12,Western Washington University,U2Nob29sLTExODQ=,WA,VGVhY2hlci0yNTY5ODI5,2569829,Angela,Broeker,Music,5,2,100,2,https://www.ratemyprofessors.com/professor/2569829
12,Western Washington University,U2Nob29sLTExODQ=,WA,VGVhY2hlci0yMDgwMjcy,2080272,Geneva ,Blake,Statistics,4.3,2.5,96.4286,36,https://www.ratemyprofessors.com/professor/2080272
12,Western Washington University,U2Nob29sLTExODQ=,WA,VGVhY2hlci0yNDg5MDU4,2489058,Tanveer,Chawla,Engineering,3,3.7,66.6667,3,https://www.ratemyprofessors.com/professor/2489058
12,Western Washington University,U2Nob29sLTExODQ=,WA,VGVhY2hlci0yNTc3MDYw,2577060,Gautam,Pillay,Engineering,5,3,100,1,https://www.ratemyprofessors.com/professor/2577060
12,Western Washington University,U2Nob29sLTExODQ=,WA,VGVhY2hlci00ODEwODY=,481086,Nicole,Hoekstra,Engineering Technology,4.4,3.6,100,11,https://www.ratemyprofessors.com/professor/481086
12,Western Washington University,U2Nob29sLTExODQ=,WA,VGVhY2hlci0yNDY2NTcy,2466572,Megan,Lucchesi,English,5,2,100,5,https://www.ratemyprofessors.com/professor/2466572
12,Western Washington University,U2Nob29sLTExODQ=,WA,VGVhY2hlci0yNTc0ODEx,2574811,Gabriel,Bugarin,English,5,3,100,1,https://www.ratemyprofessors.com/professor/2574811
12,Western Washington University,U2Nob29sLTExODQ=,WA,VGVhY2hlci0yNDc0ODU2,2474856,Lindsay,Winbrinck,Mathematics,4,3,100,1,https://www.ratemyprofessors.com/professor/2474856
12,Western Washington University,U2Nob29sLTExODQ=,WA,VGVhY2hlci0yMTkzNDgz,2193483,Paul,Meeks,Finance,4.8,2.9,100,21,https://www.ratemyprofessors.com/professor/2193483
12,Western Washington University,U2Nob29sLTExODQ=,WA,VGVhY2hlci0xNDU1ODQx,1455841,Kraig K,Pencil,Business,2.7,3.3,35.7143,34,https://www.ratemyprofessors.com/professor/1455841
12,Western Washington University,U2Nob29sLTExODQ=,WA,VGVhY2hlci03OTM4OTU=,793895,Zite,Hutton,Accounting,4.5,3.3,75,27,https://www.ratemyprofessors.com/professor/793895
12,Western Washington University,U2Nob29sLTExODQ=,WA,VGVhY2hlci0xMzU2MTk=,135619,George,Sanders,Accounting,4,3,0,16,https://www.ratemyprofessors.com/professor/135619
12,Western Washington University,U2Nob29sLTExODQ=,WA,VGVhY2hlci0xMzczMzU2,1373356,Sarah,Rowan,Modern and Classical Languages,5,2.4,100,9,https://www.ratemyprofessors.com/professor/1373356
12,Western Washington University,U2Nob29sLTExODQ=,WA,VGVhY2hlci0yNTM5MjY1,2539265,Rae,Larson,English,2,2.5,50,2,https://www.ratemyprofessors.com/professor/2539265
12,Western Washington University,U2Nob29sLTExODQ=,WA,VGVhY2hlci05NzI4MTI=,972812,Ronald,Judd,Journalism,4.4,2.7,100,15,https://www.ratemyprofessors.com/professor/972812
12,Western Washington University,U2Nob29sLTExODQ=,WA,VGVhY2hlci0yNTQ3MjIy,2547222,Nicholas,Harrison,Mathematics,5,3,100,2,https://www.ratemyprofessors.com/professor/2547222
12,Western Washington University,U2Nob29sLTExODQ=,WA,VGVhY2hlci03MjI3Nzc=,722777,David,Gilbertson,Accounting,3.4,4,100,24,https://www.ratemyprofessors.com/professor/722777
12,Western Washington University,U2Nob29sLTExODQ=,WA,VGVhY2hlci0yMjY4ODU2,2268856,Regina,Barber DeGraaf,Physics,2.5,3.8,25,4,https://www.ratemyprofessors.com/professor/2268856
12,Western Washington University,U2Nob29sLTExODQ=,WA,VGVhY2hlci0yNDYxOTg5,2461989,Peter,Hedlund,Library Science,3.6,3,70.5882,17,https://www.ratemyprofessors.com/professor/2461989
12,Western Washington University,U2Nob29sLTExODQ=,WA,VGVhY2hlci0xODgyMjA4,1882208,Joy,Wiggins,Education,3.3,2.5,50,4,https://www.ratemyprofessors.com/professor/1882208
12,Western Washington University,U2Nob29sLTExODQ=,WA,VGVhY2hlci0yNTU0NDEx,2554411,Spencer,Stone,Finance,4,1,100,1,https://www.ratemyprofessors.com/professor/2554411
12,Western Washington University,U2Nob29sLTExODQ=,WA,VGVhY2hlci0xNTc0NTg0,1574584,Amber,Goodrich,Mathematics,3.9,3.3,44.4444,52,https://www.ratemyprofessors.com/professor/1574584
12,Western Washington University,U2Nob29sLTExODQ=,WA,VGVhY2hlci0yMTE1Mjgw,2115280,Jeff,Cantle,Psychology,4.6,3.3,100,8,https://www.ratemyprofessors.com/professor/2115280
12,Western Washington University,U2Nob29sLTExODQ=,WA,VGVhY2hlci0yMTg4MjMz,2188233,Kari Jo,Hilgendorf,Science,2,3.6,27.7778,18,https://www.ratemyprofessors.com/professor/2188233
12,Western Washington University,U2Nob29sLTExODQ=,WA,VGVhY2hlci05NjYxNDI=,966142,John,Tuxill,Environmental Studies,4.4,3.7,100,7,https://www.ratemyprofessors.com/professor/966142
12,Western Washington University,U2Nob29sLTExODQ=,WA,VGVhY2hlci0yMTQ4OTE0,2148914,Kevin,Roxas,Education,5,2,100,3,https://www.ratemyprofessors.com/professor/2148914
12,Western Washington University,U2Nob29sLTExODQ=,WA,VGVhY2hlci0xNjk3ODY0,1697864,Andrew,Bach,Geography,4.8,3,100,2,https://www.ratemyprofessors.com/professor/1697864
12,Western Washington University,U2Nob29sLTExODQ=,WA,VGVhY2hlci0yMjE0NDg=,221448,Nick,Margaritis,English,3.4,3.9,55.5556,158,https://www.ratemyprofessors.com/professor/221448
12,Western Washington University,U2Nob29sLTExODQ=,WA,VGVhY2hlci0yMzUwMjE1,2350215,Hilary,Schwandt,World Languages amp Cultures,5,3,100,1,https://www.ratemyprofessors.com/professor/2350215
12,Western Washington University,U2Nob29sLTExODQ=,WA,VGVhY2hlci0yMTE1NzA0,2115704,Art,Sherwood,Business,4.8,3,100,3,https://www.ratemyprofessors.com/professor/2115704
12,Western Washington University,U2Nob29sLTExODQ=,WA,VGVhY2hlci0yNDIxODI5,2421829,Jordan,McCaslin,Mathematics,3.5,4.1,62.5,8,https://www.ratemyprofessors.com/professor/2421829
12,Western Washington University,U2Nob29sLTExODQ=,WA,VGVhY2hlci0yNTI3ODQ1,2527845,Hana,Busse,Biology,4,4,100,1,https://www.ratemyprofessors.com/professor/2527845
12,Western Washington University,U2Nob29sLTExODQ=,WA,VGVhY2hlci0yMzAyNjM1,2302635,Hana,Shishkarev,English,3.5,2.3,62.5,8,https://www.ratemyprofessors.com/professor/2302635
12,Western Washington University,U2Nob29sLTExODQ=,WA,VGVhY2hlci0xNjk5NzY1,1699765,Alecia Buonocore,Elvstad,Accounting,2,3.7,0,17,https://www.ratemyprofessors.com/professor/1699765
12,Western Washington University,U2Nob29sLTExODQ=,WA,VGVhY2hlci0xMjUwNzAx,1250701,Janelle,Leger,Physics,3.3,3.5,100,12,https://www.ratemyprofessors.com/professor/1250701
12,Western Washington University,U2Nob29sLTExODQ=,WA,VGVhY2hlci0yNTEwMzA3,2510307,Patrick,Williams,Environmental Studies,5,4,100,1,https://www.ratemyprofessors.com/professor/2510307
12,Western Washington University,U2Nob29sLTExODQ=,WA,VGVhY2hlci0xNzczMjQ4,1773248,Susanne,Seales,History,3.4,3.3,61.1111,28,https://www.ratemyprofessors.com/professor/1773248
12,Western Washington University,U2Nob29sLTExODQ=,WA,VGVhY2hlci0yNDI4NDA0,2428404,Kate,Kolpan,Anthropology,3.5,4.3,66.6667,6,https://www.ratemyprofessors.com/professor/2428404
12,Western Washington University,U2Nob29sLTExODQ=,WA,VGVhY2hlci0yMzA5NzM3,2309737,Thomas,Resick,Management,1.5,3.5,0,2,https://www.ratemyprofessors.com/professor/2309737
12,Western Washington University,U2Nob29sLTExODQ=,WA,VGVhY2hlci0yMzUxNzg3,2351787,Philip,Van Huizen,History,4.8,3,100,7,https://www.ratemyprofessors.com/professor/2351787
12,Western Washington University,U2Nob29sLTExODQ=,WA,VGVhY2hlci0xMzU1NzM=,135573,Peter,Harder,Economics,3.4,3.6,23.8095,85,https://www.ratemyprofessors.com/professor/135573
12,Western Washington University,U2Nob29sLTExODQ=,WA,VGVhY2hlci0yNDE0NDc3,2414477,Allison,Spikes,English,2.8,1.4,60,5,https://www.ratemyprofessors.com/professor/2414477
12,Western Washington University,U2Nob29sLTExODQ=,WA,VGVhY2hlci03NjYxMjE=,766121,Pete,Stelling,Geology,4.5,2.7,100,77,https://www.ratemyprofessors.com/professor/766121
12,Western Washington University,U2Nob29sLTExODQ=,WA,VGVhY2hlci0xOTM4MDAy,1938002,Stephanie,Abegg,Mathematics,3.7,3.3,80,39,https://www.ratemyprofessors.com/professor/1938002
12,Western Washington University,U2Nob29sLTExODQ=,WA,VGVhY2hlci0yMjM3MDk4,2237098,Cheiron,McMahill,Teaching English As A 2nd Lang,2.5,5,50,2,https://www.ratemyprofessors.com/professor/2237098
12,Western Washington University,U2Nob29sLTExODQ=,WA,VGVhY2hlci0yMzE4ODYy,2318862,Amber,Randall,Communication,4.1,2.3,87.5,16,https://www.ratemyprofessors.com/professor/2318862
12,Western Washington University,U2Nob29sLTExODQ=,WA,VGVhY2hlci0yNTAwOTA4,2500908,Genette,McGrew,Earth Science,2,3,0,1,https://www.ratemyprofessors.com/professor/2500908
12,Western Washington University,U2Nob29sLTExODQ=,WA,VGVhY2hlci01NTc4OTI=,557892,Errol,Seaton,Humanities,2.4,3.9,44.4444,94,https://www.ratemyprofessors.com/professor/557892
12,Western Washington University,U2Nob29sLTExODQ=,WA,VGVhY2hlci0yNDY4NjM4,2468638,Nicholas,Majeske,Computer Science,4.3,3,100,3,https://www.ratemyprofessors.com/professor/2468638
12,Western Washington University,U2Nob29sLTExODQ=,WA,VGVhY2hlci0yNDk5NTg1,2499585,Ashley,Hollenbeck,International Studies,2,3,0,1,https://www.ratemyprofessors.com/professor/2499585
12,Western Washington University,U2Nob29sLTExODQ=,WA,VGVhY2hlci0xOTUwMTI1,1950125,Hilary,Parker,Student Services,2,4,0,1,https://www.ratemyprofessors.com/professor/1950125
12,Western Washington University,U2Nob29sLTExODQ=,WA,VGVhY2hlci0yNDg4MzMx,2488331,Kaori,Shimizu,Foreign Languages & Literature,2.5,4,50,2,https://www.ratemyprofessors.com/professor/2488331
12,Western Washington University,U2Nob29sLTExODQ=,WA,VGVhY2hlci0xMjE5MDQ0,1219044,Sylvia,Tag,Library Science,4.5,3.3,100,6,https://www.ratemyprofessors.com/professor/1219044
12,Western Washington University,U2Nob29sLTExODQ=,WA,VGVhY2hlci0yMTkyNDc2,2192476,Kelly,Vogel,Environmental Studies,2.8,4.2,50,4,https://www.ratemyprofessors.com/professor/2192476
12,Western Washington University,U2Nob29sLTExODQ=,WA,VGVhY2hlci0yNDk2ODQz,2496843,Errol,Seaton,Liberal Studies,1,4,0,1,https://www.ratemyprofessors.com/professor/2496843
12,Western Washington University,U2Nob29sLTExODQ=,WA,VGVhY2hlci02Mjc0NDI=,627442,Jim,Lortz,Theater,4,3.3,75,21,https://www.ratemyprofessors.com/professor/627442
12,Western Washington University,U2Nob29sLTExODQ=,WA,VGVhY2hlci0yMjY0NzYz,2264763,Carter,Merklinghaus,Sociology,4.7,3.3,100,3,https://www.ratemyprofessors.com/professor/2264763
12,Western Washington University,U2Nob29sLTExODQ=,WA,VGVhY2hlci0yNDk2MjE4,2496218,Darby,Roach,Design,2,3,0,1,https://www.ratemyprofessors.com/professor/2496218
12,Western Washington University,U2Nob29sLTExODQ=,WA,VGVhY2hlci03NjIwMjI=,762022,Nicole,Larson,Engineering Technology,4,2.4,100,15,https://www.ratemyprofessors.com/professor/762022
12,Western Washington University,U2Nob29sLTExODQ=,WA,VGVhY2hlci01MDExNjc=,501167,Katie,Stables,Mathematics,3.5,3.5,52.1739,126,https://www.ratemyprofessors.com/professor/501167
12,Western Washington University,U2Nob29sLTExODQ=,WA,VGVhY2hlci0xOTkwNTUz,1990553,Diana,Gruman,Psychology,3.7,1.6,66.6667,5,https://www.ratemyprofessors.com/professor/1990553
12,Western Washington University,U2Nob29sLTExODQ=,WA,VGVhY2hlci0yNDIyNTgy,2422582,Zachary,Dodge,Mathematics,4.3,2.8,85.7143,7,https://www.ratemyprofessors.com/professor/2422582
12,Western Washington University,U2Nob29sLTExODQ=,WA,VGVhY2hlci0xODgyNjQ3,1882647,Tyler,Honeycutt,Mathematics,3.1,3.2,0,5,https://www.ratemyprofessors.com/professor/1882647
12,Western Washington University,U2Nob29sLTExODQ=,WA,VGVhY2hlci0yNDA4ODA5,2408809,Daniel,Tarnu,Mathematics,2.3,4,25,4,https://www.ratemyprofessors.com/professor/2408809
12,Western Washington University,U2Nob29sLTExODQ=,WA,VGVhY2hlci0yNDY0NzUw,2464750,Zachary,Smith,Music,5,1.2,100,5,https://www.ratemyprofessors.com/professor/2464750
12,Western Washington University,U2Nob29sLTExODQ=,WA,VGVhY2hlci0yMzA0MTU5,2304159,Tanzima,Islam,Computer Science,4,4.2,75,4,https://www.ratemyprofessors.com/professor/2304159
12,Western Washington University,U2Nob29sLTExODQ=,WA,VGVhY2hlci0yNDU1MTk1,2455195,Dean,Miller,Journalism,5,3.8,100,4,https://www.ratemyprofessors.com/professor/2455195
12,Western Washington University,U2Nob29sLTExODQ=,WA,VGVhY2hlci0yNDcwNjUx,2470651,Nicole,McGowan,Geology,2,3,0,1,https://www.ratemyprofessors.com/professor/2470651
12,Western Washington University,U2Nob29sLTExODQ=,WA,VGVhY2hlci0xMjU4MzYw,1258360,Margaret,Fox,English,3.5,2.8,100,18,https://www.ratemyprofessors.com/professor/1258360
12,Western Washington University,U2Nob29sLTExODQ=,WA,VGVhY2hlci0xOTM4NzYy,1938762,Effie,Eisses,Management,4.8,1.8,100,4,https://www.ratemyprofessors.com/professor/1938762
12,Western Washington University,U2Nob29sLTExODQ=,WA,VGVhY2hlci0yMDc5MjEx,2079211,Whitney,Morrison,Education,5,3,100,2,https://www.ratemyprofessors.com/professor/2079211
12,Western Washington University,U2Nob29sLTExODQ=,WA,VGVhY2hlci0yNDY4NDM4,2468438,Jo,Hurt,English,5,2,100,1,https://www.ratemyprofessors.com/professor/2468438
12,Western Washington University,U2Nob29sLTExODQ=,WA,VGVhY2hlci0yMzQyMDQ0,2342044,Lee,Plested,Art History,2,4,0,1,https://www.ratemyprofessors.com/professor/2342044
12,Western Washington University,U2Nob29sLTExODQ=,WA,VGVhY2hlci05NjM0ODk=,963489,Ralph,Riley,Environmental Studies,4.7,3,100,14,https://www.ratemyprofessors.com/professor/963489
12,Western Washington University,U2Nob29sLTExODQ=,WA,VGVhY2hlci0yMTcyNDcx,2172471,Beth,Leonard,Theater,5,3.2,100,5,https://www.ratemyprofessors.com/professor/2172471
12,Western Washington University,U2Nob29sLTExODQ=,WA,VGVhY2hlci0yNDY1Mjc1,2465275,Warren,Cornwall,Environmental Studies,4,4,100,1,https://www.ratemyprofessors.com/professor/2465275
12,Western Washington University,U2Nob29sLTExODQ=,WA,VGVhY2hlci0yMjczNzIy,2273722,Jill,Hunt-Thompson,Agriculture,1,4,0,2,https://www.ratemyprofessors.com/professor/2273722
12,Western Washington University,U2Nob29sLTExODQ=,WA,VGVhY2hlci0xNjY5MTk=,166919,Karen,Bradley,Sociology,2.8,3.9,28.5714,43,https://www.ratemyprofessors.com/professor/166919
12,Western Washington University,U2Nob29sLTExODQ=,WA,VGVhY2hlci0yNDEyMDU4,2412058,Justin,Manipis,Physical Education,5,3.5,100,2,https://www.ratemyprofessors.com/professor/2412058
12,Western Washington University,U2Nob29sLTExODQ=,WA,VGVhY2hlci0zNDAxNTQ=,340154,Danny,Rowe,Humanities,3.8,2.8,50,18,https://www.ratemyprofessors.com/professor/340154
12,Western Washington University,U2Nob29sLTExODQ=,WA,VGVhY2hlci0yMTE1Njg1,2115685,Michael,Williams,Biology,3,3.3,50,15,https://www.ratemyprofessors.com/professor/2115685
12,Western Washington University,U2Nob29sLTExODQ=,WA,VGVhY2hlci05ODcwNzc=,987077,Maia,Langenberg,Mathematics,2.8,3.8,0,13,https://www.ratemyprofessors.com/professor/987077
12,Western Washington University,U2Nob29sLTExODQ=,WA,VGVhY2hlci0xMjgzMDY1,1283065,Steven,Hoffman,Ethnic Studies,4.5,1.8,50,8,https://www.ratemyprofessors.com/professor/1283065
12,Western Washington University,U2Nob29sLTExODQ=,WA,VGVhY2hlci0yMzYxMDY5,2361069,Murray,Pendergrass,Mathematics,3,3.5,50,2,https://www.ratemyprofessors.com/professor/2361069
12,Western Washington University,U2Nob29sLTExODQ=,WA,VGVhY2hlci0yNDUzMTY4,2453168,John,Friesen,Music,5,2,100,1,https://www.ratemyprofessors.com/professor/2453168
12,Western Washington University,U2Nob29sLTExODQ=,WA,VGVhY2hlci0yNDUzMTYx,2453161,Kirsten,Jensen,Education,5,1,100,1,https://www.ratemyprofessors.com/professor/2453161
12,Western Washington University,U2Nob29sLTExODQ=,WA,VGVhY2hlci0yMjkwMDQ3,2290047,Tracy,Haack,English,5,2.3,100,6,https://www.ratemyprofessors.com/professor/2290047
12,Western Washington University,U2Nob29sLTExODQ=,WA,VGVhY2hlci0yMDc2NDk4,2076498,Krista ,Steuben,Mathematics,2.5,3.5,50,2,https://www.ratemyprofessors.com/professor/2076498
12,Western Washington University,U2Nob29sLTExODQ=,WA,VGVhY2hlci0yMjI1OTQ3,2225947,Kristiana,Kahakauwila,English,4.8,3.5,92.8571,14,https://www.ratemyprofessors.com/professor/2225947
12,Western Washington University,U2Nob29sLTExODQ=,WA,VGVhY2hlci0xODAyNTE0,1802514,Christopher,Morrison,Art,4.3,2,100,4,https://www.ratemyprofessors.com/professor/1802514
12,Western Washington University,U2Nob29sLTExODQ=,WA,VGVhY2hlci0xODQxMTI5,1841129,Caitlin,Gillespie,Classics,3.9,2.5,100,24,https://www.ratemyprofessors.com/professor/1841129
12,Western Washington University,U2Nob29sLTExODQ=,WA,VGVhY2hlci00NDMwODU=,443085,Peter,Homann,Environmental Studies,4.9,2.5,100,19,https://www.ratemyprofessors.com/professor/443085
12,Western Washington University,U2Nob29sLTExODQ=,WA,VGVhY2hlci0yNDQ4MTgw,2448180,Matthew,Hoogestraat,Engineering,5,5,100,1,https://www.ratemyprofessors.com/professor/2448180
12,Western Washington University,U2Nob29sLTExODQ=,WA,VGVhY2hlci01MzU0Njk=,535469,David,Patrick,Chemistry,3.9,3.7,66.6667,16,https://www.ratemyprofessors.com/professor/535469
12,Western Washington University,U2Nob29sLTExODQ=,WA,VGVhY2hlci0xODQ0NzQy,1844742,Marilyn,Chu,Education,4,3.3,100,8,https://www.ratemyprofessors.com/professor/1844742
12,Western Washington University,U2Nob29sLTExODQ=,WA,VGVhY2hlci0yMTUwNDY0,2150464,Theresa,Kingma,Education,5,2,100,7,https://www.ratemyprofessors.com/professor/2150464
12,Western Washington University,U2Nob29sLTExODQ=,WA,VGVhY2hlci01Mjk5ODg=,529988,Yunqui,Shen,Mathematics,3.9,1.8,100,53,https://www.ratemyprofessors.com/professor/529988
12,Western Washington University,U2Nob29sLTExODQ=,WA,VGVhY2hlci0yMzEwNzEx,2310711,Aumony,Dahl,Education,5,1.3,100,3,https://www.ratemyprofessors.com/professor/2310711
12,Western Washington University,U2Nob29sLTExODQ=,WA,VGVhY2hlci0xODcxODk4,1871898,Catherine,Riordan,Psychology,2.9,2.7,35,76,https://www.ratemyprofessors.com/professor/1871898
12,Western Washington University,U2Nob29sLTExODQ=,WA,VGVhY2hlci0xMzUxMTk=,135119,Geoffrey,Matthews,Computer Science,2.5,4.2,33.3333,72,https://www.ratemyprofessors.com/professor/135119
12,Western Washington University,U2Nob29sLTExODQ=,WA,VGVhY2hlci0yMzIzMTk4,2323198,Joel,Swisher,Environmental Studies,5,3.7,100,3,https://www.ratemyprofessors.com/professor/2323198
12,Western Washington University,U2Nob29sLTExODQ=,WA,VGVhY2hlci03NjI2NzE=,762671,Mitchell,Jancic,Education,3.8,2,100,24,https://www.ratemyprofessors.com/professor/762671
12,Western Washington University,U2Nob29sLTExODQ=,WA,VGVhY2hlci0xNTA2Nzgx,1506781,Dennis,Murphy,Finance,3.3,3.8,20,15,https://www.ratemyprofessors.com/professor/1506781
12,Western Washington University,U2Nob29sLTExODQ=,WA,VGVhY2hlci0xOTQ0NjA1,1944605,Caren,Fleming,Education,4.5,2.6,100,5,https://www.ratemyprofessors.com/professor/1944605
12,Western Washington University,U2Nob29sLTExODQ=,WA,VGVhY2hlci0xNzg3MTY1,1787165,Kent,Smith,Design,3.1,3.6,62.5,26,https://www.ratemyprofessors.com/professor/1787165
12,Western Washington University,U2Nob29sLTExODQ=,WA,VGVhY2hlci0xODYzMzc1,1863375,Katharine,Destler,Management,2.6,2.8,100,6,https://www.ratemyprofessors.com/professor/1863375
12,Western Washington University,U2Nob29sLTExODQ=,WA,VGVhY2hlci0xMjYyMjU2,1262256,Ed,Hunter,Computer Science,3.8,1.8,100,17,https://www.ratemyprofessors.com/professor/1262256
12,Western Washington University,U2Nob29sLTExODQ=,WA,VGVhY2hlci0xOTQ3ODc4,1947878,Dan,Jordan,Accounting,3.7,1,100,3,https://www.ratemyprofessors.com/professor/1947878
12,Western Washington University,U2Nob29sLTExODQ=,WA,VGVhY2hlci0yNDM0MjUx,2434251,Andrew,Crook,English,5,3,100,1,https://www.ratemyprofessors.com/professor/2434251
12,Western Washington University,U2Nob29sLTExODQ=,WA,VGVhY2hlci0yMjg1MDg1,2285085,Zoe,Ballinger,English,4,2,100,1,https://www.ratemyprofessors.com/professor/2285085
12,Western Washington University,U2Nob29sLTExODQ=,WA,VGVhY2hlci0xNjM0OTE=,163491,Daniel,Boxberger,Anthropology,2.9,3,11.1111,53,https://www.ratemyprofessors.com/professor/163491
12,Western Washington University,U2Nob29sLTExODQ=,WA,VGVhY2hlci01NzY0ODQ=,576484,Jill,Hunt-Thompson,Communication,2,4.1,0,15,https://www.ratemyprofessors.com/professor/576484
12,Western Washington University,U2Nob29sLTExODQ=,WA,VGVhY2hlci0yNDE4MTI3,2418127,Hussein,Abdelbaki,Modern and Classical Languages,1,4,0,1,https://www.ratemyprofessors.com/professor/2418127
12,Western Washington University,U2Nob29sLTExODQ=,WA,VGVhY2hlci0yMjM1MjAx,2235201,Duncan,Bennett,Mathematics,3.3,3,50,6,https://www.ratemyprofessors.com/professor/2235201
12,Western Washington University,U2Nob29sLTExODQ=,WA,VGVhY2hlci01MjE4ODA=,521880,James,Johnson,Computer Science,2.4,4,50,22,https://www.ratemyprofessors.com/professor/521880
12,Western Washington University,U2Nob29sLTExODQ=,WA,VGVhY2hlci05Mzg5NjE=,938961,Angela,Harwood,Education,4.2,2.4,100,16,https://www.ratemyprofessors.com/professor/938961
12,Western Washington University,U2Nob29sLTExODQ=,WA,VGVhY2hlci0xNTA5MzU=,150935,Sarah,Campbell,Anthropology,3.2,3.4,75,49,https://www.ratemyprofessors.com/professor/150935
12,Western Washington University,U2Nob29sLTExODQ=,WA,VGVhY2hlci0yMTkzMTMx,2193131,Connor,Ryan,Mathematics,3.8,3.9,70.9677,31,https://www.ratemyprofessors.com/professor/2193131
12,Western Washington University,U2Nob29sLTExODQ=,WA,VGVhY2hlci0yMzUyNzg3,2352787,Kristina,Nielsen,Music,1.5,3.5,16.6667,6,https://www.ratemyprofessors.com/professor/2352787
12,Western Washington University,U2Nob29sLTExODQ=,WA,VGVhY2hlci0yMjA0NDkz,2204493,Brittanie,Lockard,Exercise  Rehab Sciences,3.7,3,66.6667,3,https://www.ratemyprofessors.com/professor/2204493
12,Western Washington University,U2Nob29sLTExODQ=,WA,VGVhY2hlci0xNzAwNzA0,1700704,Rebekah,Green,Environmental Studies,3.4,4.1,46.1538,18,https://www.ratemyprofessors.com/professor/1700704
12,Western Washington University,U2Nob29sLTExODQ=,WA,VGVhY2hlci0xNjU5Mzg2,1659386,Kacey,Morrow,Design,4.2,3.5,100,9,https://www.ratemyprofessors.com/professor/1659386
12,Western Washington University,U2Nob29sLTExODQ=,WA,VGVhY2hlci0yMzQ3NDMz,2347433,Brian,Twenter,English,4.7,3.7,100,3,https://www.ratemyprofessors.com/professor/2347433
12,Western Washington University,U2Nob29sLTExODQ=,WA,VGVhY2hlci0xNzcyNTYy,1772562,Michael,Fraas,Communication Disorders,3.9,2.3,66.6667,18,https://www.ratemyprofessors.com/professor/1772562
12,Western Washington University,U2Nob29sLTExODQ=,WA,VGVhY2hlci0zMzYyMDU=,336205,Leroy,Plumlee,Business,2.6,3.8,0,47,https://www.ratemyprofessors.com/professor/336205
12,Western Washington University,U2Nob29sLTExODQ=,WA,VGVhY2hlci0xMzY3NzYy,1367762,Bradley,McCoy,Mathematics,3.9,3.3,73.3333,78,https://www.ratemyprofessors.com/professor/1367762
12,Western Washington University,U2Nob29sLTExODQ=,WA,VGVhY2hlci0xNjk2OTI0,1696924,Nicholas,Margaritas,English,3.4,3.7,100,6,https://www.ratemyprofessors.com/professor/1696924
12,Western Washington University,U2Nob29sLTExODQ=,WA,VGVhY2hlci0yMTg1ODAz,2185803,Jennifer,Villalva,Physics,2.6,2.9,53.8462,26,https://www.ratemyprofessors.com/professor/2185803
12,Western Washington University,U2Nob29sLTExODQ=,WA,VGVhY2hlci0yMzI3NDMx,2327431,Weiwei,Zhang,Sociology,4.8,1.4,100,5,https://www.ratemyprofessors.com/professor/2327431
12,Western Washington University,U2Nob29sLTExODQ=,WA,VGVhY2hlci0yMDUwMjI0,2050224,Marc,Muniz,Chemistry,4.4,3.2,100,24,https://www.ratemyprofessors.com/professor/2050224
12,Western Washington University,U2Nob29sLTExODQ=,WA,VGVhY2hlci0yMjk3MzEx,2297311,Gabe,Wechter,Mathematics,2.3,3.7,33.3333,3,https://www.ratemyprofessors.com/professor/2297311
12,Western Washington University,U2Nob29sLTExODQ=,WA,VGVhY2hlci0xNTg3OTIz,1587923,Doug,Banner,Human Services,4.2,1.7,100,6,https://www.ratemyprofessors.com/professor/1587923
12,Western Washington University,U2Nob29sLTExODQ=,WA,VGVhY2hlci0yMzc5MDk4,2379098,Steph,Strachan,Education,5,4,100,1,https://www.ratemyprofessors.com/professor/2379098
12,Western Washington University,U2Nob29sLTExODQ=,WA,VGVhY2hlci0yMjMwNTEx,2230511,Erin,Colvin,Computer Science,3.9,3.4,68.75,16,https://www.ratemyprofessors.com/professor/2230511
12,Western Washington University,U2Nob29sLTExODQ=,WA,VGVhY2hlci0yMDYzMzg2,2063386,Cheryl,Gilge,Art History,1.7,3.8,12.5,9,https://www.ratemyprofessors.com/professor/2063386
12,Western Washington University,U2Nob29sLTExODQ=,WA,VGVhY2hlci0xNjQwODUx,1640851,Constanze,Weise,History,3.3,2.4,0,7,https://www.ratemyprofessors.com/professor/1640851
12,Western Washington University,U2Nob29sLTExODQ=,WA,VGVhY2hlci01Nzk1MzM=,579533,Ben,Paulson,Geology,4.4,2.4,100,7,https://www.ratemyprofessors.com/professor/579533
12,Western Washington University,U2Nob29sLTExODQ=,WA,VGVhY2hlci0yMzQ3NjM0,2347634,Josie,Melton,Education,5,3,100,1,https://www.ratemyprofessors.com/professor/2347634
12,Western Washington University,U2Nob29sLTExODQ=,WA,VGVhY2hlci0yMjgyMTk1,2282195,Matthew,Render,Accounting,5,3.2,100,7,https://www.ratemyprofessors.com/professor/2282195
12,Western Washington University,U2Nob29sLTExODQ=,WA,VGVhY2hlci0yMTk5MjA2,2199206,Christina,Holt,English,3,3.5,50,2,https://www.ratemyprofessors.com/professor/2199206
12,Western Washington University,U2Nob29sLTExODQ=,WA,VGVhY2hlci0zNTk5MTQ=,359914,Bertil,Van Boer,Music,3.1,1.7,0,72,https://www.ratemyprofessors.com/professor/359914
12,Western Washington University,U2Nob29sLTExODQ=,WA,VGVhY2hlci00NjI2MzA=,462630,Lesley,Sommer,Music,4.9,2.4,100,11,https://www.ratemyprofessors.com/professor/462630
12,Western Washington University,U2Nob29sLTExODQ=,WA,VGVhY2hlci0yMzU2NTA2,2356506,Wayne,Landiis,Environmental Studies,3,4,100,1,https://www.ratemyprofessors.com/professor/2356506
12,Western Washington University,U2Nob29sLTExODQ=,WA,VGVhY2hlci0xMzU0Njk=,135469,John,Krieg,Economics,3.7,4.3,100,59,https://www.ratemyprofessors.com/professor/135469
12,Western Washington University,U2Nob29sLTExODQ=,WA,VGVhY2hlci01ODA5MTY=,580916,Randall,Jimerson,History,4.2,2.9,71.4286,18,https://www.ratemyprofessors.com/professor/580916
12,Western Washington University,U2Nob29sLTExODQ=,WA,VGVhY2hlci0yMzU0MTc5,2354179,Nicole,Statler,Mathematics,3,4,0,1,https://www.ratemyprofessors.com/professor/2354179
12,Western Washington University,U2Nob29sLTExODQ=,WA,VGVhY2hlci03MDU4MDk=,705809,Dianne,Learned,Psychology,3.1,3,0,50,https://www.ratemyprofessors.com/professor/705809
12,Western Washington University,U2Nob29sLTExODQ=,WA,VGVhY2hlci0yMjYyMTg2,2262186,Shannon,Kelly,English,3.9,3.2,80,10,https://www.ratemyprofessors.com/professor/2262186
12,Western Washington University,U2Nob29sLTExODQ=,WA,VGVhY2hlci0yMjM1MzE4,2235318,Mark,Pederson,Environmental Studies,3.7,2,75,4,https://www.ratemyprofessors.com/professor/2235318
12,Western Washington University,U2Nob29sLTExODQ=,WA,VGVhY2hlci05NTkwNjE=,959061,Phil,Everson,Anthropology,1.6,1.6,0,16,https://www.ratemyprofessors.com/professor/959061
12,Western Washington University,U2Nob29sLTExODQ=,WA,VGVhY2hlci01MjAxNjA=,520160,Chris,Reedy,Computer Science,3.5,2.5,83.3333,30,https://www.ratemyprofessors.com/professor/520160
12,Western Washington University,U2Nob29sLTExODQ=,WA,VGVhY2hlci0xMjI4NjU1,1228655,Sara,Singleton,Political Science,3,2.8,66.6667,16,https://www.ratemyprofessors.com/professor/1228655
12,Western Washington University,U2Nob29sLTExODQ=,WA,VGVhY2hlci0yMzQ4OTYw,2348960,Ashley,Holland,English,5,3,100,1,https://www.ratemyprofessors.com/professor/2348960
12,Western Washington University,U2Nob29sLTExODQ=,WA,VGVhY2hlci0yMzA0NzA0,2304704,Mary,Antony-Mayer,Communication,4.7,2.3,100,3,https://www.ratemyprofessors.com/professor/2304704
12,Western Washington University,U2Nob29sLTExODQ=,WA,VGVhY2hlci0yMzQ1MDc4,2345078,Geoffrey,Mathews,Computer Science,1,3.5,0,2,https://www.ratemyprofessors.com/professor/2345078
12,Western Washington University,U2Nob29sLTExODQ=,WA,VGVhY2hlci0yMTkxMzg1,2191385,Roger,Fuller,Environmental Studies,3.8,4,60,5,https://www.ratemyprofessors.com/professor/2191385
12,Western Washington University,U2Nob29sLTExODQ=,WA,VGVhY2hlci0yMjQzMDMw,2243030,Zach,New,Mathematics,2,5,0,2,https://www.ratemyprofessors.com/professor/2243030
12,Western Washington University,U2Nob29sLTExODQ=,WA,VGVhY2hlci01MTM0OTU=,513495,Shaw,Gynan,Modern and Classical Languages,3.8,3.1,0,23,https://www.ratemyprofessors.com/professor/513495
12,Western Washington University,U2Nob29sLTExODQ=,WA,VGVhY2hlci0yOTI2NzY=,292676,Jeff,Young,Biology,3.9,4,80,24,https://www.ratemyprofessors.com/professor/292676
12,Western Washington University,U2Nob29sLTExODQ=,WA,VGVhY2hlci0yMTExNDY4,2111468,John,All,Environmental Studies,2.6,2.5,44.4444,10,https://www.ratemyprofessors.com/professor/2111468
12,Western Washington University,U2Nob29sLTExODQ=,WA,VGVhY2hlci0yMjAzODcw,2203870,Claudia,Wang,Health Science,1.2,2.2,10,10,https://www.ratemyprofessors.com/professor/2203870
12,Western Washington University,U2Nob29sLTExODQ=,WA,VGVhY2hlci0yMzQ3MjEw,2347210,Andrew,Brown,Interdisciplinary Studies,5,3,100,1,https://www.ratemyprofessors.com/professor/2347210
12,Western Washington University,U2Nob29sLTExODQ=,WA,VGVhY2hlci0xODgxOTcx,1881971,Glenn,McEvoy,Management,3.2,2.5,50,21,https://www.ratemyprofessors.com/professor/1881971
12,Western Washington University,U2Nob29sLTExODQ=,WA,VGVhY2hlci04MTYzMTk=,816319,Anna,Booker,History,2.9,3,50,26,https://www.ratemyprofessors.com/professor/816319
12,Western Washington University,U2Nob29sLTExODQ=,WA,VGVhY2hlci0zMjkyMjQ=,329224,Robert,Stoops,Liberal Studies,3.3,3.2,40,77,https://www.ratemyprofessors.com/professor/329224
12,Western Washington University,U2Nob29sLTExODQ=,WA,VGVhY2hlci01NzY0ODg=,576488,Kimberly,Peters,Communication,4.5,2.3,100,14,https://www.ratemyprofessors.com/professor/576488
12,Western Washington University,U2Nob29sLTExODQ=,WA,VGVhY2hlci04NjQyNzE=,864271,Julie,Helling,Interdisciplinary Studies,4.4,3.4,0,5,https://www.ratemyprofessors.com/professor/864271
12,Western Washington University,U2Nob29sLTExODQ=,WA,VGVhY2hlci0xODU1MDQ4,1855048,Katelyn,Kenderish,English,3.7,1.7,0,3,https://www.ratemyprofessors.com/professor/1855048
12,Western Washington University,U2Nob29sLTExODQ=,WA,VGVhY2hlci0yMzQzNTI5,2343529,Gail,Goulet,Education,4,3,100,1,https://www.ratemyprofessors.com/professor/2343529
12,Western Washington University,U2Nob29sLTExODQ=,WA,VGVhY2hlci0xNjY5MTg=,166918,Jay,Teachman,Sociology,4.5,3.1,100,32,https://www.ratemyprofessors.com/professor/166918
12,Western Washington University,U2Nob29sLTExODQ=,WA,VGVhY2hlci04MTM0MTg=,813418,Dana,Jack,Women's Studies,4.9,3.4,100,5,https://www.ratemyprofessors.com/professor/813418
12,Western Washington University,U2Nob29sLTExODQ=,WA,VGVhY2hlci0xNTQ2MzQz,1546343,Meyyappan,Kumar,Economics,2.2,3,0,5,https://www.ratemyprofessors.com/professor/1546343
12,Western Washington University,U2Nob29sLTExODQ=,WA,VGVhY2hlci0xOTg5NTQ5,1989549,Luc,Fotsing,Modern and Classical Languages,3.5,2.9,75,11,https://www.ratemyprofessors.com/professor/1989549
12,Western Washington University,U2Nob29sLTExODQ=,WA,VGVhY2hlci0yMjcyOTA2,2272906,Kevin,Dixey,Seminars,5,1,100,2,https://www.ratemyprofessors.com/professor/2272906
12,Western Washington University,U2Nob29sLTExODQ=,WA,VGVhY2hlci0xNjEyOTQ=,161294,Barbara,Rofkar,International Studies,3.4,2.6,0,40,https://www.ratemyprofessors.com/professor/161294
12,Western Washington University,U2Nob29sLTExODQ=,WA,VGVhY2hlci0xNDE3MTQ4,1417148,Claude,Atcho,English,4.7,2.6,100,5,https://www.ratemyprofessors.com/professor/1417148
12,Western Washington University,U2Nob29sLTExODQ=,WA,VGVhY2hlci0yMzkzODU=,239385,David,Bover,Computer Science,4.3,3,72.7273,44,https://www.ratemyprofessors.com/professor/239385
12,Western Washington University,U2Nob29sLTExODQ=,WA,VGVhY2hlci0zMzAxOTc=,330197,Carol,Trent,Biology,3.5,4.3,66.6667,34,https://www.ratemyprofessors.com/professor/330197
12,Western Washington University,U2Nob29sLTExODQ=,WA,VGVhY2hlci0xNzY4NTIw,1768520,Adriana,Manago,Psychology,3.1,3.6,55.5556,35,https://www.ratemyprofessors.com/professor/1768520
12,Western Washington University,U2Nob29sLTExODQ=,WA,VGVhY2hlci0xMjQwNjA=,124060,Kathleen,Lundeen,English,3.8,3.1,75,31,https://www.ratemyprofessors.com/professor/124060
12,Western Washington University,U2Nob29sLTExODQ=,WA,VGVhY2hlci0yMzAyMDg5,2302089,Woody,Woodger,English,4,3.5,100,2,https://www.ratemyprofessors.com/professor/2302089
12,Western Washington University,U2Nob29sLTExODQ=,WA,VGVhY2hlci0yMjYwMTY1,2260165,Dinko,Kranjac,Psychology,1,4.8,0,4,https://www.ratemyprofessors.com/professor/2260165
12,Western Washington University,U2Nob29sLTExODQ=,WA,VGVhY2hlci0yMTE1Nzc5,2115779,Senna,Towner,Health Science,5,1.8,100,8,https://www.ratemyprofessors.com/professor/2115779
12,Western Washington University,U2Nob29sLTExODQ=,WA,VGVhY2hlci03MTg1MDc=,718507,Kate,Wayne,Environmental Studies,3,3.4,100,22,https://www.ratemyprofessors.com/professor/718507
12,Western Washington University,U2Nob29sLTExODQ=,WA,VGVhY2hlci0xMzI3MDI=,132702,Denise,Binderup,Education,4.9,2.7,100,7,https://www.ratemyprofessors.com/professor/132702
12,Western Washington University,U2Nob29sLTExODQ=,WA,VGVhY2hlci0yMzA2NjY0,2306664,Phillip,Gibbons,Mathematics,2,3,0,1,https://www.ratemyprofessors.com/professor/2306664
12,Western Washington University,U2Nob29sLTExODQ=,WA,VGVhY2hlci0xODIxMzQ5,1821349,Tony,Tinsley,Psychology,1.9,2.7,0,3,https://www.ratemyprofessors.com/professor/1821349
12,Western Washington University,U2Nob29sLTExODQ=,WA,VGVhY2hlci0yMjg0ODA3,2284807,Stefanie,Cilinceon,Environmental Studies,5,2,100,1,https://www.ratemyprofessors.com/professor/2284807
12,Western Washington University,U2Nob29sLTExODQ=,WA,VGVhY2hlci0yMzAyOTgw,2302980,Geneva,Blake,Mathematics,5,3,100,1,https://www.ratemyprofessors.com/professor/2302980
12,Western Washington University,U2Nob29sLTExODQ=,WA,VGVhY2hlci0xMzE0Mjg=,131428,Jon,Friesen,Music,2.6,2.6,25,76,https://www.ratemyprofessors.com/professor/131428
12,Western Washington University,U2Nob29sLTExODQ=,WA,VGVhY2hlci0yMjY0NTQ5,2264549,Paul,Horne,Exercise  Rehab Sciences,2.8,3.3,25,4,https://www.ratemyprofessors.com/professor/2264549
12,Western Washington University,U2Nob29sLTExODQ=,WA,VGVhY2hlci0xMjkwMzI=,129032,Anne,Goodfellow,Anthropology,2,3,0,66,https://www.ratemyprofessors.com/professor/129032
12,Western Washington University,U2Nob29sLTExODQ=,WA,VGVhY2hlci0xODEzNDY2,1813466,Michelle,Mielke,Physical Education,3,2.1,33.3333,14,https://www.ratemyprofessors.com/professor/1813466
12,Western Washington University,U2Nob29sLTExODQ=,WA,VGVhY2hlci0xNTE4MTU=,151815,Lucky,Tedrow,Sociology,3.7,2.3,0,7,https://www.ratemyprofessors.com/professor/151815
12,Western Washington University,U2Nob29sLTExODQ=,WA,VGVhY2hlci0yMjM4NzQ0,2238744,Chris,Towler,Political Science,4.3,3,100,3,https://www.ratemyprofessors.com/professor/2238744
12,Western Washington University,U2Nob29sLTExODQ=,WA,VGVhY2hlci0yMjA0OTg4,2204988,Curtiss,Lyman,Mathematics,4.5,4,100,2,https://www.ratemyprofessors.com/professor/2204988
12,Western Washington University,U2Nob29sLTExODQ=,WA,VGVhY2hlci0yMjA1OTAy,2205902,Melissa,Van Straten,Social Science,3.5,2.5,50,4,https://www.ratemyprofessors.com/professor/2205902
12,Western Washington University,U2Nob29sLTExODQ=,WA,VGVhY2hlci0xODgwOTQx,1880941,Kathleen,Kuba,Anthropology,2.7,2.2,0,5,https://www.ratemyprofessors.com/professor/1880941
12,Western Washington University,U2Nob29sLTExODQ=,WA,VGVhY2hlci0yMTE4MDgw,2118080,Mohamed,El-Sharo,Business Economics,2.5,3.2,25,6,https://www.ratemyprofessors.com/professor/2118080
12,Western Washington University,U2Nob29sLTExODQ=,WA,VGVhY2hlci0yMjMzNjA4,2233608,Melissa,Koch,Biology,2.7,3.7,66.6667,3,https://www.ratemyprofessors.com/professor/2233608
12,Western Washington University,U2Nob29sLTExODQ=,WA,VGVhY2hlci0xNzA2MjU=,170625,Millie,Johnson,Mathematics,3.8,4,80,83,https://www.ratemyprofessors.com/professor/170625
12,Western Washington University,U2Nob29sLTExODQ=,WA,VGVhY2hlci0yMjAyMjc3,2202277,Jonathan,Mooneyham,Computer  Informational Tech.,4.3,2.7,100,3,https://www.ratemyprofessors.com/professor/2202277
12,Western Washington University,U2Nob29sLTExODQ=,WA,VGVhY2hlci0xNzgwNzM0,1780734,Brandon,Dietrich,Chemistry,3.4,3.9,60,35,https://www.ratemyprofessors.com/professor/1780734
12,Western Washington University,U2Nob29sLTExODQ=,WA,VGVhY2hlci0xMDY3ODQ5,1067849,Richard,Merrill,Dance,4.3,2,100,12,https://www.ratemyprofessors.com/professor/1067849
12,Western Washington University,U2Nob29sLTExODQ=,WA,VGVhY2hlci0xOTg4MDE2,1988016,James,Hanks,Communication,4.5,2.6,100,11,https://www.ratemyprofessors.com/professor/1988016
12,Western Washington University,U2Nob29sLTExODQ=,WA,VGVhY2hlci0yMjQxNjk0,2241694,Natasja,Swartz,Chemistry,3,3.3,50,4,https://www.ratemyprofessors.com/professor/2241694
12,Western Washington University,U2Nob29sLTExODQ=,WA,VGVhY2hlci00MTQ0MzY=,414436,Wendy,Wilhelm,Marketing,3.3,3.4,100,36,https://www.ratemyprofessors.com/professor/414436
12,Western Washington University,U2Nob29sLTExODQ=,WA,VGVhY2hlci0xOTc4MzUw,1978350,Hemani,Hughes,Communication,3.3,2.8,50,31,https://www.ratemyprofessors.com/professor/1978350
12,Western Washington University,U2Nob29sLTExODQ=,WA,VGVhY2hlci0yMjAzMTgx,2203181,Felicia,Lynn,Health Science,4.8,1.4,100,5,https://www.ratemyprofessors.com/professor/2203181
12,Western Washington University,U2Nob29sLTExODQ=,WA,VGVhY2hlci0yMDg0MDE5,2084019,Garrett,Nelson,Mathematics,3.7,3.6,83.3333,8,https://www.ratemyprofessors.com/professor/2084019
12,Western Washington University,U2Nob29sLTExODQ=,WA,VGVhY2hlci0yMjAxOTY1,2201965,Adam,Haws,Music,4,4,50,2,https://www.ratemyprofessors.com/professor/2201965
12,Western Washington University,U2Nob29sLTExODQ=,WA,VGVhY2hlci0xMDU5ODEy,1059812,Kaveh,Askari,English,4.4,3,100,19,https://www.ratemyprofessors.com/professor/1059812
12,Western Washington University,U2Nob29sLTExODQ=,WA,VGVhY2hlci0yMTg5NzM0,2189734,Nicholas,Stanger,Environmental Studies,4,4,100,1,https://www.ratemyprofessors.com/professor/2189734
12,Western Washington University,U2Nob29sLTExODQ=,WA,VGVhY2hlci0xODYxMDUz,1861053,Kate,Blystone,Environmental Studies,4.7,2.3,100,3,https://www.ratemyprofessors.com/professor/1861053
12,Western Washington University,U2Nob29sLTExODQ=,WA,VGVhY2hlci0xNzk5Njkx,1799691,Monica,Hart,Theater,3.4,3.2,100,4,https://www.ratemyprofessors.com/professor/1799691
12,Western Washington University,U2Nob29sLTExODQ=,WA,VGVhY2hlci0xMDg5MTY4,1089168,Dale,Dinnel,Psychology,3.8,3.3,60,31,https://www.ratemyprofessors.com/professor/1089168
12,Western Washington University,U2Nob29sLTExODQ=,WA,VGVhY2hlci03NzQwNzQ=,774074,David,Oreiro,Ethnic Studies,2.8,1.4,100,7,https://www.ratemyprofessors.com/professor/774074
12,Western Washington University,U2Nob29sLTExODQ=,WA,VGVhY2hlci0yMDc2Njk4,2076698,Riley,Abel,Mathematics,5,3.2,100,6,https://www.ratemyprofessors.com/professor/2076698
12,Western Washington University,U2Nob29sLTExODQ=,WA,VGVhY2hlci0yMDc0ODgx,2074881,Meaghan ,Beaton ,History,4.2,3.5,100,9,https://www.ratemyprofessors.com/professor/2074881
12,Western Washington University,U2Nob29sLTExODQ=,WA,VGVhY2hlci0yMjQzMjM5,2243239,Bill,Lyne,Literature,1,1,0,1,https://www.ratemyprofessors.com/professor/2243239
12,Western Washington University,U2Nob29sLTExODQ=,WA,VGVhY2hlci0yMjAxOTYw,2201960,Melissa,Van Straten,Education,2.5,1.5,50,2,https://www.ratemyprofessors.com/professor/2201960
12,Western Washington University,U2Nob29sLTExODQ=,WA,VGVhY2hlci0yMDkzODYy,2093862,Conner,Ryan,Mathematics,3.6,3.9,57.1429,8,https://www.ratemyprofessors.com/professor/2093862
12,Western Washington University,U2Nob29sLTExODQ=,WA,VGVhY2hlci0xMzY1NTU=,136555,Sara,Weir,Political Science,3.1,2.3,50,28,https://www.ratemyprofessors.com/professor/136555
12,Western Washington University,U2Nob29sLTExODQ=,WA,VGVhY2hlci03NzA3NTE=,770751,Victor,Nolet,Education,2.8,2.4,100,5,https://www.ratemyprofessors.com/professor/770751
12,Western Washington University,U2Nob29sLTExODQ=,WA,VGVhY2hlci0yMjQwMTMx,2240131,Nora,Burmeister,Library Science,5,3,100,1,https://www.ratemyprofessors.com/professor/2240131
12,Western Washington University,U2Nob29sLTExODQ=,WA,VGVhY2hlci0yMDE1NjMx,2015631,Stephen ,Samms ,Engineering,2.2,3.9,0,7,https://www.ratemyprofessors.com/professor/2015631
12,Western Washington University,U2Nob29sLTExODQ=,WA,VGVhY2hlci0yMjMzNjM4,2233638,Michael,Oliphant,English,5,2,100,2,https://www.ratemyprofessors.com/professor/2233638
12,Western Washington University,U2Nob29sLTExODQ=,WA,VGVhY2hlci04OTI1Nzc=,892577,Paul,Bingham,Communication,4.3,2.2,100,20,https://www.ratemyprofessors.com/professor/892577
12,Western Washington University,U2Nob29sLTExODQ=,WA,VGVhY2hlci0xODAxODc2,1801876,Thomas,Unfried,Biology,2.1,3.7,100,14,https://www.ratemyprofessors.com/professor/1801876
12,Western Washington University,U2Nob29sLTExODQ=,WA,VGVhY2hlci0yMjI5Njc1,2229675,Vanessa,Parent,Art History,2.6,3.8,40,5,https://www.ratemyprofessors.com/professor/2229675
12,Western Washington University,U2Nob29sLTExODQ=,WA,VGVhY2hlci0xOTQ1Njkz,1945693,Regina,Degraaff,Astronomy,2.1,4,0,3,https://www.ratemyprofessors.com/professor/1945693
12,Western Washington University,U2Nob29sLTExODQ=,WA,VGVhY2hlci0yMjMwNTM=,223053,Anna,Eblen,Communication,4,3.4,100,5,https://www.ratemyprofessors.com/professor/223053
12,Western Washington University,U2Nob29sLTExODQ=,WA,VGVhY2hlci01ODY4Njg=,586868,John,Sands,Management,3,2.2,100,22,https://www.ratemyprofessors.com/professor/586868
12,Western Washington University,U2Nob29sLTExODQ=,WA,VGVhY2hlci0xODUwMjE5,1850219,Edward,Mathieu,History,3.9,3.2,100,20,https://www.ratemyprofessors.com/professor/1850219
12,Western Washington University,U2Nob29sLTExODQ=,WA,VGVhY2hlci0yMTA1NjMx,2105631,Tyler,Hildebrand,Philosophy,3.9,3.4,75,15,https://www.ratemyprofessors.com/professor/2105631
12,Western Washington University,U2Nob29sLTExODQ=,WA,VGVhY2hlci0yMjM1NjM3,2235637,Benjamin,Toomey,Mathematics,2.5,4,50,2,https://www.ratemyprofessors.com/professor/2235637
12,Western Washington University,U2Nob29sLTExODQ=,WA,VGVhY2hlci0yMDk4MjE5,2098219,Li,Wang,Modern and Classical Languages,4.3,3,100,2,https://www.ratemyprofessors.com/professor/2098219
12,Western Washington University,U2Nob29sLTExODQ=,WA,VGVhY2hlci0yMTcwNzA4,2170708,Lindsey,Skinner,Mathematics,5,3.3,100,3,https://www.ratemyprofessors.com/professor/2170708
12,Western Washington University,U2Nob29sLTExODQ=,WA,VGVhY2hlci0yMjM1NTg2,2235586,Joshua,Hansen,Mathematics,5,3,100,1,https://www.ratemyprofessors.com/professor/2235586
12,Western Washington University,U2Nob29sLTExODQ=,WA,VGVhY2hlci0xODUxNTMz,1851533,Sheryl,Gilmore,Physical Education,5,3.2,100,6,https://www.ratemyprofessors.com/professor/1851533
12,Western Washington University,U2Nob29sLTExODQ=,WA,VGVhY2hlci0yMjM1MTU5,2235159,Connor,Haggarty,Education,3,2,0,1,https://www.ratemyprofessors.com/professor/2235159
12,Western Washington University,U2Nob29sLTExODQ=,WA,VGVhY2hlci00ODIzNTM=,482353,David,Curley,Humanities,3.4,3.2,0,24,https://www.ratemyprofessors.com/professor/482353
12,Western Washington University,U2Nob29sLTExODQ=,WA,VGVhY2hlci0yMjMzODY4,2233868,Jane Ellen,Brady,Education,5,4,100,1,https://www.ratemyprofessors.com/professor/2233868
12,Western Washington University,U2Nob29sLTExODQ=,WA,VGVhY2hlci03MzU3NzA=,735770,John,Hayfron,Economics,2.6,2.7,0,97,https://www.ratemyprofessors.com/professor/735770
12,Western Washington University,U2Nob29sLTExODQ=,WA,VGVhY2hlci0xNTgxMTcw,1581170,Robert,Birch,Engineering Technology,3.3,3.2,0,5,https://www.ratemyprofessors.com/professor/1581170
12,Western Washington University,U2Nob29sLTExODQ=,WA,VGVhY2hlci0yMTgwMDU3,2180057,Dania,Morales,Mathematics,5,3,100,1,https://www.ratemyprofessors.com/professor/2180057
12,Western Washington University,U2Nob29sLTExODQ=,WA,VGVhY2hlci01MjkxNzg=,529178,Richard,Gardner,Mathematics,3.8,3.9,0,28,https://www.ratemyprofessors.com/professor/529178
12,Western Washington University,U2Nob29sLTExODQ=,WA,VGVhY2hlci0xMjg3MjI=,128722,Kevin,Leonard,History,3.4,3.5,25,78,https://www.ratemyprofessors.com/professor/128722
12,Western Washington University,U2Nob29sLTExODQ=,WA,VGVhY2hlci0xNDQ4OTAw,1448900,Jonah,Stinson,Geography,3.6,2.8,100,13,https://www.ratemyprofessors.com/professor/1448900
12,Western Washington University,U2Nob29sLTExODQ=,WA,VGVhY2hlci0xMTA2NDgy,1106482,Jennifer,Jacquet,Environmental Studies,4.7,2.1,100,10,https://www.ratemyprofessors.com/professor/1106482
12,Western Washington University,U2Nob29sLTExODQ=,WA,VGVhY2hlci0xODgyMjA5,1882209,Patty,Bourne,Music,4.9,1.3,100,4,https://www.ratemyprofessors.com/professor/1882209
12,Western Washington University,U2Nob29sLTExODQ=,WA,VGVhY2hlci0xODI1MzQ4,1825348,Sylvia,Yang,Environmental Studies,4.1,2.2,66.6667,5,https://www.ratemyprofessors.com/professor/1825348
12,Western Washington University,U2Nob29sLTExODQ=,WA,VGVhY2hlci0yMTk5ODM1,2199835,LeAnn,Billmeyer,English,2,4,0,1,https://www.ratemyprofessors.com/professor/2199835
12,Western Washington University,U2Nob29sLTExODQ=,WA,VGVhY2hlci0yMTk1NzU0,2195754,Alicia,Faires,Mathematics,1,4,0,2,https://www.ratemyprofessors.com/professor/2195754
12,Western Washington University,U2Nob29sLTExODQ=,WA,VGVhY2hlci0xMjE1ODQz,1215843,Colin,Ferguson,Mathematics,4.5,2.6,100,66,https://www.ratemyprofessors.com/professor/1215843
12,Western Washington University,U2Nob29sLTExODQ=,WA,VGVhY2hlci0xMDYyNDM1,1062435,Kristin,Mahoney,English,4.5,3.1,100,26,https://www.ratemyprofessors.com/professor/1062435
12,Western Washington University,U2Nob29sLTExODQ=,WA,VGVhY2hlci0yMTg2OTQ0,2186944,Crisca,Biewert,Art History,4.5,3.5,100,2,https://www.ratemyprofessors.com/professor/2186944
12,Western Washington University,U2Nob29sLTExODQ=,WA,VGVhY2hlci0yMDA3NjMw,2007630,David,Ciarolla,Mathematics,1.5,4,0,2,https://www.ratemyprofessors.com/professor/2007630
12,Western Washington University,U2Nob29sLTExODQ=,WA,VGVhY2hlci02MzM4ODk=,633889,Wendy,Walker,Education,3.8,2.5,0,10,https://www.ratemyprofessors.com/professor/633889
12,Western Washington University,U2Nob29sLTExODQ=,WA,VGVhY2hlci0zNjIyOTc=,362297,Charles,Antholt,Economics,3,3.5,33.3333,32,https://www.ratemyprofessors.com/professor/362297
12,Western Washington University,U2Nob29sLTExODQ=,WA,VGVhY2hlci0xMjY3MzUy,1267352,Ben,Moreau,Art,3.4,4,0,13,https://www.ratemyprofessors.com/professor/1267352
12,Western Washington University,U2Nob29sLTExODQ=,WA,VGVhY2hlci0xMzI4MQ==,13281,Rob,Olson,Business,4.3,3.4,100,77,https://www.ratemyprofessors.com/professor/13281
12,Western Washington University,U2Nob29sLTExODQ=,WA,VGVhY2hlci0xOTYxNzQ2,1961746,Jacquelyn,Baker-Sennett,Human Services,4.2,3,100,10,https://www.ratemyprofessors.com/professor/1961746
12,Western Washington University,U2Nob29sLTExODQ=,WA,VGVhY2hlci0yMTIzMzc2,2123376,Ramesh,Kumar,Computer Science,3,1.5,0,2,https://www.ratemyprofessors.com/professor/2123376
12,Western Washington University,U2Nob29sLTExODQ=,WA,VGVhY2hlci01NzU1MDQ=,575504,Nolan,Dennett,Dance,3.6,2.6,0,18,https://www.ratemyprofessors.com/professor/575504
12,Western Washington University,U2Nob29sLTExODQ=,WA,VGVhY2hlci0xOTI5MTc2,1929176,Jude,Apple,Environmental Studies,4.5,1.4,100,9,https://www.ratemyprofessors.com/professor/1929176
12,Western Washington University,U2Nob29sLTExODQ=,WA,VGVhY2hlci0yMDk5NDQ2,2099446,Benjamin,Hansen,Mathematics,3.8,4,0,2,https://www.ratemyprofessors.com/professor/2099446
12,Western Washington University,U2Nob29sLTExODQ=,WA,VGVhY2hlci0yMDk2NTE0,2096514,Karl,Rudeen,Mathematics,3.9,3.3,0,3,https://www.ratemyprofessors.com/professor/2096514
12,Western Washington University,U2Nob29sLTExODQ=,WA,VGVhY2hlci0yMTQ1ODA4,2145808,Kristen,Stevens,Communication,4.8,3.5,100,2,https://www.ratemyprofessors.com/professor/2145808
12,Western Washington University,U2Nob29sLTExODQ=,WA,VGVhY2hlci05NDQ4NDU=,944845,Meredith,Josey,Linguistics,4,3,-1,34,https://www.ratemyprofessors.com/professor/944845
12,Western Washington University,U2Nob29sLTExODQ=,WA,VGVhY2hlci0xNzY4Mzky,1768392,Justin,Parmett,Communication,4.6,2.3,-1,28,https://www.ratemyprofessors.com/professor/1768392
12,Western Washington University,U2Nob29sLTExODQ=,WA,VGVhY2hlci0xNzgwMDQ1,1780045,Helen,Morgan Parmett,Communication,4.7,2.6,-1,11,https://www.ratemyprofessors.com/professor/1780045
12,Western Washington University,U2Nob29sLTExODQ=,WA,VGVhY2hlci0xNTA5MzMw,1509330,James,Orr,Psychology,3.6,2.1,-1,8,https://www.ratemyprofessors.com/professor/1509330
12,Western Washington University,U2Nob29sLTExODQ=,WA,VGVhY2hlci0xNzcxMjE4,1771218,Jeremiah,Welch,Engineering Technology,2.8,2.8,-1,4,https://www.ratemyprofessors.com/professor/1771218
12,Western Washington University,U2Nob29sLTExODQ=,WA,VGVhY2hlci0xOTU3NDU4,1957458, Chelsey ,Erway,Mathematics,2.6,4.2,-1,5,https://www.ratemyprofessors.com/professor/1957458
12,Western Washington University,U2Nob29sLTExODQ=,WA,VGVhY2hlci0yMTEzMjYw,2113260,Eun Hee,Kim,Mathematics,4.7,3.3,-1,3,https://www.ratemyprofessors.com/professor/2113260
12,Western Washington University,U2Nob29sLTExODQ=,WA,VGVhY2hlci0yMTE1NTk0,2115594,Werner,Klotz,Art History,1.5,2.5,-1,2,https://www.ratemyprofessors.com/professor/2115594
12,Western Washington University,U2Nob29sLTExODQ=,WA,VGVhY2hlci0xMzI5Mjgy,1329282,Khim,Sim,Accounting,2.1,3.3,-1,28,https://www.ratemyprofessors.com/professor/1329282
12,Western Washington University,U2Nob29sLTExODQ=,WA,VGVhY2hlci0xODUxOTUx,1851951,Brianna,Murphy,Accounting,4.1,2.6,-1,10,https://www.ratemyprofessors.com/professor/1851951
12,Western Washington University,U2Nob29sLTExODQ=,WA,VGVhY2hlci0yMTE3MzAz,2117303,Jessica,Miller,Journalism,3,3,-1,1,https://www.ratemyprofessors.com/professor/2117303
12,Western Washington University,U2Nob29sLTExODQ=,WA,VGVhY2hlci0yMDA1MzE3,2005317,Taylor,Matyasz,Mathematics,4.8,2.1,-1,10,https://www.ratemyprofessors.com/professor/2005317
12,Western Washington University,U2Nob29sLTExODQ=,WA,VGVhY2hlci0xOTk1ODEw,1995810,Laurel,Cooper,English,2.8,4,-1,2,https://www.ratemyprofessors.com/professor/1995810
12,Western Washington University,U2Nob29sLTExODQ=,WA,VGVhY2hlci0xNjgwNDY0,1680464,Catherine,Potts,Computer Science,2.9,2.9,0,25,https://www.ratemyprofessors.com/professor/1680464
12,Western Washington University,U2Nob29sLTExODQ=,WA,VGVhY2hlci0yMDYwMzMz,2060333,Julie ,Filer,Geology,4.2,2.5,-1,6,https://www.ratemyprofessors.com/professor/2060333
12,Western Washington University,U2Nob29sLTExODQ=,WA,VGVhY2hlci0yMTEzMTcx,2113171,Jeongwon,Hyun,Liberal Studies,2.5,4,-1,3,https://www.ratemyprofessors.com/professor/2113171
12,Western Washington University,U2Nob29sLTExODQ=,WA,VGVhY2hlci0xOTQzMDg3,1943087,Lynda ,Robinson,Education,1.9,1.9,-1,9,https://www.ratemyprofessors.com/professor/1943087
12,Western Washington University,U2Nob29sLTExODQ=,WA,VGVhY2hlci0xODAwMjkz,1800293,Kiera,Squires,English,4.5,3.3,-1,4,https://www.ratemyprofessors.com/professor/1800293
12,Western Washington University,U2Nob29sLTExODQ=,WA,VGVhY2hlci0xOTE5MjUw,1919250,David,Palzer,Computer Science,4.4,2.5,-1,15,https://www.ratemyprofessors.com/professor/1919250
12,Western Washington University,U2Nob29sLTExODQ=,WA,VGVhY2hlci01NzQ4Mzc=,574837,Deborah,Forgays,Psychology,4.1,3.2,-1,37,https://www.ratemyprofessors.com/professor/574837
12,Western Washington University,U2Nob29sLTExODQ=,WA,VGVhY2hlci0yMDM3NTEx,2037511,Bridget,Weis,Design,3.8,4,-1,2,https://www.ratemyprofessors.com/professor/2037511
12,Western Washington University,U2Nob29sLTExODQ=,WA,VGVhY2hlci0yMDU3OTEy,2057912,Maraizu,Ukaegbu,Chemistry,1,3.9,-1,7,https://www.ratemyprofessors.com/professor/2057912
12,Western Washington University,U2Nob29sLTExODQ=,WA,VGVhY2hlci0yMTE0NDMy,2114432,Meri-Jo,Borzilleri,Journalism,4.3,4,-1,3,https://www.ratemyprofessors.com/professor/2114432
12,Western Washington University,U2Nob29sLTExODQ=,WA,VGVhY2hlci0yMTE1NzA4,2115708,Chris,Brookfield,Business,5,3,-1,1,https://www.ratemyprofessors.com/professor/2115708
12,Western Washington University,U2Nob29sLTExODQ=,WA,VGVhY2hlci0yMTE1NzA2,2115706,Danica,Kilander,Business,4.5,3,-1,1,https://www.ratemyprofessors.com/professor/2115706
12,Western Washington University,U2Nob29sLTExODQ=,WA,VGVhY2hlci0yMDUwMjI3,2050227,Siobhan,Murphy,Accounting,4.3,3.5,-1,2,https://www.ratemyprofessors.com/professor/2050227
12,Western Washington University,U2Nob29sLTExODQ=,WA,VGVhY2hlci0yMTE0NTc3,2114577,Becki,Burgesser,English,5,1,-1,1,https://www.ratemyprofessors.com/professor/2114577
12,Western Washington University,U2Nob29sLTExODQ=,WA,VGVhY2hlci0xMDMzMDA5,1033009,Rebecca,Goodvin,Psychology,3.9,3.2,-1,47,https://www.ratemyprofessors.com/professor/1033009
12,Western Washington University,U2Nob29sLTExODQ=,WA,VGVhY2hlci0yMTEyOTky,2112992,Ian,Campbell,English,5,4,-1,1,https://www.ratemyprofessors.com/professor/2112992
12,Western Washington University,U2Nob29sLTExODQ=,WA,VGVhY2hlci0xOTMzMTM3,1933137,Linda,Robinson,Education,3,2,-1,2,https://www.ratemyprofessors.com/professor/1933137
12,Western Washington University,U2Nob29sLTExODQ=,WA,VGVhY2hlci0xOTk2ODI5,1996829,Matthew,Anderson,Journalism,5,2.5,-1,2,https://www.ratemyprofessors.com/professor/1996829
12,Western Washington University,U2Nob29sLTExODQ=,WA,VGVhY2hlci0yMTA4NjEy,2108612,Diane,Majors,Teaching English As A 2nd Lang,4,2,-1,1,https://www.ratemyprofessors.com/professor/2108612
12,Western Washington University,U2Nob29sLTExODQ=,WA,VGVhY2hlci0xNjc4NTIy,1678522,Anthony,St. John,Chemistry,4.7,3.1,-1,43,https://www.ratemyprofessors.com/professor/1678522
12,Western Washington University,U2Nob29sLTExODQ=,WA,VGVhY2hlci0xODU1NzM5,1855739,Dina,Benedetti,Education,5,1,-1,1,https://www.ratemyprofessors.com/professor/1855739
12,Western Washington University,U2Nob29sLTExODQ=,WA,VGVhY2hlci0yMTA5NjA5,2109609,Jonah,Stinson,Environmental Studies,1,4,-1,1,https://www.ratemyprofessors.com/professor/2109609
12,Western Washington University,U2Nob29sLTExODQ=,WA,VGVhY2hlci0yMDMwMzk1,2030395,Charles ,Carter,Finance,2.3,2,-1,2,https://www.ratemyprofessors.com/professor/2030395
12,Western Washington University,U2Nob29sLTExODQ=,WA,VGVhY2hlci0xNDk4OTg2,1498986,Ann,Stone,Marketing,4.4,2.6,-1,13,https://www.ratemyprofessors.com/professor/1498986
12,Western Washington University,U2Nob29sLTExODQ=,WA,VGVhY2hlci0xMzY1Njg=,136568,Martin,Granier,Computer Science,3.2,2.7,-1,62,https://www.ratemyprofessors.com/professor/136568
12,Western Washington University,U2Nob29sLTExODQ=,WA,VGVhY2hlci0xNzgwODc1,1780875,Roger,Sasnett,Education,4.5,2,-1,3,https://www.ratemyprofessors.com/professor/1780875
12,Western Washington University,U2Nob29sLTExODQ=,WA,VGVhY2hlci0xMzU1ODU=,135585,Mary Ann,Hendryson,Economics,3.9,3,-1,130,https://www.ratemyprofessors.com/professor/135585
12,Western Washington University,U2Nob29sLTExODQ=,WA,VGVhY2hlci0zMTI0MDM=,312403,Diane,Majors,English,3.3,3.9,-1,16,https://www.ratemyprofessors.com/professor/312403
12,Western Washington University,U2Nob29sLTExODQ=,WA,VGVhY2hlci0zOTk4MTg=,399818,George,Mariz,History,3.5,3.6,-1,65,https://www.ratemyprofessors.com/professor/399818
12,Western Washington University,U2Nob29sLTExODQ=,WA,VGVhY2hlci01ODM3MDE=,583701,TJ,Olney,Marketing,3.1,3.7,-1,39,https://www.ratemyprofessors.com/professor/583701
12,Western Washington University,U2Nob29sLTExODQ=,WA,VGVhY2hlci04OTYyMzk=,896239,Deborah,Chun,Psychology,4.1,2.3,-1,64,https://www.ratemyprofessors.com/professor/896239
12,Western Washington University,U2Nob29sLTExODQ=,WA,VGVhY2hlci0xMDY2MDE3,1066017,Catherine,Miller,Women's Studies,3.1,1.9,-1,17,https://www.ratemyprofessors.com/professor/1066017
12,Western Washington University,U2Nob29sLTExODQ=,WA,VGVhY2hlci0xOTQzMDQ3,1943047,Paul ,Amieux,Biology,3.5,2.5,-1,6,https://www.ratemyprofessors.com/professor/1943047
12,Western Washington University,U2Nob29sLTExODQ=,WA,VGVhY2hlci0xODgyOTYz,1882963,Shan,He,Linguistics,4.9,3.3,-1,4,https://www.ratemyprofessors.com/professor/1882963
12,Western Washington University,U2Nob29sLTExODQ=,WA,VGVhY2hlci0zMzE5NzA=,331970,David,Fiero,Modern and Classical Languages,3.1,2.6,-1,70,https://www.ratemyprofessors.com/professor/331970
12,Western Washington University,U2Nob29sLTExODQ=,WA,VGVhY2hlci0xODk2MzY5,1896369,Marli,Williams,Education,4.6,1.6,-1,8,https://www.ratemyprofessors.com/professor/1896369
12,Western Washington University,U2Nob29sLTExODQ=,WA,VGVhY2hlci0xMzU2MTM=,135613,David,Rystrom,Finance,3.6,3.4,-1,49,https://www.ratemyprofessors.com/professor/135613
12,Western Washington University,U2Nob29sLTExODQ=,WA,VGVhY2hlci0xOTgzNTUx,1983551,Elizabeth,Crook,Earth Science,3.7,2.3,-1,3,https://www.ratemyprofessors.com/professor/1983551
12,Western Washington University,U2Nob29sLTExODQ=,WA,VGVhY2hlci0yMDc1MzMz,2075333,Farrah,Greene-Palmer,Human Services,1,4,-1,1,https://www.ratemyprofessors.com/professor/2075333
12,Western Washington University,U2Nob29sLTExODQ=,WA,VGVhY2hlci0zNDAxNzU=,340175,Peter,Smith,Library Science,2.3,1.5,-1,2,https://www.ratemyprofessors.com/professor/340175
12,Western Washington University,U2Nob29sLTExODQ=,WA,VGVhY2hlci0xNTQ3MjA2,1547206,Dina,Buric,Mathematics,3.3,3.4,-1,27,https://www.ratemyprofessors.com/professor/1547206
12,Western Washington University,U2Nob29sLTExODQ=,WA,VGVhY2hlci0xOTkwODAw,1990800,Brittane ,Lockhard,Exercise  Rehab Sciences,4.1,2.3,-1,4,https://www.ratemyprofessors.com/professor/1990800
12,Western Washington University,U2Nob29sLTExODQ=,WA,VGVhY2hlci0xOTkxNzk1,1991795,Blair,Duncan,Behavioral Sciences,3.5,3,-1,4,https://www.ratemyprofessors.com/professor/1991795
12,Western Washington University,U2Nob29sLTExODQ=,WA,VGVhY2hlci0xODkxNDMy,1891432,Lucy,Lewis,Psychology,4.5,1.8,-1,4,https://www.ratemyprofessors.com/professor/1891432
12,Western Washington University,U2Nob29sLTExODQ=,WA,VGVhY2hlci0xNzUwNzE0,1750714,Bryan,Clark,Mathematics,4,3.7,-1,3,https://www.ratemyprofessors.com/professor/1750714
12,Western Washington University,U2Nob29sLTExODQ=,WA,VGVhY2hlci00MDIzMTk=,402319,Daniel,Rangel-Guerrero,Modern and Classical Languages,2.2,4.2,-1,65,https://www.ratemyprofessors.com/professor/402319
12,Western Washington University,U2Nob29sLTExODQ=,WA,VGVhY2hlci0xMzU1Njk=,135569,Julia,Hansen,Economics,4.2,2.8,-1,28,https://www.ratemyprofessors.com/professor/135569
12,Western Washington University,U2Nob29sLTExODQ=,WA,VGVhY2hlci0yNzkxNzk=,279179,Sharron,Antholt,Fine Arts,3.5,2.5,-1,70,https://www.ratemyprofessors.com/professor/279179
12,Western Washington University,U2Nob29sLTExODQ=,WA,VGVhY2hlci0xODgzNTQz,1883543,Charles,Wheeler,History,3.3,3.3,-1,3,https://www.ratemyprofessors.com/professor/1883543
12,Western Washington University,U2Nob29sLTExODQ=,WA,VGVhY2hlci0xODQ0NzQ0,1844744,Eileen,Hughes,Education,3.5,3.5,-1,2,https://www.ratemyprofessors.com/professor/1844744
12,Western Washington University,U2Nob29sLTExODQ=,WA,VGVhY2hlci0yMDE3ODI1,2017825,Shannon,Tallman,Physical Education,4.3,2,-1,2,https://www.ratemyprofessors.com/professor/2017825
12,Western Washington University,U2Nob29sLTExODQ=,WA,VGVhY2hlci0xNjMyMDU2,1632056,Jennifer,Parker,Education,2,3,-1,7,https://www.ratemyprofessors.com/professor/1632056
12,Western Washington University,U2Nob29sLTExODQ=,WA,VGVhY2hlci0xOTkxMDk0,1991094,Clark,Musselman,Mathematics,4.3,2.8,-1,5,https://www.ratemyprofessors.com/professor/1991094
12,Western Washington University,U2Nob29sLTExODQ=,WA,VGVhY2hlci0yMDU3NTY4,2057568,Sarah,Appleton,English,4.5,2,-1,1,https://www.ratemyprofessors.com/professor/2057568
12,Western Washington University,U2Nob29sLTExODQ=,WA,VGVhY2hlci0xODM5ODU3,1839857,Todd,Fuist,Sociology,4.4,1.8,-1,25,https://www.ratemyprofessors.com/professor/1839857
12,Western Washington University,U2Nob29sLTExODQ=,WA,VGVhY2hlci0xODkyOTU5,1892959,Jacob,Butcher,English,4.3,2.5,-1,2,https://www.ratemyprofessors.com/professor/1892959
12,Western Washington University,U2Nob29sLTExODQ=,WA,VGVhY2hlci00MzY2OTY=,436696,David,Fewings,Finance,1.8,4.6,-1,33,https://www.ratemyprofessors.com/professor/436696
12,Western Washington University,U2Nob29sLTExODQ=,WA,VGVhY2hlci0xOTc5MTY4,1979168,Marena,Shear,Mathematics,2.3,3.7,-1,6,https://www.ratemyprofessors.com/professor/1979168
12,Western Washington University,U2Nob29sLTExODQ=,WA,VGVhY2hlci0xNTQxMTg5,1541189,Diana,Jones,Human Services,3.6,2.8,-1,8,https://www.ratemyprofessors.com/professor/1541189
12,Western Washington University,U2Nob29sLTExODQ=,WA,VGVhY2hlci0yMDE0ODY2,2014866,Marie,Pollard,Psychology,3,4.5,-1,2,https://www.ratemyprofessors.com/professor/2014866
12,Western Washington University,U2Nob29sLTExODQ=,WA,VGVhY2hlci0xMzcwMDg1,1370085,Scott,Roberts,Business,3.6,2.9,-1,22,https://www.ratemyprofessors.com/professor/1370085
12,Western Washington University,U2Nob29sLTExODQ=,WA,VGVhY2hlci0xNTAwODIx,1500821,Tommaso,Vannelli,Chemistry,3.8,3.9,-1,39,https://www.ratemyprofessors.com/professor/1500821
12,Western Washington University,U2Nob29sLTExODQ=,WA,VGVhY2hlci0xOTgwNjE3,1980617,Benjamin,Stone,English,4,3,-1,1,https://www.ratemyprofessors.com/professor/1980617
12,Western Washington University,U2Nob29sLTExODQ=,WA,VGVhY2hlci0xOTQ0MDY4,1944068,Tony ,Marzetta,Mathematics,3,3.3,-1,4,https://www.ratemyprofessors.com/professor/1944068
12,Western Washington University,U2Nob29sLTExODQ=,WA,VGVhY2hlci0xNzczMjUx,1773251,Adrienne,Fast,Art History,3.5,3.4,-1,14,https://www.ratemyprofessors.com/professor/1773251
12,Western Washington University,U2Nob29sLTExODQ=,WA,VGVhY2hlci0xOTQ2ODQy,1946842,Hanna,Landrus,Mathematics,3.5,3.5,-1,4,https://www.ratemyprofessors.com/professor/1946842
12,Western Washington University,U2Nob29sLTExODQ=,WA,VGVhY2hlci0yMDIyMzI1,2022325,Tom,Webler,Environmental Studies,5,3,-1,1,https://www.ratemyprofessors.com/professor/2022325
12,Western Washington University,U2Nob29sLTExODQ=,WA,VGVhY2hlci0xMTc2NjQ0,1176644,Kristi,Slette,Social Science,2.5,3.3,-1,12,https://www.ratemyprofessors.com/professor/1176644
12,Western Washington University,U2Nob29sLTExODQ=,WA,VGVhY2hlci0zNzE3ODA=,371780,Carmen,Werder,Communication,4.8,2.2,-1,16,https://www.ratemyprofessors.com/professor/371780
12,Western Washington University,U2Nob29sLTExODQ=,WA,VGVhY2hlci04NzQ1NDM=,874543,John,Keppelman,Art,4.6,2.7,-1,35,https://www.ratemyprofessors.com/professor/874543
12,Western Washington University,U2Nob29sLTExODQ=,WA,VGVhY2hlci01MDk1NDg=,509548,Cynthia,Moulds,Women's Studies,3.2,3.5,-1,32,https://www.ratemyprofessors.com/professor/509548
12,Western Washington University,U2Nob29sLTExODQ=,WA,VGVhY2hlci04MTg5MTk=,818919,Steve,Ganz,Managerial Science,2,2.5,-1,17,https://www.ratemyprofessors.com/professor/818919
12,Western Washington University,U2Nob29sLTExODQ=,WA,VGVhY2hlci0xOTg3MjE1,1987215,Zach,Harrison,Theater,3.9,1.8,-1,6,https://www.ratemyprofessors.com/professor/1987215
12,Western Washington University,U2Nob29sLTExODQ=,WA,VGVhY2hlci0xMzU1MDM=,135503,Dan,Hagen,Economics,4,2.3,-1,53,https://www.ratemyprofessors.com/professor/135503
12,Western Washington University,U2Nob29sLTExODQ=,WA,VGVhY2hlci04NzA3Mzc=,870737,Jeanne,Broussard,Art,3.7,2.6,-1,26,https://www.ratemyprofessors.com/professor/870737
12,Western Washington University,U2Nob29sLTExODQ=,WA,VGVhY2hlci0xODg1NTEz,1885513,Ben,Johnson,Mathematics,3.9,3.6,-1,5,https://www.ratemyprofessors.com/professor/1885513
12,Western Washington University,U2Nob29sLTExODQ=,WA,VGVhY2hlci0xNzgwNzgz,1780783,Gerald,Marsh,Philosophy,3.1,3.1,-1,11,https://www.ratemyprofessors.com/professor/1780783
12,Western Washington University,U2Nob29sLTExODQ=,WA,VGVhY2hlci0xOTY5MzI1,1969325,Chris,Theiss,Ceramics,3.8,3,-1,2,https://www.ratemyprofessors.com/professor/1969325
12,Western Washington University,U2Nob29sLTExODQ=,WA,VGVhY2hlci04MDQ1ODI=,804582,David,Auer,Managerial Science,3,3,-1,13,https://www.ratemyprofessors.com/professor/804582
12,Western Washington University,U2Nob29sLTExODQ=,WA,VGVhY2hlci0xMzIyMg==,13222,Ned,Markosian,Philosophy,3.9,3,-1,67,https://www.ratemyprofessors.com/professor/13222
12,Western Washington University,U2Nob29sLTExODQ=,WA,VGVhY2hlci0xOTI1MDg0,1925084,Cale,Palmer,Psychology,3.7,3.3,-1,3,https://www.ratemyprofessors.com/professor/1925084
12,Western Washington University,U2Nob29sLTExODQ=,WA,VGVhY2hlci03MjYxNjE=,726161,Patrick,Dizney,Theater,3.5,2.2,-1,88,https://www.ratemyprofessors.com/professor/726161
12,Western Washington University,U2Nob29sLTExODQ=,WA,VGVhY2hlci01NzQ1MjQ=,574524,Adam,Larios,Mathematics,3.8,3.2,-1,9,https://www.ratemyprofessors.com/professor/574524
12,Western Washington University,U2Nob29sLTExODQ=,WA,VGVhY2hlci0xMjE5MTk5,1219199,Monica,Burke,Psychology,2,3.1,-1,19,https://www.ratemyprofessors.com/professor/1219199
12,Western Washington University,U2Nob29sLTExODQ=,WA,VGVhY2hlci0xMjA1MTA=,120510,Tom,Read,Mathematics,3,3.9,-1,42,https://www.ratemyprofessors.com/professor/120510
12,Western Washington University,U2Nob29sLTExODQ=,WA,VGVhY2hlci01ODc5NzM=,587973,Joann,Otto,Biology,2.5,4.4,-1,24,https://www.ratemyprofessors.com/professor/587973
12,Western Washington University,U2Nob29sLTExODQ=,WA,VGVhY2hlci0xODg4OTE0,1888914,Moheb,Ghali,Economics,1.8,4.3,-1,3,https://www.ratemyprofessors.com/professor/1888914
12,Western Washington University,U2Nob29sLTExODQ=,WA,VGVhY2hlci0xOTU0Njc5,1954679,Elijah,Walker,English,3,3,-1,1,https://www.ratemyprofessors.com/professor/1954679
12,Western Washington University,U2Nob29sLTExODQ=,WA,VGVhY2hlci0xODU0NzE5,1854719,Tyler,Cornelius,History,3.2,3.5,-1,22,https://www.ratemyprofessors.com/professor/1854719
12,Western Washington University,U2Nob29sLTExODQ=,WA,VGVhY2hlci0xOTkzMjIz,1993223,Riley,Grant,Mathematics,3,2,-1,1,https://www.ratemyprofessors.com/professor/1993223
12,Western Washington University,U2Nob29sLTExODQ=,WA,VGVhY2hlci01MDk5NDI=,509942,Donald,Chalice,Mathematics,2.3,2.7,-1,29,https://www.ratemyprofessors.com/professor/509942
12,Western Washington University,U2Nob29sLTExODQ=,WA,VGVhY2hlci0xODAwMDAz,1800003,Julie,Gross,Geology,4.1,2.2,-1,12,https://www.ratemyprofessors.com/professor/1800003
12,Western Washington University,U2Nob29sLTExODQ=,WA,VGVhY2hlci0xODg0MzQ5,1884349,James,Fortney,Communication,4.7,3,-1,6,https://www.ratemyprofessors.com/professor/1884349
12,Western Washington University,U2Nob29sLTExODQ=,WA,VGVhY2hlci0xOTkxNjI0,1991624,Therese,Buchmiller,Art,1.5,5,-1,1,https://www.ratemyprofessors.com/professor/1991624
12,Western Washington University,U2Nob29sLTExODQ=,WA,VGVhY2hlci0xNDE0MzY1,1414365,Pete,Trenham,Biology,4.1,3.5,-1,26,https://www.ratemyprofessors.com/professor/1414365
12,Western Washington University,U2Nob29sLTExODQ=,WA,VGVhY2hlci0zNjQ5OTA=,364990,Robert,Marshall,Anthropology,3,2.6,-1,58,https://www.ratemyprofessors.com/professor/364990
12,Western Washington University,U2Nob29sLTExODQ=,WA,VGVhY2hlci01MTM4MDY=,513806,Cecilia,Danysk,History,3,4.4,-1,45,https://www.ratemyprofessors.com/professor/513806
12,Western Washington University,U2Nob29sLTExODQ=,WA,VGVhY2hlci0xODA4Mjg3,1808287,Michael,Vincent,Mathematics,4.8,2.7,-1,6,https://www.ratemyprofessors.com/professor/1808287
12,Western Washington University,U2Nob29sLTExODQ=,WA,VGVhY2hlci0xNzg5NTg0,1789584,Tyler,Suronen,Mathematics,2.5,3.6,-1,7,https://www.ratemyprofessors.com/professor/1789584
12,Western Washington University,U2Nob29sLTExODQ=,WA,VGVhY2hlci0xODYxNjEz,1861613,Ben,Stensland,Physical Education,2.8,2.7,-1,3,https://www.ratemyprofessors.com/professor/1861613
12,Western Washington University,U2Nob29sLTExODQ=,WA,VGVhY2hlci0xOTc0Mjg1,1974285,Janice,Kam,Modern and Classical Languages,1.4,3.3,-1,4,https://www.ratemyprofessors.com/professor/1974285
12,Western Washington University,U2Nob29sLTExODQ=,WA,VGVhY2hlci04OTU0MTg=,895418,Gary,McKinney,English,5,1,-1,1,https://www.ratemyprofessors.com/professor/895418
12,Western Washington University,U2Nob29sLTExODQ=,WA,VGVhY2hlci0xNjM3ODc1,1637875,Michelle,Saint,Philosophy,3.7,2.9,-1,24,https://www.ratemyprofessors.com/professor/1637875
12,Western Washington University,U2Nob29sLTExODQ=,WA,VGVhY2hlci0xMzI0NQ==,13245,Mark,Sherman,English,3.8,1.9,-1,13,https://www.ratemyprofessors.com/professor/13245
12,Western Washington University,U2Nob29sLTExODQ=,WA,VGVhY2hlci0xOTg0MTUy,1984152,Louis,Mclaughlin,English,3,3,-1,2,https://www.ratemyprofessors.com/professor/1984152
12,Western Washington University,U2Nob29sLTExODQ=,WA,VGVhY2hlci0xODg0MTky,1884192,Jocelyn,Marshall,English,4.8,3.5,-1,2,https://www.ratemyprofessors.com/professor/1884192
12,Western Washington University,U2Nob29sLTExODQ=,WA,VGVhY2hlci0xODk2Mzcx,1896371,Gracielle,Yan,Education,4.7,1,-1,5,https://www.ratemyprofessors.com/professor/1896371
12,Western Washington University,U2Nob29sLTExODQ=,WA,VGVhY2hlci0xNTQwMDYz,1540063,Anne M.,Tietjen,Psychology,3.2,3,-1,3,https://www.ratemyprofessors.com/professor/1540063
12,Western Washington University,U2Nob29sLTExODQ=,WA,VGVhY2hlci0xNjk5NjA3,1699607,Joseph,Garcia,Management,4.2,3,-1,3,https://www.ratemyprofessors.com/professor/1699607
12,Western Washington University,U2Nob29sLTExODQ=,WA,VGVhY2hlci04MjAwNDk=,820049,Anna,Barry,Mathematics,3.3,3.6,-1,5,https://www.ratemyprofessors.com/professor/820049
12,Western Washington University,U2Nob29sLTExODQ=,WA,VGVhY2hlci0xODUxMzEx,1851311,Wren,Cunningham,Exercise & Rehab Sciences,4.7,4,-1,3,https://www.ratemyprofessors.com/professor/1851311
12,Western Washington University,U2Nob29sLTExODQ=,WA,VGVhY2hlci0xNDE3MTk5,1417199,Cynthia,Shepard,Not Specified,4.5,2.2,-1,6,https://www.ratemyprofessors.com/professor/1417199
12,Western Washington University,U2Nob29sLTExODQ=,WA,VGVhY2hlci0xNjgxNzMx,1681731,Ahmed,Awad,Computer Science,2,2.9,-1,12,https://www.ratemyprofessors.com/professor/1681731
12,Western Washington University,U2Nob29sLTExODQ=,WA,VGVhY2hlci0xODQ0NzQx,1844741,Sarita,Shukla,Education,3.9,2.6,-1,9,https://www.ratemyprofessors.com/professor/1844741
12,Western Washington University,U2Nob29sLTExODQ=,WA,VGVhY2hlci0xOTAxMDQ1,1901045,Kyle,Ozechowski,Psychology,1.4,3.5,-1,8,https://www.ratemyprofessors.com/professor/1901045
12,Western Washington University,U2Nob29sLTExODQ=,WA,VGVhY2hlci0xNDgyNDg5,1482489,David,Feingold,Music,3.3,2.8,-1,5,https://www.ratemyprofessors.com/professor/1482489
12,Western Washington University,U2Nob29sLTExODQ=,WA,VGVhY2hlci0xMjM5OTE=,123991,Lyle,Harris,Journalism,3.1,3.9,-1,15,https://www.ratemyprofessors.com/professor/123991
12,Western Washington University,U2Nob29sLTExODQ=,WA,VGVhY2hlci0xOTMxNjgy,1931682,Anne,Chapple,Communication,3,2,-1,1,https://www.ratemyprofessors.com/professor/1931682
12,Western Washington University,U2Nob29sLTExODQ=,WA,VGVhY2hlci01MDYyODk=,506289,Thomas,Pratum,Chemistry,3,4.2,-1,12,https://www.ratemyprofessors.com/professor/506289
12,Western Washington University,U2Nob29sLTExODQ=,WA,VGVhY2hlci0xMzM3MDQ2,1337046,Charlotte,Guyette,Theater,3.6,1.9,-1,24,https://www.ratemyprofessors.com/professor/1337046
12,Western Washington University,U2Nob29sLTExODQ=,WA,VGVhY2hlci0xNjMwNzY3,1630767,Damon,Burnett,English,4.5,3.5,-1,14,https://www.ratemyprofessors.com/professor/1630767
12,Western Washington University,U2Nob29sLTExODQ=,WA,VGVhY2hlci0xMzI0Nw==,13247,Barbara,Collamer,Psychology,3.3,1.7,-1,91,https://www.ratemyprofessors.com/professor/13247
12,Western Washington University,U2Nob29sLTExODQ=,WA,VGVhY2hlci0xMzU2MzA=,135630,Paul,Storer,Economics,4.3,2.7,-1,40,https://www.ratemyprofessors.com/professor/135630
12,Western Washington University,U2Nob29sLTExODQ=,WA,VGVhY2hlci0xNzMwNzgx,1730781,Floyd,Lewis,Management,2.6,3.2,-1,5,https://www.ratemyprofessors.com/professor/1730781
12,Western Washington University,U2Nob29sLTExODQ=,WA,VGVhY2hlci0xNDc4MDY0,1478064,Carl,Newton,Physical Education,4.8,4.3,-1,3,https://www.ratemyprofessors.com/professor/1478064
12,Western Washington University,U2Nob29sLTExODQ=,WA,VGVhY2hlci0xODQ0NDkz,1844493,Thomas,Evans,Geology,4.8,2.8,-1,4,https://www.ratemyprofessors.com/professor/1844493
12,Western Washington University,U2Nob29sLTExODQ=,WA,VGVhY2hlci05NjM1ODM=,963583,Laurie,Hochstetler,History,2.8,3.2,-1,40,https://www.ratemyprofessors.com/professor/963583
12,Western Washington University,U2Nob29sLTExODQ=,WA,VGVhY2hlci04MTQ1NDk=,814549,Lee,Falta,Computer Science,4.1,1.2,-1,12,https://www.ratemyprofessors.com/professor/814549
12,Western Washington University,U2Nob29sLTExODQ=,WA,VGVhY2hlci0xNzY0Mzk0,1764394,Seth,Rittenhouse,Physics,4.1,3,-1,7,https://www.ratemyprofessors.com/professor/1764394
12,Western Washington University,U2Nob29sLTExODQ=,WA,VGVhY2hlci0xODg1MDc2,1885076,Darren,Sahlfeld,Engineering Technology,3.3,2,-1,2,https://www.ratemyprofessors.com/professor/1885076
12,Western Washington University,U2Nob29sLTExODQ=,WA,VGVhY2hlci0xOTA2MjA5,1906209,Andy,Osborn,Engineering Technology,4.5,4,-1,1,https://www.ratemyprofessors.com/professor/1906209
12,Western Washington University,U2Nob29sLTExODQ=,WA,VGVhY2hlci0xODUyNTgz,1852583,Amber,Trout,Health Science,4.5,1.7,-1,7,https://www.ratemyprofessors.com/professor/1852583
12,Western Washington University,U2Nob29sLTExODQ=,WA,VGVhY2hlci0xNzg5NTg1,1789585,Julian,Trujillo,Mathematics,4.3,3.3,-1,4,https://www.ratemyprofessors.com/professor/1789585
12,Western Washington University,U2Nob29sLTExODQ=,WA,VGVhY2hlci03MjEzODI=,721382,Eugene,Kim,Marketing,2.8,2.9,-1,17,https://www.ratemyprofessors.com/professor/721382
12,Western Washington University,U2Nob29sLTExODQ=,WA,VGVhY2hlci0xODg0NzYy,1884762,Gayle,Clemans,Art History,4.3,2.3,-1,3,https://www.ratemyprofessors.com/professor/1884762
12,Western Washington University,U2Nob29sLTExODQ=,WA,VGVhY2hlci0xNTQ2NjUx,1546651,Stephen,Moncrief,Communication,4.4,2.1,-1,9,https://www.ratemyprofessors.com/professor/1546651
12,Western Washington University,U2Nob29sLTExODQ=,WA,VGVhY2hlci0yOTA3MjU=,290725,George,Kriz,Chemistry,4.3,3,-1,49,https://www.ratemyprofessors.com/professor/290725
12,Western Washington University,U2Nob29sLTExODQ=,WA,VGVhY2hlci0xNzE0ODQ1,1714845,Vanessa,Cordero,Physical Education,5,1.7,-1,3,https://www.ratemyprofessors.com/professor/1714845
12,Western Washington University,U2Nob29sLTExODQ=,WA,VGVhY2hlci0xODk3NDI3,1897427,Derrick,Mears,Physical Education,5,1,-1,1,https://www.ratemyprofessors.com/professor/1897427
12,Western Washington University,U2Nob29sLTExODQ=,WA,VGVhY2hlci05MzA5Nzk=,930979,Matt,Holtmeier,English,4.1,3,-1,9,https://www.ratemyprofessors.com/professor/930979
12,Western Washington University,U2Nob29sLTExODQ=,WA,VGVhY2hlci01MjUwMTA=,525010,Sara,Stamey,English,2.1,2,-1,16,https://www.ratemyprofessors.com/professor/525010
12,Western Washington University,U2Nob29sLTExODQ=,WA,VGVhY2hlci0xODU0Njg0,1854684,Kristopher,Passey,Journalism,3.2,2.6,-1,11,https://www.ratemyprofessors.com/professor/1854684
12,Western Washington University,U2Nob29sLTExODQ=,WA,VGVhY2hlci0xNTAxMjYx,1501261,Julie,Homchick,Communication,4.3,2.7,-1,9,https://www.ratemyprofessors.com/professor/1501261
12,Western Washington University,U2Nob29sLTExODQ=,WA,VGVhY2hlci00ODA1OTA=,480590,Lina,Zeine,Communication,3.1,3.8,-1,25,https://www.ratemyprofessors.com/professor/480590
12,Western Washington University,U2Nob29sLTExODQ=,WA,VGVhY2hlci02OTgxODA=,698180,Barbara,Mathers-Schmidt,Communication,3.9,4.1,-1,7,https://www.ratemyprofessors.com/professor/698180
12,Western Washington University,U2Nob29sLTExODQ=,WA,VGVhY2hlci00NjM2OTg=,463698,Leslie,Guelker-Cone,Music,4.4,2.7,-1,10,https://www.ratemyprofessors.com/professor/463698
12,Western Washington University,U2Nob29sLTExODQ=,WA,VGVhY2hlci0zNjcwMDc=,367007,Jeff,Hurlbut,Chemistry,3.8,3.2,-1,87,https://www.ratemyprofessors.com/professor/367007
12,Western Washington University,U2Nob29sLTExODQ=,WA,VGVhY2hlci0xNjUzOTUw,1653950,Colin,Patrick,Communication,3.6,2,-1,6,https://www.ratemyprofessors.com/professor/1653950
12,Western Washington University,U2Nob29sLTExODQ=,WA,VGVhY2hlci0xODA4OTY3,1808967,LeAnne,Robinson,Education,2.5,3,-1,2,https://www.ratemyprofessors.com/professor/1808967
12,Western Washington University,U2Nob29sLTExODQ=,WA,VGVhY2hlci0xMjIzNDkz,1223493,Jeanne,Freeman,Health Science,4.6,2.4,-1,16,https://www.ratemyprofessors.com/professor/1223493
12,Western Washington University,U2Nob29sLTExODQ=,WA,VGVhY2hlci0xMjM5OTI=,123992,Carolyn,Dale,Journalism,2.8,2.9,-1,17,https://www.ratemyprofessors.com/professor/123992
12,Western Washington University,U2Nob29sLTExODQ=,WA,VGVhY2hlci03NzQ3ODI=,774782,Mic,Jolley,Physical Ed,4.9,1.6,-1,5,https://www.ratemyprofessors.com/professor/774782
12,Western Washington University,U2Nob29sLTExODQ=,WA,VGVhY2hlci0xMzY1OTQ=,136594,Perry,Mills,Theater,3,3.2,-1,66,https://www.ratemyprofessors.com/professor/136594
12,Western Washington University,U2Nob29sLTExODQ=,WA,VGVhY2hlci0xODY0MTYx,1864161,Joan,Stamm,Mathematics,3.3,2,-1,2,https://www.ratemyprofessors.com/professor/1864161
12,Western Washington University,U2Nob29sLTExODQ=,WA,VGVhY2hlci0xODU0OTA5,1854909,Andrew,Hendrickson,Mathematics,4.3,2,-1,2,https://www.ratemyprofessors.com/professor/1854909
12,Western Washington University,U2Nob29sLTExODQ=,WA,VGVhY2hlci0xODg0MzEy,1884312,BO,Carillo,Chemistry,4.5,3,-1,1,https://www.ratemyprofessors.com/professor/1884312
12,Western Washington University,U2Nob29sLTExODQ=,WA,VGVhY2hlci03ODY0NTg=,786458,Meredith,Cary,English,4.2,2.8,-1,5,https://www.ratemyprofessors.com/professor/786458
12,Western Washington University,U2Nob29sLTExODQ=,WA,VGVhY2hlci0xMjIzNzI2,1223726,Karen,Hoelscher,Education,3,2.2,-1,5,https://www.ratemyprofessors.com/professor/1223726
12,Western Washington University,U2Nob29sLTExODQ=,WA,VGVhY2hlci03MDYzMzI=,706332,Salah,Abed,Mathematics,3.6,2.6,-1,11,https://www.ratemyprofessors.com/professor/706332
12,Western Washington University,U2Nob29sLTExODQ=,WA,VGVhY2hlci0xNjk4NjYw,1698660,Daniel,Reiss,Mathematics,4.3,2.3,-1,8,https://www.ratemyprofessors.com/professor/1698660
12,Western Washington University,U2Nob29sLTExODQ=,WA,VGVhY2hlci0xMjU5MDE2,1259016,Rosalie,Romano,Education,3.1,2.4,-1,8,https://www.ratemyprofessors.com/professor/1259016
12,Western Washington University,U2Nob29sLTExODQ=,WA,VGVhY2hlci0xNzM3OTM0,1737934,Kristina,Luce,Art History,4.2,3.7,-1,9,https://www.ratemyprofessors.com/professor/1737934
12,Western Washington University,U2Nob29sLTExODQ=,WA,VGVhY2hlci0xNDI0MTYy,1424162,James,Louky,Anthropology,2.3,3,-1,2,https://www.ratemyprofessors.com/professor/1424162
12,Western Washington University,U2Nob29sLTExODQ=,WA,VGVhY2hlci0xNDIyNDg0,1422484,Carol,Janson,Art History,2,2.6,-1,29,https://www.ratemyprofessors.com/professor/1422484
12,Western Washington University,U2Nob29sLTExODQ=,WA,VGVhY2hlci04MzYzMDc=,836307,Steve,Dillman,Engineering Technology,3.9,3.7,-1,7,https://www.ratemyprofessors.com/professor/836307
12,Western Washington University,U2Nob29sLTExODQ=,WA,VGVhY2hlci0xMzcwNDUy,1370452,Rob,Bedi,Psychology,3.8,3.1,-1,8,https://www.ratemyprofessors.com/professor/1370452
12,Western Washington University,U2Nob29sLTExODQ=,WA,VGVhY2hlci0xNzI2MDAy,1726002,Allie,Dykes,Mathematics,3.5,3.3,-1,3,https://www.ratemyprofessors.com/professor/1726002
12,Western Washington University,U2Nob29sLTExODQ=,WA,VGVhY2hlci0xNjc0MDE4,1674018,Gaye,Greene,Art,3.3,1.5,-1,2,https://www.ratemyprofessors.com/professor/1674018
12,Western Washington University,U2Nob29sLTExODQ=,WA,VGVhY2hlci01MDYxOTM=,506193,John,Purdy,English,3.2,3.2,-1,21,https://www.ratemyprofessors.com/professor/506193
12,Western Washington University,U2Nob29sLTExODQ=,WA,VGVhY2hlci04NDMyNDE=,843241,Mary,Cornish,English,4.6,3,-1,12,https://www.ratemyprofessors.com/professor/843241
12,Western Washington University,U2Nob29sLTExODQ=,WA,VGVhY2hlci0xMjk0MzM5,1294339,Jason,Morris,Engineering Technology,4.1,1.9,-1,7,https://www.ratemyprofessors.com/professor/1294339
12,Western Washington University,U2Nob29sLTExODQ=,WA,VGVhY2hlci0xNjQ4MTI1,1648125,Andrew,Estrella,Mathematics,3.1,3.7,-1,7,https://www.ratemyprofessors.com/professor/1648125
12,Western Washington University,U2Nob29sLTExODQ=,WA,VGVhY2hlci0xNzkxNDc2,1791476,Sarah,Daugherty,English,3,3.5,-1,2,https://www.ratemyprofessors.com/professor/1791476
12,Western Washington University,U2Nob29sLTExODQ=,WA,VGVhY2hlci0zNjc3MzQ=,367734,Bill,Lay,Education,4.7,2,-1,67,https://www.ratemyprofessors.com/professor/367734
12,Western Washington University,U2Nob29sLTExODQ=,WA,VGVhY2hlci0xMzc0OTM5,1374939,JT,Taylor,Physical Education,5,1,-1,6,https://www.ratemyprofessors.com/professor/1374939
12,Western Washington University,U2Nob29sLTExODQ=,WA,VGVhY2hlci02ODU3Mw==,68573,Brad,Johnson,Physics & Astronomy,3.8,3.7,-1,25,https://www.ratemyprofessors.com/professor/68573
12,Western Washington University,U2Nob29sLTExODQ=,WA,VGVhY2hlci0xODAxMzQw,1801340,Heidi,Ajiala,English,4.7,3,-1,3,https://www.ratemyprofessors.com/professor/1801340
12,Western Washington University,U2Nob29sLTExODQ=,WA,VGVhY2hlci0xNjk2ODc4,1696878,Justin,Ericksen,English,5,2.3,-1,6,https://www.ratemyprofessors.com/professor/1696878
12,Western Washington University,U2Nob29sLTExODQ=,WA,VGVhY2hlci0xMjk0NzAw,1294700,Katherine,McDade,Sociology,4.1,2.4,-1,5,https://www.ratemyprofessors.com/professor/1294700
12,Western Washington University,U2Nob29sLTExODQ=,WA,VGVhY2hlci0xNzIwNDI4,1720428,Joe,Ferrare,Interdisciplinary Studies,4.8,3.5,-1,2,https://www.ratemyprofessors.com/professor/1720428
12,Western Washington University,U2Nob29sLTExODQ=,WA,VGVhY2hlci0xMjQwNjE=,124061,Marc,Geisler,English,4.1,2.7,-1,38,https://www.ratemyprofessors.com/professor/124061
12,Western Washington University,U2Nob29sLTExODQ=,WA,VGVhY2hlci0xMjE4MTI5,1218129,Sarah,Dobbins,Mathematics,3.3,3.4,-1,38,https://www.ratemyprofessors.com/professor/1218129
12,Western Washington University,U2Nob29sLTExODQ=,WA,VGVhY2hlci0xNjM5NDcy,1639472,Andrew,Denning,History,4.3,3.2,-1,21,https://www.ratemyprofessors.com/professor/1639472
12,Western Washington University,U2Nob29sLTExODQ=,WA,VGVhY2hlci0xMDQ5OTM=,104993,Debnath,Mookherjee,Geography,3,2.4,-1,23,https://www.ratemyprofessors.com/professor/104993
12,Western Washington University,U2Nob29sLTExODQ=,WA,VGVhY2hlci0zMzE0MzM=,331433,Gisele,Muller-Parker,Biology,3.4,3.6,-1,8,https://www.ratemyprofessors.com/professor/331433
12,Western Washington University,U2Nob29sLTExODQ=,WA,VGVhY2hlci0xMTQ0MTI0,1144124,Aurora,Testa,Liberal Arts & Sciences,2.4,3.3,-1,12,https://www.ratemyprofessors.com/professor/1144124
12,Western Washington University,U2Nob29sLTExODQ=,WA,VGVhY2hlci0xMjM5OTA=,123990,Tim,Pilgrim,Journalism,3.8,2.7,-1,76,https://www.ratemyprofessors.com/professor/123990
12,Western Washington University,U2Nob29sLTExODQ=,WA,VGVhY2hlci0xODI0MDA5,1824009,Jedidiah,Brewer,Economics,4.8,3,-1,2,https://www.ratemyprofessors.com/professor/1824009
12,Western Washington University,U2Nob29sLTExODQ=,WA,VGVhY2hlci02MTgxNzc=,618177,John,Wills,Physics,1.8,4.6,-1,49,https://www.ratemyprofessors.com/professor/618177
12,Western Washington University,U2Nob29sLTExODQ=,WA,VGVhY2hlci0xNjM4NDg4,1638488,Rachel,Severson,Psychology,4.8,1.9,-1,13,https://www.ratemyprofessors.com/professor/1638488
12,Western Washington University,U2Nob29sLTExODQ=,WA,VGVhY2hlci0xNjUwNzM5,1650739,Arnold,Aaby,Computer Science,2.3,1.6,-1,9,https://www.ratemyprofessors.com/professor/1650739
12,Western Washington University,U2Nob29sLTExODQ=,WA,VGVhY2hlci0xNDgzNDUw,1483450,Gale,Noble-Sanderson,Communication Disorders,3.2,2.2,-1,6,https://www.ratemyprofessors.com/professor/1483450
12,Western Washington University,U2Nob29sLTExODQ=,WA,VGVhY2hlci0xNzg5NTgz,1789583,Steve,Wolf,Mathematics,2.9,3.3,-1,4,https://www.ratemyprofessors.com/professor/1789583
12,Western Washington University,U2Nob29sLTExODQ=,WA,VGVhY2hlci0xMjYxNjM3,1261637,Kelly,Helms,English,4.3,2.6,-1,21,https://www.ratemyprofessors.com/professor/1261637
12,Western Washington University,U2Nob29sLTExODQ=,WA,VGVhY2hlci0xNjk3ODY3,1697867,Emily,Thuma,Ethnic Studies,4.8,3.4,-1,5,https://www.ratemyprofessors.com/professor/1697867
12,Western Washington University,U2Nob29sLTExODQ=,WA,VGVhY2hlci05NDc0NDg=,947448,Steven,Fleishman,Engineering Technology,3.7,1.8,-1,16,https://www.ratemyprofessors.com/professor/947448
12,Western Washington University,U2Nob29sLTExODQ=,WA,VGVhY2hlci05MjMwODA=,923080,James,Henterly,Art,4.1,3.5,-1,8,https://www.ratemyprofessors.com/professor/923080
12,Western Washington University,U2Nob29sLTExODQ=,WA,VGVhY2hlci01MDk0OTk=,509499,Mark,Desmet,Mathematics,4.3,3.3,-1,15,https://www.ratemyprofessors.com/professor/509499
12,Western Washington University,U2Nob29sLTExODQ=,WA,VGVhY2hlci0xNDIxODIw,1421820,Cecily,Hazelrigg-Hernandez,Ethnic Studies,5,3,-1,1,https://www.ratemyprofessors.com/professor/1421820
12,Western Washington University,U2Nob29sLTExODQ=,WA,VGVhY2hlci0xNzQ5OTc3,1749977,Todd,Simmons,Mathematics,4,4,-1,2,https://www.ratemyprofessors.com/professor/1749977
12,Western Washington University,U2Nob29sLTExODQ=,WA,VGVhY2hlci0xMDcxMjA5,1071209,Marie,Marchand,Social Science,3.2,4,-1,9,https://www.ratemyprofessors.com/professor/1071209
12,Western Washington University,U2Nob29sLTExODQ=,WA,VGVhY2hlci05NjU4MDI=,965802,Arthur,Shaw,Music,4.8,2.1,-1,8,https://www.ratemyprofessors.com/professor/965802
12,Western Washington University,U2Nob29sLTExODQ=,WA,VGVhY2hlci0yNTc0MDI=,257402,Max,Lewis,Psychology,4.2,3.6,-1,71,https://www.ratemyprofessors.com/professor/257402
12,Western Washington University,U2Nob29sLTExODQ=,WA,VGVhY2hlci0xNTQwMDM1,1540035,Rebecca,Achterman,Biology,4.2,4.2,-1,15,https://www.ratemyprofessors.com/professor/1540035
12,Western Washington University,U2Nob29sLTExODQ=,WA,VGVhY2hlci0xNDk1MDk=,149509,Chris,Suczek,Geology,3.1,3.9,-1,37,https://www.ratemyprofessors.com/professor/149509
12,Western Washington University,U2Nob29sLTExODQ=,WA,VGVhY2hlci0xNDczMTYw,1473160,David,Saxton,Theater,4.4,1,-1,7,https://www.ratemyprofessors.com/professor/1473160
12,Western Washington University,U2Nob29sLTExODQ=,WA,VGVhY2hlci00NTc5MjE=,457921,Mary Ann,Reynolds,Accounting,2.7,3.7,-1,43,https://www.ratemyprofessors.com/professor/457921
12,Western Washington University,U2Nob29sLTExODQ=,WA,VGVhY2hlci0xODAyNzkz,1802793,Rachel,Wood,English,4.8,2.5,-1,2,https://www.ratemyprofessors.com/professor/1802793
12,Western Washington University,U2Nob29sLTExODQ=,WA,VGVhY2hlci0xODAyNDE5,1802419,Hester,Betlem,Liberal Arts & Sciences,3,3.3,-1,4,https://www.ratemyprofessors.com/professor/1802419
12,Western Washington University,U2Nob29sLTExODQ=,WA,VGVhY2hlci0xMDMyNTMz,1032533,Patrick,McCormick,Art,2.2,3.8,-1,10,https://www.ratemyprofessors.com/professor/1032533
12,Western Washington University,U2Nob29sLTExODQ=,WA,VGVhY2hlci0xMzY1ODU=,136585,James,Stewart,Physics,2.8,3.6,-1,29,https://www.ratemyprofessors.com/professor/136585
12,Western Washington University,U2Nob29sLTExODQ=,WA,VGVhY2hlci0xMDE4NzY0,1018764,Stephen,Senge,Accounting,4.7,3.7,-1,31,https://www.ratemyprofessors.com/professor/1018764
12,Western Washington University,U2Nob29sLTExODQ=,WA,VGVhY2hlci0xNzY4NzQ1,1768745,Sarah,Wallace,Journalism,5,4.5,-1,2,https://www.ratemyprofessors.com/professor/1768745
12,Western Washington University,U2Nob29sLTExODQ=,WA,VGVhY2hlci0xNjkyNjYz,1692663,Maureen,Ryan,Environmental Studies,5,3.5,-1,2,https://www.ratemyprofessors.com/professor/1692663
12,Western Washington University,U2Nob29sLTExODQ=,WA,VGVhY2hlci0xMDAyNDA3,1002407,Susan,Kincaid,Human Services,2.8,3.1,-1,14,https://www.ratemyprofessors.com/professor/1002407
12,Western Washington University,U2Nob29sLTExODQ=,WA,VGVhY2hlci00NjMxMjI=,463122,Kyle,Crowder,Sociology,4.8,2.8,-1,16,https://www.ratemyprofessors.com/professor/463122
12,Western Washington University,U2Nob29sLTExODQ=,WA,VGVhY2hlci0xNzMxMDIz,1731023,Kyle,Marmesh,Design,1.5,3.5,-1,2,https://www.ratemyprofessors.com/professor/1731023
12,Western Washington University,U2Nob29sLTExODQ=,WA,VGVhY2hlci0xNDEzMjU2,1413256,Douglas,Nord,International Studies,2.5,2.8,-1,4,https://www.ratemyprofessors.com/professor/1413256
12,Western Washington University,U2Nob29sLTExODQ=,WA,VGVhY2hlci0xNjg0ODA3,1684807,Joseph,Correa,Management,3,3,-1,1,https://www.ratemyprofessors.com/professor/1684807
12,Western Washington University,U2Nob29sLTExODQ=,WA,VGVhY2hlci0yNTEyNjY=,251266,Jerry,Johnson,Mathematics,4.4,3.4,-1,39,https://www.ratemyprofessors.com/professor/251266
12,Western Washington University,U2Nob29sLTExODQ=,WA,VGVhY2hlci0zMjk1Mzc=,329537,Rosemary,Read,Physical Ed,4.9,1.1,-1,12,https://www.ratemyprofessors.com/professor/329537
12,Western Washington University,U2Nob29sLTExODQ=,WA,VGVhY2hlci03Njg3NDc=,768747,Richard,Hutchings,Anthropology,2.9,2.7,-1,14,https://www.ratemyprofessors.com/professor/768747
12,Western Washington University,U2Nob29sLTExODQ=,WA,VGVhY2hlci0zMzMyNTQ=,333254,Gashwin,Saleno,Mathematics,4.1,2.3,-1,15,https://www.ratemyprofessors.com/professor/333254
12,Western Washington University,U2Nob29sLTExODQ=,WA,VGVhY2hlci01Mjc2MDE=,527601,Sandra,Mottner,Marketing,4.1,3.3,-1,8,https://www.ratemyprofessors.com/professor/527601
12,Western Washington University,U2Nob29sLTExODQ=,WA,VGVhY2hlci0xMjA2MTcz,1206173,Michael,Heiser,History,4.2,2.8,-1,11,https://www.ratemyprofessors.com/professor/1206173
12,Western Washington University,U2Nob29sLTExODQ=,WA,VGVhY2hlci0xMTc5NjY0,1179664,William,Lay,Education,5,1,-1,2,https://www.ratemyprofessors.com/professor/1179664
12,Western Washington University,U2Nob29sLTExODQ=,WA,VGVhY2hlci0xNjU2NzYx,1656761,Lindsey,Battjes,Physical Education,4.8,1.5,-1,2,https://www.ratemyprofessors.com/professor/1656761
12,Western Washington University,U2Nob29sLTExODQ=,WA,VGVhY2hlci04OTUyMTE=,895211,Ty,Barnes,Philosophy,3.6,3.1,-1,28,https://www.ratemyprofessors.com/professor/895211
12,Western Washington University,U2Nob29sLTExODQ=,WA,VGVhY2hlci0xMzY1Njc=,136567,Randall (Scott),Babcock,Geology,3.6,2.6,-1,47,https://www.ratemyprofessors.com/professor/136567
12,Western Washington University,U2Nob29sLTExODQ=,WA,VGVhY2hlci0xMTQ5ODkw,1149890,Roxann,Rose,Elementary Education,0,0,-1,0,https://www.ratemyprofessors.com/professor/1149890
12,Western Washington University,U2Nob29sLTExODQ=,WA,VGVhY2hlci0xNTI4ODk3,1528897,Melissa,Park,Geology,0,0,-1,0,https://www.ratemyprofessors.com/professor/1528897
12,Western Washington University,U2Nob29sLTExODQ=,WA,VGVhY2hlci0xNTA1Mzgz,1505383,Edwin,Moats,Mathematics,0,0,-1,0,https://www.ratemyprofessors.com/professor/1505383
12,Western Washington University,U2Nob29sLTExODQ=,WA,VGVhY2hlci0xNDc4MzEx,1478311,Richard,Shaven,Behavioral Sciences,0,0,-1,0,https://www.ratemyprofessors.com/professor/1478311
12,Western Washington University,U2Nob29sLTExODQ=,WA,VGVhY2hlci0xMjIwNjc4,1220678,William,Moore,Humanities,4.4,2.9,-1,13,https://www.ratemyprofessors.com/professor/1220678
12,Western Washington University,U2Nob29sLTExODQ=,WA,VGVhY2hlci04MjUyMjI=,825222,Tony,Jongejan,Education,2.7,3.2,-1,12,https://www.ratemyprofessors.com/professor/825222
12,Western Washington University,U2Nob29sLTExODQ=,WA,VGVhY2hlci03NDAzMjE=,740321,Jeff,Meeker,Computer Science,2.1,3,-1,33,https://www.ratemyprofessors.com/professor/740321
12,Western Washington University,U2Nob29sLTExODQ=,WA,VGVhY2hlci04NDYxNDI=,846142,Elsi,Ellis,Art,2.6,4,-1,5,https://www.ratemyprofessors.com/professor/846142
12,Western Washington University,U2Nob29sLTExODQ=,WA,VGVhY2hlci0zNTg4MzE=,358831,Thomas,Grady,Engineering Technology,3.2,2.9,-1,7,https://www.ratemyprofessors.com/professor/358831
12,Western Washington University,U2Nob29sLTExODQ=,WA,VGVhY2hlci0xMjM5NjY4,1239668,Christopher,Janus,English,4.1,2.6,-1,9,https://www.ratemyprofessors.com/professor/1239668
12,Western Washington University,U2Nob29sLTExODQ=,WA,VGVhY2hlci0xNTY3Mjc=,156727,W. Louis,Barrett,Physics,2.4,2.7,-1,28,https://www.ratemyprofessors.com/professor/156727
12,Western Washington University,U2Nob29sLTExODQ=,WA,VGVhY2hlci0xNTA5MzE=,150931,Tim,Schultz,Geography,4.3,2.3,-1,59,https://www.ratemyprofessors.com/professor/150931
12,Western Washington University,U2Nob29sLTExODQ=,WA,VGVhY2hlci01NDc5MDQ=,547904,Skip,Sailors,Accounting,2.1,3.7,-1,35,https://www.ratemyprofessors.com/professor/547904
12,Western Washington University,U2Nob29sLTExODQ=,WA,VGVhY2hlci00MTU4NTk=,415859,Bruce,Wonder,Management,2.4,3.4,-1,18,https://www.ratemyprofessors.com/professor/415859
12,Western Washington University,U2Nob29sLTExODQ=,WA,VGVhY2hlci0xMzU1NTI=,135552,Cheryl,Dickerson,Business,4.7,2.2,-1,17,https://www.ratemyprofessors.com/professor/135552
12,Western Washington University,U2Nob29sLTExODQ=,WA,VGVhY2hlci01NjEwODU=,561085,Chris,Daley,Chemistry,4.2,3.9,-1,14,https://www.ratemyprofessors.com/professor/561085
12,Western Washington University,U2Nob29sLTExODQ=,WA,VGVhY2hlci0zMTU1NzM=,315573,Linda,Cave,Mathematics,3.9,2.5,-1,13,https://www.ratemyprofessors.com/professor/315573
12,Western Washington University,U2Nob29sLTExODQ=,WA,VGVhY2hlci0xMTA4MDQz,1108043,Eyad,Youssef,Marketing,3.3,2.6,-1,10,https://www.ratemyprofessors.com/professor/1108043
12,Western Washington University,U2Nob29sLTExODQ=,WA,VGVhY2hlci0xNTAzMjM3,1503237,Melanie,Enderle,Art History,4.2,2,-1,3,https://www.ratemyprofessors.com/professor/1503237
12,Western Washington University,U2Nob29sLTExODQ=,WA,VGVhY2hlci0xNTIzNTQy,1523542,J.,Wiese,Theater,4.5,3,-1,2,https://www.ratemyprofessors.com/professor/1523542
12,Western Washington University,U2Nob29sLTExODQ=,WA,VGVhY2hlci0xNjU5ODQ4,1659848,Stan,Goto,Education,4.5,4.5,-1,2,https://www.ratemyprofessors.com/professor/1659848
12,Western Washington University,U2Nob29sLTExODQ=,WA,VGVhY2hlci0xMjYwNjc3,1260677,Joan,Ullin,Education,5,1,-1,3,https://www.ratemyprofessors.com/professor/1260677
12,Western Washington University,U2Nob29sLTExODQ=,WA,VGVhY2hlci0xMzI4MDg1,1328085,Nancy,Angello,Education,1,3,-1,1,https://www.ratemyprofessors.com/professor/1328085
12,Western Washington University,U2Nob29sLTExODQ=,WA,VGVhY2hlci00ODg5NzE=,488971,Roger,Briggs,Music,3.9,3.9,-1,9,https://www.ratemyprofessors.com/professor/488971
12,Western Washington University,U2Nob29sLTExODQ=,WA,VGVhY2hlci0xNTUwMzYy,1550362,Cole,Taratoot,Political Science,4.6,3.5,-1,4,https://www.ratemyprofessors.com/professor/1550362
12,Western Washington University,U2Nob29sLTExODQ=,WA,VGVhY2hlci00Njk4NDI=,469842,Carlos,Martinez,English,4.4,1.6,-1,44,https://www.ratemyprofessors.com/professor/469842
12,Western Washington University,U2Nob29sLTExODQ=,WA,VGVhY2hlci0zNjg2MjA=,368620,Don,Alper,Political Science,4,2.8,-1,16,https://www.ratemyprofessors.com/professor/368620
12,Western Washington University,U2Nob29sLTExODQ=,WA,VGVhY2hlci0zMjkyNTE=,329251,Rodney,Payton,Liberal Studies,3.3,3.5,-1,16,https://www.ratemyprofessors.com/professor/329251
12,Western Washington University,U2Nob29sLTExODQ=,WA,VGVhY2hlci0xNzMwNjIw,1730620,Sue,Koenig,Environmental Studies,5,1,-1,1,https://www.ratemyprofessors.com/professor/1730620
12,Western Washington University,U2Nob29sLTExODQ=,WA,VGVhY2hlci01MDc2ODg=,507688,Bryan,Lane,Business,3.7,2.7,-1,23,https://www.ratemyprofessors.com/professor/507688
12,Western Washington University,U2Nob29sLTExODQ=,WA,VGVhY2hlci0xNjMwNzcx,1630771,Laura,Baker,English,4.3,2.7,-1,3,https://www.ratemyprofessors.com/professor/1630771
12,Western Washington University,U2Nob29sLTExODQ=,WA,VGVhY2hlci0xNTExNDY0,1511464,Wendy,Czopp,Psychology,4,1.7,-1,3,https://www.ratemyprofessors.com/professor/1511464
12,Western Washington University,U2Nob29sLTExODQ=,WA,VGVhY2hlci00MTk1MDc=,419507,Rosanne,Kanhai,English,3,2.2,-1,15,https://www.ratemyprofessors.com/professor/419507
12,Western Washington University,U2Nob29sLTExODQ=,WA,VGVhY2hlci0xNjU3MDU4,1657058,Dylan,Medina,English,4.3,2.8,-1,4,https://www.ratemyprofessors.com/professor/1657058
12,Western Washington University,U2Nob29sLTExODQ=,WA,VGVhY2hlci0xNjY0MjIw,1664220,Robin,Jennings,English,4.2,2.3,-1,3,https://www.ratemyprofessors.com/professor/1664220
12,Western Washington University,U2Nob29sLTExODQ=,WA,VGVhY2hlci0xNTUzMzg4,1553388,Christopher,Roberts,Humanities,4.5,3,-1,2,https://www.ratemyprofessors.com/professor/1553388
12,Western Washington University,U2Nob29sLTExODQ=,WA,VGVhY2hlci0xNzI2MTQ4,1726148,Chang,Sharon,Modern and Classical Languages,4.5,3,-1,1,https://www.ratemyprofessors.com/professor/1726148
12,Western Washington University,U2Nob29sLTExODQ=,WA,VGVhY2hlci0xNDkyNjE1,1492615,Heather,Turner,Physical Education,4.5,1,-1,1,https://www.ratemyprofessors.com/professor/1492615
12,Western Washington University,U2Nob29sLTExODQ=,WA,VGVhY2hlci0xNzI2MTQ5,1726149,Raquel,Garcia,Environmental Studies,2,2,-1,1,https://www.ratemyprofessors.com/professor/1726149
12,Western Washington University,U2Nob29sLTExODQ=,WA,VGVhY2hlci0xNTMwMTM3,1530137,Robert,Ezell,Mathematics,4.9,3.1,-1,10,https://www.ratemyprofessors.com/professor/1530137
12,Western Washington University,U2Nob29sLTExODQ=,WA,VGVhY2hlci0xMDg0Mzkz,1084393,Chris,Bianco,Music,4.6,3,-1,6,https://www.ratemyprofessors.com/professor/1084393
12,Western Washington University,U2Nob29sLTExODQ=,WA,VGVhY2hlci0xNDkwMTI0,1490124,Nate,Ward,Communication,4.8,2.1,-1,22,https://www.ratemyprofessors.com/professor/1490124
12,Western Washington University,U2Nob29sLTExODQ=,WA,VGVhY2hlci0xNjExNTYy,1611562,Molly,Adams,Physical Education,5,1.3,-1,3,https://www.ratemyprofessors.com/professor/1611562
12,Western Washington University,U2Nob29sLTExODQ=,WA,VGVhY2hlci0xNDgwNDk4,1480498,Brandon,Peyden,Mathematics,2,3,-1,2,https://www.ratemyprofessors.com/professor/1480498
12,Western Washington University,U2Nob29sLTExODQ=,WA,VGVhY2hlci03MTg1MDI=,718502,John,Miles,Environmental Studies,2.9,2.7,-1,6,https://www.ratemyprofessors.com/professor/718502
12,Western Washington University,U2Nob29sLTExODQ=,WA,VGVhY2hlci0xMTk3OTAy,1197902,Andrew,Bodman,Geography,3.9,3.6,-1,13,https://www.ratemyprofessors.com/professor/1197902
12,Western Washington University,U2Nob29sLTExODQ=,WA,VGVhY2hlci0zMDUxNQ==,30515,Diane,Johnson,Modern and Classical Languages,4.4,2.7,-1,76,https://www.ratemyprofessors.com/professor/30515
12,Western Washington University,U2Nob29sLTExODQ=,WA,VGVhY2hlci0xNTU0OTQ1,1554945,James,Gustafson,Liberal Arts & Sciences,4.7,3.6,-1,5,https://www.ratemyprofessors.com/professor/1554945
12,Western Washington University,U2Nob29sLTExODQ=,WA,VGVhY2hlci0xNzAwMTI5,1700129,Chantelle,Diaz,English,4,3,-1,1,https://www.ratemyprofessors.com/professor/1700129
12,Western Washington University,U2Nob29sLTExODQ=,WA,VGVhY2hlci0xNDgwOTE0,1480914,Chuck,Schelle,Chemistry,4.6,3.5,-1,14,https://www.ratemyprofessors.com/professor/1480914
12,Western Washington University,U2Nob29sLTExODQ=,WA,VGVhY2hlci0xNTQzNzUw,1543750,Douglas,Park,English,4.8,2.5,-1,2,https://www.ratemyprofessors.com/professor/1543750
12,Western Washington University,U2Nob29sLTExODQ=,WA,VGVhY2hlci0xNTQxNDQz,1541443,Nick,Henscheid,Mathematics,3.2,2.6,-1,5,https://www.ratemyprofessors.com/professor/1541443
12,Western Washington University,U2Nob29sLTExODQ=,WA,VGVhY2hlci0xNDc3NDA3,1477407,Trevor,Annis,Mathematics,3.9,3.6,-1,8,https://www.ratemyprofessors.com/professor/1477407
12,Western Washington University,U2Nob29sLTExODQ=,WA,VGVhY2hlci0xNjk4NDUx,1698451,Rachelle,Harris,Communication,4.5,3,-1,1,https://www.ratemyprofessors.com/professor/1698451
12,Western Washington University,U2Nob29sLTExODQ=,WA,VGVhY2hlci0xNjk4MTIx,1698121,Carole,McMains-Donaldson,Education,1.5,4,-1,1,https://www.ratemyprofessors.com/professor/1698121
12,Western Washington University,U2Nob29sLTExODQ=,WA,VGVhY2hlci0xMzc2NDIz,1376423,Johann,Thaheld,Accounting,2.7,4,-1,16,https://www.ratemyprofessors.com/professor/1376423
12,Western Washington University,U2Nob29sLTExODQ=,WA,VGVhY2hlci01MTkxNzE=,519171,Kathleen,Kitto,Engineering Technology,4.6,2.4,-1,11,https://www.ratemyprofessors.com/professor/519171
12,Western Washington University,U2Nob29sLTExODQ=,WA,VGVhY2hlci05MDg4MTE=,908811,Brandi,Row,Physical Education,4.4,3.6,-1,10,https://www.ratemyprofessors.com/professor/908811
12,Western Washington University,U2Nob29sLTExODQ=,WA,VGVhY2hlci0xNjQ2MTYy,1646162,Greg,Young,Physical Education,4,2.5,-1,2,https://www.ratemyprofessors.com/professor/1646162
12,Western Washington University,U2Nob29sLTExODQ=,WA,VGVhY2hlci0xMTExODUx,1111851,Eric,Whitaker,Political Science,2.7,4.1,-1,30,https://www.ratemyprofessors.com/professor/1111851
12,Western Washington University,U2Nob29sLTExODQ=,WA,VGVhY2hlci0xNjUwMTEz,1650113,Nicole,Moore,Geology,4.8,2,-1,3,https://www.ratemyprofessors.com/professor/1650113
12,Western Washington University,U2Nob29sLTExODQ=,WA,VGVhY2hlci0xNjI1MDk2,1625096,Mark,Eddinger,Mathematics,4.2,4.3,-1,3,https://www.ratemyprofessors.com/professor/1625096
12,Western Washington University,U2Nob29sLTExODQ=,WA,VGVhY2hlci0xNTAwNjc2,1500676,Marie,Eaton,Interdisciplinary Studies,4,4,-1,1,https://www.ratemyprofessors.com/professor/1500676
12,Western Washington University,U2Nob29sLTExODQ=,WA,VGVhY2hlci0zNjI0ODI=,362482,Kathleen,Tomlonovic,History,2.8,3.4,-1,31,https://www.ratemyprofessors.com/professor/362482
12,Western Washington University,U2Nob29sLTExODQ=,WA,VGVhY2hlci0xNjE4NzA1,1618705,Louis,Mattar,Physical Education,4.8,2.5,-1,2,https://www.ratemyprofessors.com/professor/1618705
12,Western Washington University,U2Nob29sLTExODQ=,WA,VGVhY2hlci0xMjAyNjkw,1202690,David,Zhu,Accounting,2.5,3,-1,19,https://www.ratemyprofessors.com/professor/1202690
12,Western Washington University,U2Nob29sLTExODQ=,WA,VGVhY2hlci0xNDgwNTY3,1480567,Daniel,Murphy,English,4.3,4.5,-1,15,https://www.ratemyprofessors.com/professor/1480567
12,Western Washington University,U2Nob29sLTExODQ=,WA,VGVhY2hlci02NzM4MzM=,673833,Billie,Lindsey,Health Science,3.9,2.6,-1,7,https://www.ratemyprofessors.com/professor/673833
12,Western Washington University,U2Nob29sLTExODQ=,WA,VGVhY2hlci0zNTk5MTI=,359912,Carla,Rutschman,Music,3.7,4.1,-1,21,https://www.ratemyprofessors.com/professor/359912
12,Western Washington University,U2Nob29sLTExODQ=,WA,VGVhY2hlci0xNDY2ODcz,1466873,Richard,Burchett,Psychology,1.5,3.5,-1,18,https://www.ratemyprofessors.com/professor/1466873
12,Western Washington University,U2Nob29sLTExODQ=,WA,VGVhY2hlci0xNjIyMTU5,1622159,Hannah,Lindberg,Dance,4.8,3,-1,2,https://www.ratemyprofessors.com/professor/1622159
12,Western Washington University,U2Nob29sLTExODQ=,WA,VGVhY2hlci0xNTMyNjE3,1532617,Dave,Diamond,History,3.7,4,-1,3,https://www.ratemyprofessors.com/professor/1532617
12,Western Washington University,U2Nob29sLTExODQ=,WA,VGVhY2hlci0xNjI4NDI3,1628427,Caroline,Chamblin,Chemistry,3.5,2.7,-1,3,https://www.ratemyprofessors.com/professor/1628427
12,Western Washington University,U2Nob29sLTExODQ=,WA,VGVhY2hlci0xMTEwMDk3,1110097,Raquel,Montoya-Lewis,Law,4.1,4,-1,4,https://www.ratemyprofessors.com/professor/1110097
12,Western Washington University,U2Nob29sLTExODQ=,WA,VGVhY2hlci0zMDgyMTE=,308211,Kathleen,Kennedy,History,3,3.9,-1,61,https://www.ratemyprofessors.com/professor/308211
12,Western Washington University,U2Nob29sLTExODQ=,WA,VGVhY2hlci0xMTAzMjgz,1103283,Meghan,Vandermale,Mathematics,2.5,3.9,-1,9,https://www.ratemyprofessors.com/professor/1103283
12,Western Washington University,U2Nob29sLTExODQ=,WA,VGVhY2hlci0zMTE0Njk=,311469,John,Richardson,Sociology,3.6,3.8,-1,33,https://www.ratemyprofessors.com/professor/311469
12,Western Washington University,U2Nob29sLTExODQ=,WA,VGVhY2hlci02MzIxOTE=,632191,Ruth,Harper - Arabie,Biology,3.8,3.4,-1,8,https://www.ratemyprofessors.com/professor/632191
12,Western Washington University,U2Nob29sLTExODQ=,WA,VGVhY2hlci00ODIzNDI=,482342,Vicki,Hamblin,Modern and Classical Languages,4.7,3.6,-1,25,https://www.ratemyprofessors.com/professor/482342
12,Western Washington University,U2Nob29sLTExODQ=,WA,VGVhY2hlci0xNDE2OTk3,1416997,John,Blaak,Physical Education,4,2,-1,2,https://www.ratemyprofessors.com/professor/1416997
12,Western Washington University,U2Nob29sLTExODQ=,WA,VGVhY2hlci0xNzIwMzg=,172038,Edna,Arthurs,Mathematics,3.6,3.1,-1,54,https://www.ratemyprofessors.com/professor/172038
12,Western Washington University,U2Nob29sLTExODQ=,WA,VGVhY2hlci0xMjM5NzA4,1239708,Gregory,Moench,Physical Education,5,1,-1,1,https://www.ratemyprofessors.com/professor/1239708
12,Western Washington University,U2Nob29sLTExODQ=,WA,VGVhY2hlci0xMzY3NzU2,1367756,Elliot,Wargo,Mathematics,3.8,2.8,-1,8,https://www.ratemyprofessors.com/professor/1367756
12,Western Washington University,U2Nob29sLTExODQ=,WA,VGVhY2hlci0xNTk4MzI0,1598324,Michele,Anderson,Journalism,5,1.5,-1,2,https://www.ratemyprofessors.com/professor/1598324
12,Western Washington University,U2Nob29sLTExODQ=,WA,VGVhY2hlci0xNDk4NDIw,1498420,J,Weiss,Theater,4.5,3,-1,1,https://www.ratemyprofessors.com/professor/1498420
12,Western Washington University,U2Nob29sLTExODQ=,WA,VGVhY2hlci0xNTE0MjE5,1514219,Joshua,Browning,English,3.4,3.8,-1,4,https://www.ratemyprofessors.com/professor/1514219
12,Western Washington University,U2Nob29sLTExODQ=,WA,VGVhY2hlci05MTUwODY=,915086,Melissa,Henry,Mathematics,2.3,4,-1,30,https://www.ratemyprofessors.com/professor/915086
12,Western Washington University,U2Nob29sLTExODQ=,WA,VGVhY2hlci0xMDMwNDQz,1030443,Leonard,Coufal,History,3.2,3.8,-1,16,https://www.ratemyprofessors.com/professor/1030443
12,Western Washington University,U2Nob29sLTExODQ=,WA,VGVhY2hlci0xMTc5NjYy,1179662,Lori,deKubber,Health Science,2.7,2.1,-1,10,https://www.ratemyprofessors.com/professor/1179662
12,Western Washington University,U2Nob29sLTExODQ=,WA,VGVhY2hlci0xNDE1NDA5,1415409,Randy,Leventhal,Environmental Studies,1.6,2.8,-1,12,https://www.ratemyprofessors.com/professor/1415409
12,Western Washington University,U2Nob29sLTExODQ=,WA,VGVhY2hlci0xNDEyMDI4,1412028,Amanda,Fredrick,English,4.7,2.8,-1,5,https://www.ratemyprofessors.com/professor/1412028
12,Western Washington University,U2Nob29sLTExODQ=,WA,VGVhY2hlci0xNDk5NzAz,1499703,Jason,Hansen,History,4.2,2,-1,3,https://www.ratemyprofessors.com/professor/1499703
12,Western Washington University,U2Nob29sLTExODQ=,WA,VGVhY2hlci0xNDE1Mjcw,1415270,Michael,Renne,Mathematics,4.8,2.5,-1,2,https://www.ratemyprofessors.com/professor/1415270
12,Western Washington University,U2Nob29sLTExODQ=,WA,VGVhY2hlci01Njg1MTI=,568512,L.,McDonald-Miszczak,Psychology,3.8,2.3,-1,14,https://www.ratemyprofessors.com/professor/568512
12,Western Washington University,U2Nob29sLTExODQ=,WA,VGVhY2hlci0xNDYwMzUw,1460350,Joel,Klipfel,Mathematics,1.9,3.4,-1,5,https://www.ratemyprofessors.com/professor/1460350
12,Western Washington University,U2Nob29sLTExODQ=,WA,VGVhY2hlci0yMzk5MTM=,239913,Gregory,Pulver,Theater,4.9,1.8,-1,12,https://www.ratemyprofessors.com/professor/239913
12,Western Washington University,U2Nob29sLTExODQ=,WA,VGVhY2hlci0xMjEwNDI0,1210424,Robert,Linn,Accounting,1.7,4.5,-1,15,https://www.ratemyprofessors.com/professor/1210424
12,Western Washington University,U2Nob29sLTExODQ=,WA,VGVhY2hlci0xNTc4NjAw,1578600,Russ,Kendall,Journalism,1,5,-1,1,https://www.ratemyprofessors.com/professor/1578600
12,Western Washington University,U2Nob29sLTExODQ=,WA,VGVhY2hlci0zMTM5MDU=,313905,Scott,Stevens,English,3.1,4.1,-1,43,https://www.ratemyprofessors.com/professor/313905
12,Western Washington University,U2Nob29sLTExODQ=,WA,VGVhY2hlci0xMzcxOTY5,1371969,Daniel,Guerrero,Foreign Languages & Literature,3,4,-1,1,https://www.ratemyprofessors.com/professor/1371969
12,Western Washington University,U2Nob29sLTExODQ=,WA,VGVhY2hlci0xNDUyMDkx,1452091,Heather,Van Epps,Biology,3.3,3.7,-1,3,https://www.ratemyprofessors.com/professor/1452091
12,Western Washington University,U2Nob29sLTExODQ=,WA,VGVhY2hlci02OTcyMjg=,697228,Kenneth Mark,Bronstein,Accounting,4.4,2,-1,51,https://www.ratemyprofessors.com/professor/697228
12,Western Washington University,U2Nob29sLTExODQ=,WA,VGVhY2hlci05Njc3Mzg=,967738,Kim,Kolb,Biology,3.3,2.8,-1,6,https://www.ratemyprofessors.com/professor/967738
12,Western Washington University,U2Nob29sLTExODQ=,WA,VGVhY2hlci0xNDk4NDE5,1498419,Marcus,Todd,Theater,4.5,1,-1,2,https://www.ratemyprofessors.com/professor/1498419
12,Western Washington University,U2Nob29sLTExODQ=,WA,VGVhY2hlci0xNTQ1MTM0,1545134,Leslie,Copeland,English,3.5,4,-1,1,https://www.ratemyprofessors.com/professor/1545134
12,Western Washington University,U2Nob29sLTExODQ=,WA,VGVhY2hlci0xNTQ5Njkz,1549693,Kendall,Whitney,Modern and Classical Languages,4.5,2,-1,1,https://www.ratemyprofessors.com/professor/1549693
12,Western Washington University,U2Nob29sLTExODQ=,WA,VGVhY2hlci0xMzY3Mjgy,1367282,Joesph,Volk,English,4.4,4,-1,9,https://www.ratemyprofessors.com/professor/1367282
12,Western Washington University,U2Nob29sLTExODQ=,WA,VGVhY2hlci0xNTEwNTAx,1510501,Gail,Noble-Sanderson,Communication Disorders,3.5,2,-1,2,https://www.ratemyprofessors.com/professor/1510501
12,Western Washington University,U2Nob29sLTExODQ=,WA,VGVhY2hlci00MjE2OTQ=,421694,Matthew,Liao-Troth,Management,4.1,2.7,-1,51,https://www.ratemyprofessors.com/professor/421694
12,Western Washington University,U2Nob29sLTExODQ=,WA,VGVhY2hlci0xNTQxNDQy,1541442,Tanya,Perkins,English,5,1,-1,1,https://www.ratemyprofessors.com/professor/1541442
12,Western Washington University,U2Nob29sLTExODQ=,WA,VGVhY2hlci0yMTQzNDc=,214347,Thomas,Downing,Philosophy,3.9,2.4,-1,71,https://www.ratemyprofessors.com/professor/214347
12,Western Washington University,U2Nob29sLTExODQ=,WA,VGVhY2hlci0xMDIyMTkz,1022193,Tom,Nerini,Counseling & Career Planning,5,4,-1,1,https://www.ratemyprofessors.com/professor/1022193
12,Western Washington University,U2Nob29sLTExODQ=,WA,VGVhY2hlci0xMzM1Nzc5,1335779,Steve,Shaw,Geology,4.4,2.1,-1,9,https://www.ratemyprofessors.com/professor/1335779
12,Western Washington University,U2Nob29sLTExODQ=,WA,VGVhY2hlci0xNjA5Mzk=,160939,Doug,Park,English,4.3,2.9,-1,12,https://www.ratemyprofessors.com/professor/160939
12,Western Washington University,U2Nob29sLTExODQ=,WA,VGVhY2hlci02MjI1NjA=,622560,F,Harris,Engineering Technology,3.9,2.3,-1,15,https://www.ratemyprofessors.com/professor/622560
12,Western Washington University,U2Nob29sLTExODQ=,WA,VGVhY2hlci0xMjU3Njgx,1257681,Tara,Hagena,Chemistry,1.7,4.2,-1,24,https://www.ratemyprofessors.com/professor/1257681
12,Western Washington University,U2Nob29sLTExODQ=,WA,VGVhY2hlci0xNDE0NjI2,1414626,Thomas,Downey,Philosophy,5,4,-1,1,https://www.ratemyprofessors.com/professor/1414626
12,Western Washington University,U2Nob29sLTExODQ=,WA,VGVhY2hlci0xMjcyODI=,127282,Richard,Vawter,Physics & Astronomy,2.4,2.7,-1,44,https://www.ratemyprofessors.com/professor/127282
12,Western Washington University,U2Nob29sLTExODQ=,WA,VGVhY2hlci0xNDIzMDU0,1423054,Kendall,Hagensen,Dance,5,2,-1,1,https://www.ratemyprofessors.com/professor/1423054
12,Western Washington University,U2Nob29sLTExODQ=,WA,VGVhY2hlci0xNTAyMzM4,1502338,Jeff,Fitzgerald,English,4.5,4,-1,1,https://www.ratemyprofessors.com/professor/1502338
12,Western Washington University,U2Nob29sLTExODQ=,WA,VGVhY2hlci0xMTkzNTAy,1193502,Zach,Beare,English,4.4,3.3,-1,11,https://www.ratemyprofessors.com/professor/1193502
12,Western Washington University,U2Nob29sLTExODQ=,WA,VGVhY2hlci0xNDIxODE0,1421814,Catherine,Barrett,Art History,4,1.5,-1,2,https://www.ratemyprofessors.com/professor/1421814
12,Western Washington University,U2Nob29sLTExODQ=,WA,VGVhY2hlci0xMzcyNjU5,1372659,Joy,Barber,English,5,2.5,-1,2,https://www.ratemyprofessors.com/professor/1372659
12,Western Washington University,U2Nob29sLTExODQ=,WA,VGVhY2hlci01MjEwMzA=,521030,Debra,Jusak,Computer Science,2.8,3.6,-1,20,https://www.ratemyprofessors.com/professor/521030
12,Western Washington University,U2Nob29sLTExODQ=,WA,VGVhY2hlci03NjkzNTc=,769357,Gretchen,Coulter,English,2.2,4.1,-1,9,https://www.ratemyprofessors.com/professor/769357
12,Western Washington University,U2Nob29sLTExODQ=,WA,VGVhY2hlci0xNDg4ODky,1488892,Eli,Andrews,Humanities,4.5,3,-1,1,https://www.ratemyprofessors.com/professor/1488892
12,Western Washington University,U2Nob29sLTExODQ=,WA,VGVhY2hlci0xMzY0MjI1,1364225,Alisha,Zimmer,Mathematics,4,3,-1,1,https://www.ratemyprofessors.com/professor/1364225
12,Western Washington University,U2Nob29sLTExODQ=,WA,VGVhY2hlci0xMTkzNjUx,1193651,Echo,Savage,English,3.6,3.7,-1,9,https://www.ratemyprofessors.com/professor/1193651
12,Western Washington University,U2Nob29sLTExODQ=,WA,VGVhY2hlci0xODExNjI=,181162,Kurt,Dunbar,History,3,3.5,-1,14,https://www.ratemyprofessors.com/professor/181162
12,Western Washington University,U2Nob29sLTExODQ=,WA,VGVhY2hlci02NzE4NjA=,671860,Ken,Howell,Education,3.6,3.9,-1,9,https://www.ratemyprofessors.com/professor/671860
12,Western Washington University,U2Nob29sLTExODQ=,WA,VGVhY2hlci0xNDE0OTE5,1414919,David,Tucker,Geology,4.5,2,-1,2,https://www.ratemyprofessors.com/professor/1414919
12,Western Washington University,U2Nob29sLTExODQ=,WA,VGVhY2hlci0xMTk3NTg5,1197589,Carley,Chandler,Chemistry,3.5,4.5,-1,14,https://www.ratemyprofessors.com/professor/1197589
12,Western Washington University,U2Nob29sLTExODQ=,WA,VGVhY2hlci01MTAxNjk=,510169,Dan,Larner,Theater,2.9,3.1,-1,12,https://www.ratemyprofessors.com/professor/510169
12,Western Washington University,U2Nob29sLTExODQ=,WA,VGVhY2hlci0xMDcwNTE1,1070515,Jesse,Nickerson,Mathematics,4.6,2.5,-1,19,https://www.ratemyprofessors.com/professor/1070515
12,Western Washington University,U2Nob29sLTExODQ=,WA,VGVhY2hlci01Nzg0ODE=,578481,Bryan,Willis,Theater,2.7,3.2,-1,20,https://www.ratemyprofessors.com/professor/578481
12,Western Washington University,U2Nob29sLTExODQ=,WA,VGVhY2hlci0zNjY1OA==,36658,Walter,Suess,Modern and Classical Languages,3,3.5,-1,20,https://www.ratemyprofessors.com/professor/36658
12,Western Washington University,U2Nob29sLTExODQ=,WA,VGVhY2hlci00ODI1NjE=,482561,Mike,Seilo,Communication Disorders,4.2,2.7,-1,21,https://www.ratemyprofessors.com/professor/482561
12,Western Washington University,U2Nob29sLTExODQ=,WA,VGVhY2hlci0xNDkwNjE=,149061,Ingrid,Kassler,Modern and Classical Languages,4.4,2.1,-1,21,https://www.ratemyprofessors.com/professor/149061
12,Western Washington University,U2Nob29sLTExODQ=,WA,VGVhY2hlci0xMDYyNTAx,1062501,Candace,Thompson,Chemistry,3.9,4.2,-1,12,https://www.ratemyprofessors.com/professor/1062501
12,Western Washington University,U2Nob29sLTExODQ=,WA,VGVhY2hlci03NzE3OTc=,771797,Vinit,Jagdish,Economics,4.1,3.5,-1,35,https://www.ratemyprofessors.com/professor/771797
12,Western Washington University,U2Nob29sLTExODQ=,WA,VGVhY2hlci0yOTQwMTg=,294018,Steven,Gammon,Chemistry,4.4,3.3,-1,35,https://www.ratemyprofessors.com/professor/294018
12,Western Washington University,U2Nob29sLTExODQ=,WA,VGVhY2hlci05MjY0ODc=,926487,Karen,Lopez-Alonzo,Modern and Classical Languages,3.9,2.9,-1,20,https://www.ratemyprofessors.com/professor/926487
12,Western Washington University,U2Nob29sLTExODQ=,WA,VGVhY2hlci00MzU3MzI=,435732,Ajit,Rupaal,Physics,2.5,2.3,-1,39,https://www.ratemyprofessors.com/professor/435732
12,Western Washington University,U2Nob29sLTExODQ=,WA,VGVhY2hlci05MjUyNTk=,925259,Allison,Mandaville,English,2.5,3.5,-1,2,https://www.ratemyprofessors.com/professor/925259
12,Western Washington University,U2Nob29sLTExODQ=,WA,VGVhY2hlci0xMjE4MTUz,1218153,Ryan,Booker,Mathematics,2.1,3.8,-1,4,https://www.ratemyprofessors.com/professor/1218153
12,Western Washington University,U2Nob29sLTExODQ=,WA,VGVhY2hlci01NzM2NTY=,573656,Richard,Berg,Geology,2.2,2.8,-1,5,https://www.ratemyprofessors.com/professor/573656
12,Western Washington University,U2Nob29sLTExODQ=,WA,VGVhY2hlci0xMzY3NzY4,1367768,Gregory,Kubitz,Mathematics,4,2.8,-1,4,https://www.ratemyprofessors.com/professor/1367768
12,Western Washington University,U2Nob29sLTExODQ=,WA,VGVhY2hlci00Mjc3NzE=,427771,Chuck,Israels,Music,2.3,3.7,-1,30,https://www.ratemyprofessors.com/professor/427771
12,Western Washington University,U2Nob29sLTExODQ=,WA,VGVhY2hlci0xMzI0ODUz,1324853,Yong-Taek,Kim,Modern and Classical Languages,3.6,3.8,-1,5,https://www.ratemyprofessors.com/professor/1324853
12,Western Washington University,U2Nob29sLTExODQ=,WA,VGVhY2hlci0xMTgxMzI5,1181329,Kathryn,Stevenson,Physical Education,5,1.8,-1,4,https://www.ratemyprofessors.com/professor/1181329
12,Western Washington University,U2Nob29sLTExODQ=,WA,VGVhY2hlci0xMjEwMzU3,1210357,Darrell,Sofield,Geography,2.6,3.5,-1,16,https://www.ratemyprofessors.com/professor/1210357
12,Western Washington University,U2Nob29sLTExODQ=,WA,VGVhY2hlci0xMTA0ODg3,1104887,Paual,Johnson,Education,4.7,2.8,-1,10,https://www.ratemyprofessors.com/professor/1104887
12,Western Washington University,U2Nob29sLTExODQ=,WA,VGVhY2hlci04MTM1OTY=,813596,Paul,Kirby,English,1.9,4.5,-1,8,https://www.ratemyprofessors.com/professor/813596
12,Western Washington University,U2Nob29sLTExODQ=,WA,VGVhY2hlci0xMDI1NTE0,1025514,Joanne,Carney,Education,4.5,2.3,-1,4,https://www.ratemyprofessors.com/professor/1025514
12,Western Washington University,U2Nob29sLTExODQ=,WA,VGVhY2hlci0xMzcyMjA0,1372204,Jason,Heck,Communication,4,4,-1,1,https://www.ratemyprofessors.com/professor/1372204
12,Western Washington University,U2Nob29sLTExODQ=,WA,VGVhY2hlci0zMzAxMzc=,330137,William,Lyne,English,4.6,2.5,-1,41,https://www.ratemyprofessors.com/professor/330137
12,Western Washington University,U2Nob29sLTExODQ=,WA,VGVhY2hlci01NDk3MDQ=,549704,Doug,Galagate,Mathematics,2.6,3.5,-1,6,https://www.ratemyprofessors.com/professor/549704
12,Western Washington University,U2Nob29sLTExODQ=,WA,VGVhY2hlci0xMjk3ODIz,1297823,Stacey,Carroll,Business Administration,4,3,-1,2,https://www.ratemyprofessors.com/professor/1297823
12,Western Washington University,U2Nob29sLTExODQ=,WA,VGVhY2hlci0zNTEwNDc=,351047,Juliet,Crider,Geology,3.9,3.2,-1,23,https://www.ratemyprofessors.com/professor/351047
12,Western Washington University,U2Nob29sLTExODQ=,WA,VGVhY2hlci0xMTY4NzQ1,1168745,Katelin,Tasa,Mathematics,4.3,3,-1,5,https://www.ratemyprofessors.com/professor/1168745
12,Western Washington University,U2Nob29sLTExODQ=,WA,VGVhY2hlci0xMjE4MTQ4,1218148,Matthew,Lewis,Mathematics,4,2.7,-1,7,https://www.ratemyprofessors.com/professor/1218148
12,Western Washington University,U2Nob29sLTExODQ=,WA,VGVhY2hlci0xMjE3ODEz,1217813,Nicholas,Woodward,Mathematics,3.3,2.6,-1,5,https://www.ratemyprofessors.com/professor/1217813
12,Western Washington University,U2Nob29sLTExODQ=,WA,VGVhY2hlci0xMTQwMTA0,1140104,Lilly,Yang,Modern and Classical Languages,4.3,2.5,-1,2,https://www.ratemyprofessors.com/professor/1140104
12,Western Washington University,U2Nob29sLTExODQ=,WA,VGVhY2hlci03NDI5NzE=,742971,Saim,Ural,Computer Science,3.6,4.4,-1,7,https://www.ratemyprofessors.com/professor/742971
12,Western Washington University,U2Nob29sLTExODQ=,WA,VGVhY2hlci0xMjI1MDUz,1225053,Judith,White,Foreign Languages & Literature,4,2.3,-1,4,https://www.ratemyprofessors.com/professor/1225053
12,Western Washington University,U2Nob29sLTExODQ=,WA,VGVhY2hlci0xMDU5MTQz,1059143,Janet,Braun,Engineering Technology,2.4,1.8,-1,8,https://www.ratemyprofessors.com/professor/1059143
12,Western Washington University,U2Nob29sLTExODQ=,WA,VGVhY2hlci0xMzUwMDUy,1350052,Kevin,Botterbusch,Mathematics,1.6,3.7,-1,6,https://www.ratemyprofessors.com/professor/1350052
12,Western Washington University,U2Nob29sLTExODQ=,WA,VGVhY2hlci0xMzI4Mg==,13282,Eric,McKell,Engineering Technology,4.4,2.9,-1,9,https://www.ratemyprofessors.com/professor/13282
12,Western Washington University,U2Nob29sLTExODQ=,WA,VGVhY2hlci0xMjU5MDA0,1259004,Thomas,Race,Mathematics,4.5,3.2,-1,6,https://www.ratemyprofessors.com/professor/1259004
12,Western Washington University,U2Nob29sLTExODQ=,WA,VGVhY2hlci0xMjE4MTQ5,1218149,Emelia,Wilson,Mathematics,4,3.3,-1,4,https://www.ratemyprofessors.com/professor/1218149
12,Western Washington University,U2Nob29sLTExODQ=,WA,VGVhY2hlci0xMjEyMDU1,1212055,Justin,Walter,Chemistry,4.9,1,-1,4,https://www.ratemyprofessors.com/professor/1212055
12,Western Washington University,U2Nob29sLTExODQ=,WA,VGVhY2hlci0xMTM3OTY3,1137967,Chris,Vita,Interdisciplinary Studies,4.8,2,-1,4,https://www.ratemyprofessors.com/professor/1137967
12,Western Washington University,U2Nob29sLTExODQ=,WA,VGVhY2hlci0xMjYwMDM5,1260039,Jake,Frye,English,4,2.3,-1,3,https://www.ratemyprofessors.com/professor/1260039
12,Western Washington University,U2Nob29sLTExODQ=,WA,VGVhY2hlci0xMjE5OTEz,1219913,Laura,Stambaugh,Music,2.8,3.3,-1,3,https://www.ratemyprofessors.com/professor/1219913
12,Western Washington University,U2Nob29sLTExODQ=,WA,VGVhY2hlci00MjM1Mjc=,423527,Louis,Truschel,History,3.9,2.9,-1,39,https://www.ratemyprofessors.com/professor/423527
12,Western Washington University,U2Nob29sLTExODQ=,WA,VGVhY2hlci01MTQ0NjI=,514462,Robert,Jewett,Mathematics,2,3.3,-1,13,https://www.ratemyprofessors.com/professor/514462
12,Western Washington University,U2Nob29sLTExODQ=,WA,VGVhY2hlci0xMTkyMjA0,1192204,Lorraine,Wilde,Environmental Studies,4.5,1,-1,1,https://www.ratemyprofessors.com/professor/1192204
12,Western Washington University,U2Nob29sLTExODQ=,WA,VGVhY2hlci0xMTgxNDQ1,1181445,Erin,Hazard,Art History,4.3,2.7,-1,6,https://www.ratemyprofessors.com/professor/1181445
12,Western Washington University,U2Nob29sLTExODQ=,WA,VGVhY2hlci00NDE4MTU=,441815,Catherine,Ashcraft,Education,4.7,2.2,100,13,https://www.ratemyprofessors.com/professor/441815
12,Western Washington University,U2Nob29sLTExODQ=,WA,VGVhY2hlci0zNTkxNTg=,359158,Penelope,Britton,Communication,4.8,2,-1,25,https://www.ratemyprofessors.com/professor/359158
12,Western Washington University,U2Nob29sLTExODQ=,WA,VGVhY2hlci05ODYzMjk=,986329,Holly,Giffin,Communication,2.5,2,-1,3,https://www.ratemyprofessors.com/professor/986329
12,Western Washington University,U2Nob29sLTExODQ=,WA,VGVhY2hlci0xMTcxMTE2,1171116,Luke,Vanderzyden,Education,4.8,3,-1,3,https://www.ratemyprofessors.com/professor/1171116
12,Western Washington University,U2Nob29sLTExODQ=,WA,VGVhY2hlci0xMzI0MjA5,1324209,Michael,Nutting,Music,4.2,3.7,-1,3,https://www.ratemyprofessors.com/professor/1324209
12,Western Washington University,U2Nob29sLTExODQ=,WA,VGVhY2hlci0xMjAzODYy,1203862,Morgan,Livingston,Human Services,3,1.5,-1,2,https://www.ratemyprofessors.com/professor/1203862
12,Western Washington University,U2Nob29sLTExODQ=,WA,VGVhY2hlci01MTEzNjQ=,511364,David,Meyer,Music,2.5,3.7,-1,12,https://www.ratemyprofessors.com/professor/511364
12,Western Washington University,U2Nob29sLTExODQ=,WA,VGVhY2hlci0xMzY3NzU5,1367759,Zachary,Thompson,Mathematics,5,3,-1,1,https://www.ratemyprofessors.com/professor/1367759
12,Western Washington University,U2Nob29sLTExODQ=,WA,VGVhY2hlci0xMTc3MTg3,1177187,Kathy,Knutzen,Physical Education,4.3,2.5,-1,2,https://www.ratemyprofessors.com/professor/1177187
12,Western Washington University,U2Nob29sLTExODQ=,WA,VGVhY2hlci0xMzQ3MTIx,1347121,Roxy,Finney,Chemistry,4.9,2.5,-1,4,https://www.ratemyprofessors.com/professor/1347121
12,Western Washington University,U2Nob29sLTExODQ=,WA,VGVhY2hlci0yNDU0MjU=,245425,Paul,Olscamp,Philosophy,1.5,3.6,-1,14,https://www.ratemyprofessors.com/professor/245425
12,Western Washington University,U2Nob29sLTExODQ=,WA,VGVhY2hlci05MTUwOTY=,915096,Mark,Dudzinski,Engineering Technology,4,3,-1,3,https://www.ratemyprofessors.com/professor/915096
12,Western Washington University,U2Nob29sLTExODQ=,WA,VGVhY2hlci0xMjkxMzQx,1291341,Nancy,Iwakawa,Modern and Classical Languages,4.8,2.7,-1,3,https://www.ratemyprofessors.com/professor/1291341
12,Western Washington University,U2Nob29sLTExODQ=,WA,VGVhY2hlci0zMDgyNTQ=,308254,Michael,Grimes,Anthropology,4.4,3.4,-1,32,https://www.ratemyprofessors.com/professor/308254
12,Western Washington University,U2Nob29sLTExODQ=,WA,VGVhY2hlci0xMDk5NjEx,1099611,Jack,Meischen,English,4.1,3.5,-1,6,https://www.ratemyprofessors.com/professor/1099611
12,Western Washington University,U2Nob29sLTExODQ=,WA,VGVhY2hlci0zMTA1MzU=,310535,Nora,Hartsfield,Mathematics,2.1,3.6,-1,21,https://www.ratemyprofessors.com/professor/310535
12,Western Washington University,U2Nob29sLTExODQ=,WA,VGVhY2hlci0xMjA4OTU3,1208957,Eric,Chambers,Human Services,4.5,5,-1,1,https://www.ratemyprofessors.com/professor/1208957
12,Western Washington University,U2Nob29sLTExODQ=,WA,VGVhY2hlci0zNjEwMjg=,361028,Michael,Naylor,Mathematics,4.2,3.2,-1,31,https://www.ratemyprofessors.com/professor/361028
12,Western Washington University,U2Nob29sLTExODQ=,WA,VGVhY2hlci0xMDM3NDcx,1037471,Johnny,Hu,Mathematics,3.6,3.4,-1,9,https://www.ratemyprofessors.com/professor/1037471
12,Western Washington University,U2Nob29sLTExODQ=,WA,VGVhY2hlci00MjE3MDY=,421706,Jere,Hawn,Business,2.9,4.2,-1,39,https://www.ratemyprofessors.com/professor/421706
12,Western Washington University,U2Nob29sLTExODQ=,WA,VGVhY2hlci01NzQ5Mjk=,574929,Marie,Miran,History,3.1,3.1,-1,21,https://www.ratemyprofessors.com/professor/574929
12,Western Washington University,U2Nob29sLTExODQ=,WA,VGVhY2hlci0xMzIxMzg=,132138,Martin,Osborne,Computer Science,2,3.4,-1,32,https://www.ratemyprofessors.com/professor/132138
12,Western Washington University,U2Nob29sLTExODQ=,WA,VGVhY2hlci01MTQ2NzQ=,514674,Steven,Moskowitz,Engineering Technology,1.8,4.2,-1,11,https://www.ratemyprofessors.com/professor/514674
12,Western Washington University,U2Nob29sLTExODQ=,WA,VGVhY2hlci0xMTkyMDAy,1192002,Matthew,Brown,English,4.3,4,-1,3,https://www.ratemyprofessors.com/professor/1192002
12,Western Washington University,U2Nob29sLTExODQ=,WA,VGVhY2hlci0xMjE1NDc1,1215475,Tim,Melevin,Accounting,3.4,4,-1,11,https://www.ratemyprofessors.com/professor/1215475
12,Western Washington University,U2Nob29sLTExODQ=,WA,VGVhY2hlci0xMjIxMzE0,1221314,Nathan,Hall,Mathematics,3.3,3,-1,2,https://www.ratemyprofessors.com/professor/1221314
12,Western Washington University,U2Nob29sLTExODQ=,WA,VGVhY2hlci03NzU5NTI=,775952,Fred,Rhoades,Biology,3.4,3.1,-1,15,https://www.ratemyprofessors.com/professor/775952
12,Western Washington University,U2Nob29sLTExODQ=,WA,VGVhY2hlci0xMDczMzQ5,1073349,Nicole,Barnes,Music,4.5,3.5,-1,2,https://www.ratemyprofessors.com/professor/1073349
12,Western Washington University,U2Nob29sLTExODQ=,WA,VGVhY2hlci0xMjQxOTg0,1241984,Bliss,Goldstein,General Studies,4.7,2.7,-1,3,https://www.ratemyprofessors.com/professor/1241984
12,Western Washington University,U2Nob29sLTExODQ=,WA,VGVhY2hlci01MDE1NjY=,501566,Todd West,Rawls,Sociology,2.6,2.8,-1,16,https://www.ratemyprofessors.com/professor/501566
12,Western Washington University,U2Nob29sLTExODQ=,WA,VGVhY2hlci0xOTc0Mjgx,1974281,Shan,He,Modern and Classical Languages,3.5,3,-1,1,https://www.ratemyprofessors.com/professor/1974281
12,Western Washington University,U2Nob29sLTExODQ=,WA,VGVhY2hlci0xOTI0NjY3,1924667,Rebecca,Marrall,Library Science,5,2,-1,1,https://www.ratemyprofessors.com/professor/1924667
12,Western Washington University,U2Nob29sLTExODQ=,WA,VGVhY2hlci0yMDIwOTk5,2020999,Shirley,King,Spanish,3,2,-1,1,https://www.ratemyprofessors.com/professor/2020999
12,Western Washington University,U2Nob29sLTExODQ=,WA,VGVhY2hlci0yMDE5MTM4,2019138,Nandini ,Gunewardena,Human Services,1,4,-1,1,https://www.ratemyprofessors.com/professor/2019138
12,Western Washington University,U2Nob29sLTExODQ=,WA,VGVhY2hlci0xNzA0Njk2,1704696,Shelby,Sheppard,Education,5,4,-1,1,https://www.ratemyprofessors.com/professor/1704696
12,Western Washington University,U2Nob29sLTExODQ=,WA,VGVhY2hlci0yMDEwMDUx,2010051,Yolimar,Vázquez ,Environmental Studies,2,4,-1,1,https://www.ratemyprofessors.com/professor/2010051
12,Western Washington University,U2Nob29sLTExODQ=,WA,VGVhY2hlci0xOTkyNDI0,1992424,Zachary,Harrison,Theater,4,1,-1,1,https://www.ratemyprofessors.com/professor/1992424
12,Western Washington University,U2Nob29sLTExODQ=,WA,VGVhY2hlci0zMTQ4NjI3,3148627,Ella,Fisher,Anthropology,0,0,-1,0,https://www.ratemyprofessors.com/professor/3148627
12,Western Washington University,U2Nob29sLTExODQ=,WA,VGVhY2hlci0zMDE5ODY5,3019869,Ann,Rocket,Education,0,0,-1,0,https://www.ratemyprofessors.com/professor/3019869
12,Western Washington University,U2Nob29sLTExODQ=,WA,VGVhY2hlci0zMTI2MDk3,3126097,Tyler,Jones,Computer Science,0,0,-1,0,https://www.ratemyprofessors.com/professor/3126097
12,Western Washington University,U2Nob29sLTExODQ=,WA,VGVhY2hlci0zMTI2NTg4,3126588,Virag,Carlile-Kovacs,Mathematics,0,0,-1,0,https://www.ratemyprofessors.com/professor/3126588
12,Western Washington University,U2Nob29sLTExODQ=,WA,VGVhY2hlci0zMDc4MjUz,3078253,Hla,Win-Piazza,Chemistry,0,0,-1,0,https://www.ratemyprofessors.com/professor/3078253
12,Western Washington University,U2Nob29sLTExODQ=,WA,VGVhY2hlci0zMTAxOTUz,3101953,Aki,Yada,Science,0,0,-1,0,https://www.ratemyprofessors.com/professor/3101953
12,Western Washington University,U2Nob29sLTExODQ=,WA,VGVhY2hlci0zMDk4MjI3,3098227,Fred,Ramage,Theatre & Dance,0,0,-1,0,https://www.ratemyprofessors.com/professor/3098227
12,Western Washington University,U2Nob29sLTExODQ=,WA,VGVhY2hlci0zMTM2MzYw,3136360,Aaron ,Benson,Mathematics,0,0,-1,0,https://www.ratemyprofessors.com/professor/3136360
12,Western Washington University,U2Nob29sLTExODQ=,WA,VGVhY2hlci0yOTA1MDg5,2905089,Bernadet,De jonge ,Human Services,0,0,-1,0,https://www.ratemyprofessors.com/professor/2905089
12,Western Washington University,U2Nob29sLTExODQ=,WA,VGVhY2hlci0yODIyMTE3,2822117,Steven,Brummel,Marketing,0,0,-1,0,https://www.ratemyprofessors.com/professor/2822117
12,Western Washington University,U2Nob29sLTExODQ=,WA,VGVhY2hlci0yODA4NTI3,2808527,Ryan,Vasak,Environmental Science,0,0,-1,0,https://www.ratemyprofessors.com/professor/2808527
12,Western Washington University,U2Nob29sLTExODQ=,WA,VGVhY2hlci0yODA2Mzg3,2806387,Aude,Jehan,Foreign Languages & Literature,0,0,-1,0,https://www.ratemyprofessors.com/professor/2806387
12,Western Washington University,U2Nob29sLTExODQ=,WA,VGVhY2hlci0yODA2NzUw,2806750,Alyssa,Watson,Mathematics,0,0,-1,0,https://www.ratemyprofessors.com/professor/2806750
12,Western Washington University,U2Nob29sLTExODQ=,WA,VGVhY2hlci0yODA1Nzk0,2805794,Megan,Moma,Biology,0,0,-1,0,https://www.ratemyprofessors.com/professor/2805794
12,Western Washington University,U2Nob29sLTExODQ=,WA,VGVhY2hlci0yODAzMjA4,2803208,Lars,Olson,Education,0,0,-1,0,https://www.ratemyprofessors.com/professor/2803208
12,Western Washington University,U2Nob29sLTExODQ=,WA,VGVhY2hlci0yODI3MDUx,2827051,Ashanie,Long-Reid,Geology,0,0,-1,0,https://www.ratemyprofessors.com/professor/2827051
12,Western Washington University,U2Nob29sLTExODQ=,WA,VGVhY2hlci0yNzc2Mzk1,2776395,Richard,Throbbin,Geography,0,0,-1,0,https://www.ratemyprofessors.com/professor/2776395
12,Western Washington University,U2Nob29sLTExODQ=,WA,VGVhY2hlci0yNzc4OTcz,2778973,Carla,Mullins,Human Services,0,0,-1,0,https://www.ratemyprofessors.com/professor/2778973
12,Western Washington University,U2Nob29sLTExODQ=,WA,VGVhY2hlci0yNjkzNzE2,2693716,Shannon,Rodgers,Education,0,0,-1,0,https://www.ratemyprofessors.com/professor/2693716
12,Western Washington University,U2Nob29sLTExODQ=,WA,VGVhY2hlci0yNTg4Mjkw,2588290,Colin,Dalvit,Computer Graphics,0,0,-1,0,https://www.ratemyprofessors.com/professor/2588290
12,Western Washington University,U2Nob29sLTExODQ=,WA,VGVhY2hlci0yNjA3MDM1,2607035,Tami,Barry,Environmental Studies,0,0,-1,0,https://www.ratemyprofessors.com/professor/2607035
12,Western Washington University,U2Nob29sLTExODQ=,WA,VGVhY2hlci0yNzA0MzIz,2704323,Anne,Hansey,Mathematics,0,0,-1,0,https://www.ratemyprofessors.com/professor/2704323
12,Western Washington University,U2Nob29sLTExODQ=,WA,VGVhY2hlci0yMTA5MjUy,2109252,Brian,Bowe,Journalism,0,0,-1,0,https://www.ratemyprofessors.com/professor/2109252
12,Western Washington University,U2Nob29sLTExODQ=,WA,VGVhY2hlci0yNjg2NTQz,2686543,Audrey,Negro,Design,0,0,-1,0,https://www.ratemyprofessors.com/professor/2686543
12,Western Washington University,U2Nob29sLTExODQ=,WA,VGVhY2hlci0yOTkxMDE3,2991017,Debbie,Haney,Early Childhood Education,0,0,-1,0,https://www.ratemyprofessors.com/professor/2991017
12,Western Washington University,U2Nob29sLTExODQ=,WA,VGVhY2hlci0yODg0ODM0,2884834,Sarah,Monoghan,Theatre & Dance,0,0,-1,0,https://www.ratemyprofessors.com/professor/2884834
12,Western Washington University,U2Nob29sLTExODQ=,WA,VGVhY2hlci0yOTI3NTIx,2927521,Minori,Fukuyama,World Languages & Cultures,0,0,-1,0,https://www.ratemyprofessors.com/professor/2927521
12,Western Washington University,U2Nob29sLTExODQ=,WA,VGVhY2hlci0yNDY2ODI2,2466826,Morgan,Lane,Journalism,0,0,-1,0,https://www.ratemyprofessors.com/professor/2466826
12,Western Washington University,U2Nob29sLTExODQ=,WA,VGVhY2hlci0yNTQyODY4,2542868,David,Seaman,Mathematics,0,0,-1,0,https://www.ratemyprofessors.com/professor/2542868
12,Western Washington University,U2Nob29sLTExODQ=,WA,VGVhY2hlci0yNDk3ODI5,2497829,Zachary,McGrew,Computer Science,0,0,-1,0,https://www.ratemyprofessors.com/professor/2497829
12,Western Washington University,U2Nob29sLTExODQ=,WA,VGVhY2hlci0yMjM2NDM1,2236435,Melissa,Bursch,English,0,0,-1,0,https://www.ratemyprofessors.com/professor/2236435
12,Western Washington University,U2Nob29sLTExODQ=,WA,VGVhY2hlci0yMTY5MzE4,2169318,Ronald,Savey,Accounting,0,0,-1,0,https://www.ratemyprofessors.com/professor/2169318
12,Western Washington University,U2Nob29sLTExODQ=,WA,VGVhY2hlci0yMTQ3Nzgx,2147781,Robert,Rich,English,0,0,-1,0,https://www.ratemyprofessors.com/professor/2147781
12,Western Washington University,U2Nob29sLTExODQ=,WA,VGVhY2hlci0yMzkxNjMx,2391631,Kristen,Johnson,Science,0,0,-1,0,https://www.ratemyprofessors.com/professor/2391631
12,Western Washington University,U2Nob29sLTExODQ=,WA,VGVhY2hlci0xMTM2NzM2,1136736,Patricia,Dunn,Accounting,0,0,-1,0,https://www.ratemyprofessors.com/professor/1136736
12,Western Washington University,U2Nob29sLTExODQ=,WA,VGVhY2hlci0xNzAyMTk4,1702198,Nick,"Henscheid,",Mathematics,0,0,-1,0,https://www.ratemyprofessors.com/professor/1702198
12,Western Washington University,U2Nob29sLTExODQ=,WA,VGVhY2hlci0xNjU1NTMy,1655532,Sam,Johnson,English,0,0,-1,0,https://www.ratemyprofessors.com/professor/1655532
12,Western Washington University,U2Nob29sLTExODQ=,WA,VGVhY2hlci0xNjIxODA1,1621805,Michael,Wilson,Earth Science,0,0,-1,0,https://www.ratemyprofessors.com/professor/1621805
12,Western Washington University,U2Nob29sLTExODQ=,WA,VGVhY2hlci0yMDk3MDk4,2097098,Mohamed,El-Sharo,Business,0,0,-1,0,https://www.ratemyprofessors.com/professor/2097098
12,Western Washington University,U2Nob29sLTExODQ=,WA,VGVhY2hlci0yMDY5ODcw,2069870,Lillian,Kuehl,Biology,0,0,-1,0,https://www.ratemyprofessors.com/professor/2069870
12,Western Washington University,U2Nob29sLTExODQ=,WA,VGVhY2hlci0xMjkxNDI3,1291427,Nolan,Dennet,Dance,0,0,-1,0,https://www.ratemyprofessors.com/professor/1291427
12,Western Washington University,U2Nob29sLTExODQ=,WA,VGVhY2hlci0xMjYwNTk1,1260595,Brian,Johnson,Education,0,0,-1,0,https://www.ratemyprofessors.com/professor/1260595
12,Western Washington University,U2Nob29sLTExODQ=,WA,VGVhY2hlci0xNDIxODE1,1421815,Devon,Cancilla,Environmental Studies,0,0,-1,0,https://www.ratemyprofessors.com/professor/1421815
12,Western Washington University,U2Nob29sLTExODQ=,WA,VGVhY2hlci0xNDE3MTk0,1417194,Brandi,Kincaid,English,0,0,-1,0,https://www.ratemyprofessors.com/professor/1417194
12,Western Washington University,U2Nob29sLTExODQ=,WA,VGVhY2hlci0xNDE2MDEw,1416010,Tasa,Katelin,Mathematics,0,0,-1,0,https://www.ratemyprofessors.com/professor/1416010
12,Western Washington University,U2Nob29sLTExODQ=,WA,VGVhY2hlci0xNDExMzc0,1411374,Gigi,Berardi-Allaway,Geography,0,0,-1,0,https://www.ratemyprofessors.com/professor/1411374
12,Western Washington University,U2Nob29sLTExODQ=,WA,VGVhY2hlci0xNzQ1MTU5,1745159,Laven,Hagen,Health Science,0,0,-1,0,https://www.ratemyprofessors.com/professor/1745159
12,Western Washington University,U2Nob29sLTExODQ=,WA,VGVhY2hlci0xODYyNjY3,1862667,Rosemary,Wall,Mathematics,0,0,-1,0,https://www.ratemyprofessors.com/professor/1862667
12,Western Washington University,U2Nob29sLTExODQ=,WA,VGVhY2hlci0xNDE2MDEw,1416010,Tasa,Katelin,Mathematics,0,0,-1,0,https://www.ratemyprofessors.com/professor/1416010
12,Western Washington University,U2Nob29sLTExODQ=,WA,VGVhY2hlci0xNDExMzc0,1411374,Gigi,Berardi-Allaway,Geography,0,0,-1,0,https://www.ratemyprofessors.com/professor/1411374
12,Western Washington University,U2Nob29sLTExODQ=,WA,VGVhY2hlci0xMTM2NzM2,1136736,Patricia,Dunn,Accounting,0,0,-1,0,https://www.ratemyprofessors.com/professor/1136736
12,Western Washington University,U2Nob29sLTExODQ=,WA,VGVhY2hlci05NTY1ODk=,956589,Christina,Mozsgai,Psychology,0,0,-1,0,https://www.ratemyprofessors.com/professor/956589
12,Western Washington University,U2Nob29sLTExODQ=,WA,VGVhY2hlci0xMDMwNDY3,1030467,Kerry,McFarlane,Physical Education,0,0,-1,0,https://www.ratemyprofessors.com/professor/1030467
12,Western Washington University,U2Nob29sLTExODQ=,WA,VGVhY2hlci0zMTE5NjY1,3119665,gywn,teel,Mathematics,0,0,-1,0,https://www.ratemyprofessors.com/professor/3119665
12,Western Washington University,U2Nob29sLTExODQ=,WA,VGVhY2hlci0zMTA3OTc1,3107975,Hla,Win,Chemistry,0,0,-1,0,https://www.ratemyprofessors.com/professor/3107975
12,Western Washington University,U2Nob29sLTExODQ=,WA,VGVhY2hlci0zMTAxNzAy,3101702,Margarita,Ruiz-Guerrero,Early Childhood Education,0,0,-1,0,https://www.ratemyprofessors.com/professor/3101702
12,Western Washington University,U2Nob29sLTExODQ=,WA,VGVhY2hlci0zMTMzMDIw,3133020,Randall,Rapstine,Theatre & Dance,0,0,-1,0,https://www.ratemyprofessors.com/professor/3133020
12,Western Washington University,U2Nob29sLTExODQ=,WA,VGVhY2hlci0zMTI5MDY2,3129066,Linda,Epps,Computer Science,0,0,-1,0,https://www.ratemyprofessors.com/professor/3129066
12,Western Washington University,U2Nob29sLTExODQ=,WA,VGVhY2hlci0zMDAzODk0,3003894,Andrea,Reed,Communication Disorders,0,0,-1,0,https://www.ratemyprofessors.com/professor/3003894
12,Western Washington University,U2Nob29sLTExODQ=,WA,VGVhY2hlci0zMDc2ODU4,3076858,Zaira,Bardos,English,0,0,-1,0,https://www.ratemyprofessors.com/professor/3076858
12,Western Washington University,U2Nob29sLTExODQ=,WA,VGVhY2hlci0yODg3MDg0,2887084,James,Potera ,Anthropology,0,0,-1,0,https://www.ratemyprofessors.com/professor/2887084
12,Western Washington University,U2Nob29sLTExODQ=,WA,VGVhY2hlci0yNzY4ODkz,2768893,Sawyer,Henry,English,0,0,-1,0,https://www.ratemyprofessors.com/professor/2768893
12,Western Washington University,U2Nob29sLTExODQ=,WA,VGVhY2hlci0yODAxOTQ5,2801949,Chris,Trinies,Environmental Science,0,0,-1,0,https://www.ratemyprofessors.com/professor/2801949
12,Western Washington University,U2Nob29sLTExODQ=,WA,VGVhY2hlci0yODQ4ODc5,2848879,Shurla,Thibou,Humanities,0,0,-1,0,https://www.ratemyprofessors.com/professor/2848879
12,Western Washington University,U2Nob29sLTExODQ=,WA,VGVhY2hlci0yODMyNjQx,2832641,Ashe,Tippens,Communication,0,0,-1,0,https://www.ratemyprofessors.com/professor/2832641
12,Western Washington University,U2Nob29sLTExODQ=,WA,VGVhY2hlci0yNjQyNzI0,2642724,Bethany,Woods,English,0,0,-1,0,https://www.ratemyprofessors.com/professor/2642724
12,Western Washington University,U2Nob29sLTExODQ=,WA,VGVhY2hlci0yNDcxMDA4,2471008,Joseph,Trimble,Psychology,0,0,-1,0,https://www.ratemyprofessors.com/professor/2471008
12,Western Washington University,U2Nob29sLTExODQ=,WA,VGVhY2hlci0yNzI1Mjc5,2725279,Karie,Hilgondorf,Exercise & Rehab Sciences,0,0,-1,0,https://www.ratemyprofessors.com/professor/2725279
12,Western Washington University,U2Nob29sLTExODQ=,WA,VGVhY2hlci0yNzA1MjMz,2705233,Heather,Dowd,Education,0,0,-1,0,https://www.ratemyprofessors.com/professor/2705233
12,Western Washington University,U2Nob29sLTExODQ=,WA,VGVhY2hlci0yNjkxODQ1,2691845,Bahar,Yolac,Art History,0,0,-1,0,https://www.ratemyprofessors.com/professor/2691845
12,Western Washington University,U2Nob29sLTExODQ=,WA,VGVhY2hlci0yOTkwMDk4,2990098, Thomas,Dubofsky,Mathematics,0,0,-1,0,https://www.ratemyprofessors.com/professor/2990098
12,Western Washington University,U2Nob29sLTExODQ=,WA,VGVhY2hlci0yOTc2OTU4,2976958,Mark ,Stewart ,History,0,0,-1,0,https://www.ratemyprofessors.com/professor/2976958
12,Western Washington University,U2Nob29sLTExODQ=,WA,VGVhY2hlci0yNTM5NzU0,2539754,gorege,zhao,Education,0,0,-1,0,https://www.ratemyprofessors.com/professor/2539754
12,Western Washington University,U2Nob29sLTExODQ=,WA,VGVhY2hlci0yNTMxNDI3,2531427,Alina,Avanesyan,Biology,0,0,-1,0,https://www.ratemyprofessors.com/professor/2531427
12,Western Washington University,U2Nob29sLTExODQ=,WA,VGVhY2hlci0xOTYzNTY4,1963568,Chuck,Antholt,Business,0,0,-1,0,https://www.ratemyprofessors.com/professor/1963568
12,Western Washington University,U2Nob29sLTExODQ=,WA,VGVhY2hlci0xOTIzMzcy,1923372,Bernard,Musselman,Mathematics,0,0,-1,0,https://www.ratemyprofessors.com/professor/1923372
12,Western Washington University,U2Nob29sLTExODQ=,WA,VGVhY2hlci0xNjU2NTcw,1656570,Maxine,Turner,Mathematics,0,0,-1,0,https://www.ratemyprofessors.com/professor/1656570
12,Western Washington University,U2Nob29sLTExODQ=,WA,VGVhY2hlci0xNzI0NDEz,1724413,Genevieve,Critel,English,0,0,-1,0,https://www.ratemyprofessors.com/professor/1724413
12,Western Washington University,U2Nob29sLTExODQ=,WA,VGVhY2hlci0xNDQ5NTc4,1449578,Guiseppina,Testa,Art History,0,0,-1,0,https://www.ratemyprofessors.com/professor/1449578
12,Western Washington University,U2Nob29sLTExODQ=,WA,VGVhY2hlci0yMzQ0ODY1,2344865,Andrew,Brown,International Studies,0,0,-1,0,https://www.ratemyprofessors.com/professor/2344865
12,Western Washington University,U2Nob29sLTExODQ=,WA,VGVhY2hlci0xNDE0NTYy,1414562,Elizabeth,Boland,Human Services,0,0,-1,0,https://www.ratemyprofessors.com/professor/1414562
12,Western Washington University,U2Nob29sLTExODQ=,WA,VGVhY2hlci0xMzQ0Nzk4,1344798,Susan,Kagel,Education,0,0,-1,0,https://www.ratemyprofessors.com/professor/1344798
12,Western Washington University,U2Nob29sLTExODQ=,WA,VGVhY2hlci0xODg2MTUw,1886150,Michelle,Abernathy,Education,0,0,-1,0,https://www.ratemyprofessors.com/professor/1886150
12,Western Washington University,U2Nob29sLTExODQ=,WA,VGVhY2hlci0xNzk2NjQ5,1796649,Michael,Fraas,Comm. Sciences,0,0,-1,0,https://www.ratemyprofessors.com/professor/1796649
12,Western Washington University,U2Nob29sLTExODQ=,WA,VGVhY2hlci0xMDA0NjAy,1004602,Nidhi,Williams,Biology,0,0,-1,0,https://www.ratemyprofessors.com/professor/1004602
12,Western Washington University,U2Nob29sLTExODQ=,WA,VGVhY2hlci0zMTUyNTI0,3152524,Shawn,Newman,Accounting,0,0,-1,0,https://www.ratemyprofessors.com/professor/3152524
12,Western Washington University,U2Nob29sLTExODQ=,WA,VGVhY2hlci0zMTEyMzM0,3112334,Jeff,Purdue,Art History,0,0,-1,0,https://www.ratemyprofessors.com/professor/3112334
12,Western Washington University,U2Nob29sLTExODQ=,WA,VGVhY2hlci0zMTExODIy,3111822,Kunbi,Ajiboye,Education,0,0,-1,0,https://www.ratemyprofessors.com/professor/3111822
12,Western Washington University,U2Nob29sLTExODQ=,WA,VGVhY2hlci0zMTA3NTMw,3107530,Peter,Rand,Art,0,0,-1,0,https://www.ratemyprofessors.com/professor/3107530
12,Western Washington University,U2Nob29sLTExODQ=,WA,VGVhY2hlci0zMTA0Njk5,3104699,Emmanuella,Fincham,Education,0,0,-1,0,https://www.ratemyprofessors.com/professor/3104699
12,Western Washington University,U2Nob29sLTExODQ=,WA,VGVhY2hlci0zMTU4NTI4,3158528,Annelise,Snyder,Biology,0,0,-1,0,https://www.ratemyprofessors.com/professor/3158528
12,Western Washington University,U2Nob29sLTExODQ=,WA,VGVhY2hlci0zMTIyMzAy,3122302,Evan,Krautkremer ,Mathematics,0,0,-1,0,https://www.ratemyprofessors.com/professor/3122302
12,Western Washington University,U2Nob29sLTExODQ=,WA,VGVhY2hlci0zMTUwMzA0,3150304,Liz,Mogford,Sociology,0,0,-1,0,https://www.ratemyprofessors.com/professor/3150304
12,Western Washington University,U2Nob29sLTExODQ=,WA,VGVhY2hlci0zMTM1MDY2,3135066,Kathryn,Raubolt,Mathematics,0,0,-1,0,https://www.ratemyprofessors.com/professor/3135066
12,Western Washington University,U2Nob29sLTExODQ=,WA,VGVhY2hlci0zMTM0NDIx,3134421,James,Morford,Music,0,0,-1,0,https://www.ratemyprofessors.com/professor/3134421
12,Western Washington University,U2Nob29sLTExODQ=,WA,VGVhY2hlci0zMTM0MDU1,3134055,Kyaan,Flint,Political Science,0,0,-1,0,https://www.ratemyprofessors.com/professor/3134055
12,Western Washington University,U2Nob29sLTExODQ=,WA,VGVhY2hlci0zMDgxMDEz,3081013,Kirti,Mishra,Engineering,0,0,-1,0,https://www.ratemyprofessors.com/professor/3081013
12,Western Washington University,U2Nob29sLTExODQ=,WA,VGVhY2hlci0zMDU0OTk1,3054995,Ceci,Lopez,Sociology,0,0,-1,0,https://www.ratemyprofessors.com/professor/3054995
12,Western Washington University,U2Nob29sLTExODQ=,WA,VGVhY2hlci0zMDQ2Mzgx,3046381, Christopher ,"Carabini,",Finance,0,0,-1,0,https://www.ratemyprofessors.com/professor/3046381
12,Western Washington University,U2Nob29sLTExODQ=,WA,VGVhY2hlci0zMDY3MDA0,3067004,Scott,Kolbo,Art,0,0,-1,0,https://www.ratemyprofessors.com/professor/3067004
12,Western Washington University,U2Nob29sLTExODQ=,WA,VGVhY2hlci0yNzgyNzc3,2782777,Laure,Spake,Anthropology,0,0,-1,0,https://www.ratemyprofessors.com/professor/2782777
12,Western Washington University,U2Nob29sLTExODQ=,WA,VGVhY2hlci0yODA0OTI5,2804929,Ryan,Crane,Education,0,0,-1,0,https://www.ratemyprofessors.com/professor/2804929
12,Western Washington University,U2Nob29sLTExODQ=,WA,VGVhY2hlci0yNzk5Mjk2,2799296,Pamela,Sampel,Management,0,0,-1,0,https://www.ratemyprofessors.com/professor/2799296
12,Western Washington University,U2Nob29sLTExODQ=,WA,VGVhY2hlci0yOTMxMDQ2,2931046,Andrew,Garfield,Mathematics,0,0,-1,0,https://www.ratemyprofessors.com/professor/2931046
12,Western Washington University,U2Nob29sLTExODQ=,WA,VGVhY2hlci0yOTE1NzM3,2915737,Lisa,Gadinas,Art History,0,0,-1,0,https://www.ratemyprofessors.com/professor/2915737
12,Western Washington University,U2Nob29sLTExODQ=,WA,VGVhY2hlci0yOTc3Mjk4,2977298,	Kristi ,Lemm,Psychology,0,0,-1,0,https://www.ratemyprofessors.com/professor/2977298
12,Western Washington University,U2Nob29sLTExODQ=,WA,VGVhY2hlci0yOTgxNTk1,2981595,Dayna,Patterson,English,0,0,-1,0,https://www.ratemyprofessors.com/professor/2981595
12,Western Washington University,U2Nob29sLTExODQ=,WA,VGVhY2hlci0yNzAyMzQ2,2702346,Zoeuml,Maki,English,0,0,-1,0,https://www.ratemyprofessors.com/professor/2702346
12,Western Washington University,U2Nob29sLTExODQ=,WA,VGVhY2hlci0yODU4NTky,2858592,Ashe,Tippins,Communication,0,0,-1,0,https://www.ratemyprofessors.com/professor/2858592
12,Western Washington University,U2Nob29sLTExODQ=,WA,VGVhY2hlci0yNTQ4ODY2,2548866,Matthew,Van Duyn,History,0,0,-1,0,https://www.ratemyprofessors.com/professor/2548866
12,Western Washington University,U2Nob29sLTExODQ=,WA,VGVhY2hlci0yNTQ0NTYw,2544560,Kenneth,Rhines,Astronomy,0,0,-1,0,https://www.ratemyprofessors.com/professor/2544560
12,Western Washington University,U2Nob29sLTExODQ=,WA,VGVhY2hlci0yNjA4ODUx,2608851,Andrea,Scolari,Mathematics,0,0,-1,0,https://www.ratemyprofessors.com/professor/2608851
12,Western Washington University,U2Nob29sLTExODQ=,WA,VGVhY2hlci0yMzk3MTk4,2397198,Jonathan,Meader,Physical Education,0,0,-1,0,https://www.ratemyprofessors.com/professor/2397198
12,Western Washington University,U2Nob29sLTExODQ=,WA,VGVhY2hlci0yMzk2NTAz,2396503,Karoline,Schaufler,English,0,0,-1,0,https://www.ratemyprofessors.com/professor/2396503
12,Western Washington University,U2Nob29sLTExODQ=,WA,VGVhY2hlci0yNDUzMzIz,2453323,Thomas,Harris,Music,0,0,-1,0,https://www.ratemyprofessors.com/professor/2453323
12,Western Washington University,U2Nob29sLTExODQ=,WA,VGVhY2hlci0yNDk5NzY3,2499767,Michael,Leitch,Chemistry,0,0,-1,0,https://www.ratemyprofessors.com/professor/2499767
12,Western Washington University,U2Nob29sLTExODQ=,WA,VGVhY2hlci0yMDk2OTIy,2096922,John,Sandvig,Business,0,0,-1,0,https://www.ratemyprofessors.com/professor/2096922
12,Western Washington University,U2Nob29sLTExODQ=,WA,VGVhY2hlci0yMDEzOTI0,2013924,Zoe,Cohen,Humanities,0,0,-1,0,https://www.ratemyprofessors.com/professor/2013924
12,Western Washington University,U2Nob29sLTExODQ=,WA,VGVhY2hlci0xMjk4Mzg0,1298384,Renee,Cutshall,Mathematics,0,0,-1,0,https://www.ratemyprofessors.com/professor/1298384
12,Western Washington University,U2Nob29sLTExODQ=,WA,VGVhY2hlci0yMzUzMjg3,2353287,Jennifer,Noveck,Political Science,0,0,-1,0,https://www.ratemyprofessors.com/professor/2353287
12,Western Washington University,U2Nob29sLTExODQ=,WA,VGVhY2hlci0yMzQ5MzM2,2349336,Chloe,Allmand,English,0,0,-1,0,https://www.ratemyprofessors.com/professor/2349336
12,Western Washington University,U2Nob29sLTExODQ=,WA,VGVhY2hlci0xOTkzMzIz,1993323,Britton,Andrews,English,0,0,-1,0,https://www.ratemyprofessors.com/professor/1993323
12,Western Washington University,U2Nob29sLTExODQ=,WA,VGVhY2hlci0yMjM1NjEy,2235612,Amanda,Scott,Communication,0,0,-1,0,https://www.ratemyprofessors.com/professor/2235612
12,Western Washington University,U2Nob29sLTExODQ=,WA,VGVhY2hlci05NTUzODk=,955389,Michealroy,Stern,Chemistry,0,0,-1,0,https://www.ratemyprofessors.com/professor/955389
12,Western Washington University,U2Nob29sLTExODQ=,WA,VGVhY2hlci0xMjYwNjcz,1260673,Susan,Cedarholm,History,0,0,-1,0,https://www.ratemyprofessors.com/professor/1260673
12,Western Washington University,U2Nob29sLTExODQ=,WA,VGVhY2hlci0xMjIxMzIx,1221321,Samuel,Long,Communications,0,0,-1,0,https://www.ratemyprofessors.com/professor/1221321
12,Western Washington University,U2Nob29sLTExODQ=,WA,VGVhY2hlci0xODA2MDA2,1806006,Lyubov,Laroche,Education,0,0,-1,0,https://www.ratemyprofessors.com/professor/1806006
12,Western Washington University,U2Nob29sLTExODQ=,WA,VGVhY2hlci0xODAwMjk4,1800298,Stephen,Silverman,Marketing,0,0,-1,0,https://www.ratemyprofessors.com/professor/1800298
12,Western Washington University,U2Nob29sLTExODQ=,WA,VGVhY2hlci04NTIyMjk=,852229,David,Hunter,Political Science,0,0,-1,0,https://www.ratemyprofessors.com/professor/852229
12,Western Washington University,U2Nob29sLTExODQ=,WA,VGVhY2hlci0xMDY1ODQw,1065840,James,Levenson,Mathematics,0,0,-1,0,https://www.ratemyprofessors.com/professor/1065840
12,Western Washington University,U2Nob29sLTExODQ=,WA,VGVhY2hlci0xMDY1ODM5,1065839,Marie,White,Mathematics,0,0,-1,0,https://www.ratemyprofessors.com/professor/1065839
12,Western Washington University,U2Nob29sLTExODQ=,WA,VGVhY2hlci0zMTM2Njc1,3136675,Jennifer,Wisner,Education,0,0,-1,0,https://www.ratemyprofessors.com/professor/3136675
12,Western Washington University,U2Nob29sLTExODQ=,WA,VGVhY2hlci0zMDc1NTQ1,3075545,Robert ,pauw,Political Science,0,0,-1,0,https://www.ratemyprofessors.com/professor/3075545
12,Western Washington University,U2Nob29sLTExODQ=,WA,VGVhY2hlci0zMDA0MDE5,3004019,Fuqung,Huang,Computer Science,0,0,-1,0,https://www.ratemyprofessors.com/professor/3004019
12,Western Washington University,U2Nob29sLTExODQ=,WA,VGVhY2hlci0zMTA4NzE5,3108719,Celia,Williams,Writing,0,0,-1,0,https://www.ratemyprofessors.com/professor/3108719
12,Western Washington University,U2Nob29sLTExODQ=,WA,VGVhY2hlci0zMTQ0NTk1,3144595,Divid,Cummins,Chemistry,0,0,-1,0,https://www.ratemyprofessors.com/professor/3144595
12,Western Washington University,U2Nob29sLTExODQ=,WA,VGVhY2hlci0yNTA1NDM2,2505436,Kaitlyn,Ronstadt,Music,0,0,-1,0,https://www.ratemyprofessors.com/professor/2505436
12,Western Washington University,U2Nob29sLTExODQ=,WA,VGVhY2hlci0yNjc1NDc5,2675479,Kurt,Robertsom,Business,0,0,-1,0,https://www.ratemyprofessors.com/professor/2675479
12,Western Washington University,U2Nob29sLTExODQ=,WA,VGVhY2hlci0yNjc1MDEy,2675012,Daniel,Hernandez,Environmental Studies,0,0,-1,0,https://www.ratemyprofessors.com/professor/2675012
12,Western Washington University,U2Nob29sLTExODQ=,WA,VGVhY2hlci0yOTc1NzE2,2975716,Amy,Kavanagh,Music,0,0,-1,0,https://www.ratemyprofessors.com/professor/2975716
12,Western Washington University,U2Nob29sLTExODQ=,WA,VGVhY2hlci0yMzQzNTMw,2343530,Joel,Swisher,Energy Studies,0,0,-1,0,https://www.ratemyprofessors.com/professor/2343530
12,Western Washington University,U2Nob29sLTExODQ=,WA,VGVhY2hlci0yODY1NjI5,2865629,Aaron,Tour,Computer Science,0,0,-1,0,https://www.ratemyprofessors.com/professor/2865629
12,Western Washington University,U2Nob29sLTExODQ=,WA,VGVhY2hlci0yODkzMDkz,2893093,Froylan,Sifuentes,Environmental Science,0,0,-1,0,https://www.ratemyprofessors.com/professor/2893093
12,Western Washington University,U2Nob29sLTExODQ=,WA,VGVhY2hlci0yOTkxMTU1,2991155,Minh,Phan,Biology,0,0,-1,0,https://www.ratemyprofessors.com/professor/2991155
12,Western Washington University,U2Nob29sLTExODQ=,WA,VGVhY2hlci0yOTg5NTk5,2989599,Maggie,Savage,Humanities,0,0,-1,0,https://www.ratemyprofessors.com/professor/2989599
12,Western Washington University,U2Nob29sLTExODQ=,WA,VGVhY2hlci0yODEyMDI0,2812024,Janelle,Dunham,Education,0,0,-1,0,https://www.ratemyprofessors.com/professor/2812024
12,Western Washington University,U2Nob29sLTExODQ=,WA,VGVhY2hlci0yMzMyMjQy,2332242,Megan,Bennett,Communication Disorders,0,0,-1,0,https://www.ratemyprofessors.com/professor/2332242
12,Western Washington University,U2Nob29sLTExODQ=,WA,VGVhY2hlci0yMTgzMTg4,2183188,Matthew,Imus,Design,0,0,-1,0,https://www.ratemyprofessors.com/professor/2183188
12,Western Washington University,U2Nob29sLTExODQ=,WA,VGVhY2hlci0yNDk0MTk4,2494198,LorainneRaine,Dozier,Human Services,0,0,-1,0,https://www.ratemyprofessors.com/professor/2494198
12,Western Washington University,U2Nob29sLTExODQ=,WA,VGVhY2hlci0yNDQxODEz,2441813,Melina,Zahalka,Human Services,0,0,-1,0,https://www.ratemyprofessors.com/professor/2441813
12,Western Washington University,U2Nob29sLTExODQ=,WA,VGVhY2hlci0yMzg2MDc5,2386079,William,Duckworth,Geology,0,0,-1,0,https://www.ratemyprofessors.com/professor/2386079
12,Western Washington University,U2Nob29sLTExODQ=,WA,VGVhY2hlci0yMjM0OTA4,2234908,Duncan,Bennet,Mathematics,0,0,-1,0,https://www.ratemyprofessors.com/professor/2234908
12,Western Washington University,U2Nob29sLTExODQ=,WA,VGVhY2hlci0yMzc2NTk3,2376597,Robert,Spector,Marketing,0,0,-1,0,https://www.ratemyprofessors.com/professor/2376597
12,Western Washington University,U2Nob29sLTExODQ=,WA,VGVhY2hlci0xOTg3NTYx,1987561,Gabe,Gossett,Library Science,0,0,-1,0,https://www.ratemyprofessors.com/professor/1987561
12,Western Washington University,U2Nob29sLTExODQ=,WA,VGVhY2hlci0xNDcxNzQ5,1471749,John,Taylor,Physical Education,0,0,-1,0,https://www.ratemyprofessors.com/professor/1471749
12,Western Washington University,U2Nob29sLTExODQ=,WA,VGVhY2hlci0yMTEzNjU5,2113659,Mike,Etnier,Anthropology,0,0,-1,0,https://www.ratemyprofessors.com/professor/2113659
12,Western Washington University,U2Nob29sLTExODQ=,WA,VGVhY2hlci04OTI3NDc=,892747,Kyle,Matthews,Theater,0,0,-1,0,https://www.ratemyprofessors.com/professor/892747
12,Western Washington University,U2Nob29sLTExODQ=,WA,VGVhY2hlci04NzM3NDE=,873741,Robert,Lopresti,Library Science,0,0,-1,0,https://www.ratemyprofessors.com/professor/873741
12,Western Washington University,U2Nob29sLTExODQ=,WA,VGVhY2hlci0xMTgxMzI2,1181326,Matt,Erickson,Psychology,0,0,-1,0,https://www.ratemyprofessors.com/professor/1181326
12,Western Washington University,U2Nob29sLTExODQ=,WA,VGVhY2hlci0xODAwNzQw,1800740,Kamuran,Chabuk,Mathematics,0,0,-1,0,https://www.ratemyprofessors.com/professor/1800740
12,Western Washington University,U2Nob29sLTExODQ=,WA,VGVhY2hlci0xMzI2NjMy,1326632,Marsha,Riddle-Buly,Elementary Education,0,0,-1,0,https://www.ratemyprofessors.com/professor/1326632
12,Western Washington University,U2Nob29sLTExODQ=,WA,VGVhY2hlci0xMzY5ODA3,1369807,Michael,Justice,Astronomy,0,0,-1,0,https://www.ratemyprofessors.com/professor/1369807
12,Western Washington University,U2Nob29sLTExODQ=,WA,VGVhY2hlci0xMDgxNzgz,1081783,Louann,McKinley,Art,0,0,-1,0,https://www.ratemyprofessors.com/professor/1081783
12,Western Washington University,U2Nob29sLTExODQ=,WA,VGVhY2hlci0xMDQzMDQz,1043043,Bolortsetseg,Smith,East Asian Studies,0,0,-1,0,https://www.ratemyprofessors.com/professor/1043043
12,Western Washington University,U2Nob29sLTExODQ=,WA,VGVhY2hlci0xNDIxODE4,1421818,David,Engebretson,Geology,0,0,-1,0,https://www.ratemyprofessors.com/professor/1421818
12,Western Washington University,U2Nob29sLTExODQ=,WA,VGVhY2hlci0zMTU2MDMz,3156033,Kristina ,Boyko,Chemistry,0,0,-1,0,https://www.ratemyprofessors.com/professor/3156033
12,Western Washington University,U2Nob29sLTExODQ=,WA,VGVhY2hlci0zMTA4NjU2,3108656,Karen,Collins,Communication,0,0,-1,0,https://www.ratemyprofessors.com/professor/3108656
12,Western Washington University,U2Nob29sLTExODQ=,WA,VGVhY2hlci0zMTA1MzU1,3105355,Anneliese,Kamola,English,0,0,-1,0,https://www.ratemyprofessors.com/professor/3105355
12,Western Washington University,U2Nob29sLTExODQ=,WA,VGVhY2hlci0zMTQ4NzIz,3148723,Owen,Montefisher,Mathematics,0,0,-1,0,https://www.ratemyprofessors.com/professor/3148723
12,Western Washington University,U2Nob29sLTExODQ=,WA,VGVhY2hlci0yODExODcw,2811870,William,Watts,Mathematics,0,0,-1,0,https://www.ratemyprofessors.com/professor/2811870
12,Western Washington University,U2Nob29sLTExODQ=,WA,VGVhY2hlci0yODA1Nzkz,2805793,Andrew,Giacomelli,Environmental Studies,0,0,-1,0,https://www.ratemyprofessors.com/professor/2805793
12,Western Washington University,U2Nob29sLTExODQ=,WA,VGVhY2hlci0yODAwNDg2,2800486,Chris,Brewer,Interdisciplinary Studies,0,0,-1,0,https://www.ratemyprofessors.com/professor/2800486
12,Western Washington University,U2Nob29sLTExODQ=,WA,VGVhY2hlci0yNzkwNzMy,2790732,Angshita,Dutta,Biology,0,0,-1,0,https://www.ratemyprofessors.com/professor/2790732
12,Western Washington University,U2Nob29sLTExODQ=,WA,VGVhY2hlci0yNzg2MzIx,2786321,Seth,Knuckles,Mathematics,0,0,-1,0,https://www.ratemyprofessors.com/professor/2786321
12,Western Washington University,U2Nob29sLTExODQ=,WA,VGVhY2hlci0yNzgxNDU5,2781459,Ethan,Hibbing,Mathematics,0,0,-1,0,https://www.ratemyprofessors.com/professor/2781459
12,Western Washington University,U2Nob29sLTExODQ=,WA,VGVhY2hlci0yNzcyNjYx,2772661,Teri,Hall,Business,0,0,-1,0,https://www.ratemyprofessors.com/professor/2772661
12,Western Washington University,U2Nob29sLTExODQ=,WA,VGVhY2hlci0yNjg0NDk0,2684494,Sarah,Fisher,Education,0,0,-1,0,https://www.ratemyprofessors.com/professor/2684494
12,Western Washington University,U2Nob29sLTExODQ=,WA,VGVhY2hlci0yNjc2ODA0,2676804,Caitlin,Scott,English,0,0,-1,0,https://www.ratemyprofessors.com/professor/2676804
12,Western Washington University,U2Nob29sLTExODQ=,WA,VGVhY2hlci0yOTQ3NDQ4,2947448,Amanda,Blue,Science,0,0,-1,0,https://www.ratemyprofessors.com/professor/2947448
12,Western Washington University,U2Nob29sLTExODQ=,WA,VGVhY2hlci0yOTE5NjY2,2919666,Jenny ,Forsyth,English,0,0,-1,0,https://www.ratemyprofessors.com/professor/2919666
12,Western Washington University,U2Nob29sLTExODQ=,WA,VGVhY2hlci0zMTQ0MjM1,3144235,Ann,Mann,Finance,0,0,-1,0,https://www.ratemyprofessors.com/professor/3144235
12,Western Washington University,U2Nob29sLTExODQ=,WA,VGVhY2hlci0zMTM0ODE4,3134818,Renee,Swan-Waite,Education,0,0,-1,0,https://www.ratemyprofessors.com/professor/3134818
12,Western Washington University,U2Nob29sLTExODQ=,WA,VGVhY2hlci0yODQ1MjM4,2845238,Chung,Brewer,Communication Disorders,0,0,-1,0,https://www.ratemyprofessors.com/professor/2845238
12,Western Washington University,U2Nob29sLTExODQ=,WA,VGVhY2hlci0yODc4MTY0,2878164,Keith,Negley,Design,0,0,-1,0,https://www.ratemyprofessors.com/professor/2878164
12,Western Washington University,U2Nob29sLTExODQ=,WA,VGVhY2hlci0yNTE1MDA0,2515004,Ryan,VanderVeen,Engineering,0,0,-1,0,https://www.ratemyprofessors.com/professor/2515004
12,Western Washington University,U2Nob29sLTExODQ=,WA,VGVhY2hlci0yNTgyNzI0,2582724,Kona,Ongoy,Environmental Studies,0,0,-1,0,https://www.ratemyprofessors.com/professor/2582724
12,Western Washington University,U2Nob29sLTExODQ=,WA,VGVhY2hlci0yNTc0ODg5,2574889,james,mccarty,Chemistry,0,0,-1,0,https://www.ratemyprofessors.com/professor/2574889
12,Western Washington University,U2Nob29sLTExODQ=,WA,VGVhY2hlci0yNjI3MDk0,2627094,Maria,Timmons Flores,Education,0,0,-1,0,https://www.ratemyprofessors.com/professor/2627094
12,Western Washington University,U2Nob29sLTExODQ=,WA,VGVhY2hlci0yMzg1ODc2,2385876,Christine,Airoldi,Health Science,0,0,-1,0,https://www.ratemyprofessors.com/professor/2385876
12,Western Washington University,U2Nob29sLTExODQ=,WA,VGVhY2hlci0yMjY0ODkw,2264890,Vanessa,Dales,Accounting,0,0,-1,0,https://www.ratemyprofessors.com/professor/2264890
12,Western Washington University,U2Nob29sLTExODQ=,WA,VGVhY2hlci0yMzA4NjQ5,2308649,Bill,Lonneman,Nursing,0,0,-1,0,https://www.ratemyprofessors.com/professor/2308649
12,Western Washington University,U2Nob29sLTExODQ=,WA,VGVhY2hlci0yNDM5NDE3,2439417,Samantha,Kao,Mathematics,0,0,-1,0,https://www.ratemyprofessors.com/professor/2439417
12,Western Washington University,U2Nob29sLTExODQ=,WA,VGVhY2hlci0yMTkzNDIx,2193421,Leana,Connel,Biology,0,0,-1,0,https://www.ratemyprofessors.com/professor/2193421
12,Western Washington University,U2Nob29sLTExODQ=,WA,VGVhY2hlci05MTIyMzM=,912233,Amy,Siems,Religion,0,0,-1,0,https://www.ratemyprofessors.com/professor/912233
12,Western Washington University,U2Nob29sLTExODQ=,WA,VGVhY2hlci0xODU1NTIy,1855522,Ryer,Banta,Library Science,0,0,-1,0,https://www.ratemyprofessors.com/professor/1855522
12,Western Washington University,U2Nob29sLTExODQ=,WA,VGVhY2hlci0xNjQ2OTg1,1646985,Jill,Heckathorn,Physical Education,0,0,-1,0,https://www.ratemyprofessors.com/professor/1646985
12,Western Washington University,U2Nob29sLTExODQ=,WA,VGVhY2hlci0yMTIwMDc2,2120076,Roberto,Ascalon,English,0,0,-1,0,https://www.ratemyprofessors.com/professor/2120076
12,Western Washington University,U2Nob29sLTExODQ=,WA,VGVhY2hlci0xODI2MTg3,1826187,Elsi,Vassdal-Ellis,Design,0,0,-1,0,https://www.ratemyprofessors.com/professor/1826187
12,Western Washington University,U2Nob29sLTExODQ=,WA,VGVhY2hlci0xMzg4NDUy,1388452,Sandra,Cross,Human Services,0,0,-1,0,https://www.ratemyprofessors.com/professor/1388452
12,Western Washington University,U2Nob29sLTExODQ=,WA,VGVhY2hlci0xNDEzNjUw,1413650,Kenneth,Rines,Psychology,0,0,-1,0,https://www.ratemyprofessors.com/professor/1413650
12,Western Washington University,U2Nob29sLTExODQ=,WA,VGVhY2hlci0xOTM2NzU0,1936754,Mathew,Goggins,Mathematics,0,0,-1,0,https://www.ratemyprofessors.com/professor/1936754
44,Heritage University,U2Nob29sLTQwOA==,WA,VGVhY2hlci0zMDYxMzQ5,3061349,Blake,Slonecker ,History,5,1,100,2,https://www.ratemyprofessors.com/professor/3061349
44,Heritage University,U2Nob29sLTQwOA==,WA,VGVhY2hlci0zMTUwOTgz,3150983,Margot,Stroop,Art History,2,3,0,1,https://www.ratemyprofessors.com/professor/3150983
44,Heritage University,U2Nob29sLTQwOA==,WA,VGVhY2hlci0yNzYwOTA0,2760904,Daniel,Mick,Nursing,2,3,0,2,https://www.ratemyprofessors.com/professor/2760904
44,Heritage University,U2Nob29sLTQwOA==,WA,VGVhY2hlci0yODE2MjI4,2816228,Melvin,Simoyi,Science,1,5,0,3,https://www.ratemyprofessors.com/professor/2816228
44,Heritage University,U2Nob29sLTQwOA==,WA,VGVhY2hlci0yNDkxMTQ2,2491146,Jacob,Campbell,Social Work,4.1,4.1,77.7778,9,https://www.ratemyprofessors.com/professor/2491146
44,Heritage University,U2Nob29sLTQwOA==,WA,VGVhY2hlci0zMTI1MDYy,3125062,Kathleen,Sitzman ,Nursing,1,1,0,1,https://www.ratemyprofessors.com/professor/3125062
44,Heritage University,U2Nob29sLTQwOA==,WA,VGVhY2hlci0yNDkxMTQ5,2491149,Alex,Nelson,Social Work,4.8,3,100,4,https://www.ratemyprofessors.com/professor/2491149
44,Heritage University,U2Nob29sLTQwOA==,WA,VGVhY2hlci0yMzY3MTg1,2367185,Richard,Swearingen,Mathematics,2.2,4.3,16.6667,6,https://www.ratemyprofessors.com/professor/2367185
44,Heritage University,U2Nob29sLTQwOA==,WA,VGVhY2hlci0yODI4NTE4,2828518,Karita,Maltos,Mathematics,5,2,100,1,https://www.ratemyprofessors.com/professor/2828518
44,Heritage University,U2Nob29sLTQwOA==,WA,VGVhY2hlci0yOTU3MDI1,2957025,SaraBecca,Martin,English,5,2,100,1,https://www.ratemyprofessors.com/professor/2957025
44,Heritage University,U2Nob29sLTQwOA==,WA,VGVhY2hlci0yNTQ5NTcx,2549571,Corey,Hodge,Social Work,3.5,3.5,50,2,https://www.ratemyprofessors.com/professor/2549571
44,Heritage University,U2Nob29sLTQwOA==,WA,VGVhY2hlci0xODE1ODky,1815892,Jessica,Black,Geology,3,3.8,0,4,https://www.ratemyprofessors.com/professor/1815892
44,Heritage University,U2Nob29sLTQwOA==,WA,VGVhY2hlci0yNzU1NjQ2,2755646,Jessica,Black,Agriculture,1,5,0,1,https://www.ratemyprofessors.com/professor/2755646
44,Heritage University,U2Nob29sLTQwOA==,WA,VGVhY2hlci0yMjI0NTA5,2224509,Kari,Terjeson,Education,1,4,0,2,https://www.ratemyprofessors.com/professor/2224509
44,Heritage University,U2Nob29sLTQwOA==,WA,VGVhY2hlci0yMzk2ODUz,2396853,Tyson,Miller,Chemistry,1,5,0,1,https://www.ratemyprofessors.com/professor/2396853
44,Heritage University,U2Nob29sLTQwOA==,WA,VGVhY2hlci0yNDkxMTYw,2491160,Raymond,Bending,Social Work,5,2,100,1,https://www.ratemyprofessors.com/professor/2491160
44,Heritage University,U2Nob29sLTQwOA==,WA,VGVhY2hlci0yNDkxMTU3,2491157,Kathy,Gardner,Social Work,3,1,100,1,https://www.ratemyprofessors.com/professor/2491157
44,Heritage University,U2Nob29sLTQwOA==,WA,VGVhY2hlci0yNDU3ODQ3,2457847,Janet,Watkins,Social Work,4,3,100,1,https://www.ratemyprofessors.com/professor/2457847
44,Heritage University,U2Nob29sLTQwOA==,WA,VGVhY2hlci0yMzMxMjE4,2331218,Miguel,Juarez,Social Work,5,3,100,1,https://www.ratemyprofessors.com/professor/2331218
44,Heritage University,U2Nob29sLTQwOA==,WA,VGVhY2hlci0xMzA4NDMw,1308430,Douglas,Kaplicky,Education,5,3.7,100,8,https://www.ratemyprofessors.com/professor/1308430
44,Heritage University,U2Nob29sLTQwOA==,WA,VGVhY2hlci0yMDQ2NDcy,2046472,Joshua,Schlegel,Mathematics,5,1.3,100,3,https://www.ratemyprofessors.com/professor/2046472
44,Heritage University,U2Nob29sLTQwOA==,WA,VGVhY2hlci0xODg1ODY0,1885864,Mala,Barik,Chemistry,1.3,5,-1,2,https://www.ratemyprofessors.com/professor/1885864
44,Heritage University,U2Nob29sLTQwOA==,WA,VGVhY2hlci0xODgyODY2,1882866,Mary,Lopez,Nursing,5,3,-1,1,https://www.ratemyprofessors.com/professor/1882866
44,Heritage University,U2Nob29sLTQwOA==,WA,VGVhY2hlci0xNTUwOTM=,155093,Pam,Root,Education,1.7,2.9,-1,7,https://www.ratemyprofessors.com/professor/155093
44,Heritage University,U2Nob29sLTQwOA==,WA,VGVhY2hlci0xMDQyNjcz,1042673,Carlos,Mendez,English,3,1,-1,2,https://www.ratemyprofessors.com/professor/1042673
44,Heritage University,U2Nob29sLTQwOA==,WA,VGVhY2hlci0xNDM2NDEw,1436410,Gaynor,Edwards,Education,1,2.5,-1,2,https://www.ratemyprofessors.com/professor/1436410
44,Heritage University,U2Nob29sLTQwOA==,WA,VGVhY2hlci0xNTI5MDA4,1529008,Megan,Boland,Education,5,2,-1,1,https://www.ratemyprofessors.com/professor/1529008
44,Heritage University,U2Nob29sLTQwOA==,WA,VGVhY2hlci01OTA2MTI=,590612,Kate,Brayko,Philosophy,4.8,2.7,-1,9,https://www.ratemyprofessors.com/professor/590612
44,Heritage University,U2Nob29sLTQwOA==,WA,VGVhY2hlci0yNTk1ODgz,2595883,Margarita,Magana,Education,0,0,-1,0,https://www.ratemyprofessors.com/professor/2595883
44,Heritage University,U2Nob29sLTQwOA==,WA,VGVhY2hlci0yNDU3ODQ4,2457848,Yovanna,Cook,Psychology,0,0,-1,0,https://www.ratemyprofessors.com/professor/2457848
44,Heritage University,U2Nob29sLTQwOA==,WA,VGVhY2hlci0yNjM3MjAx,2637201,Mary,James,Humanities,0,0,-1,0,https://www.ratemyprofessors.com/professor/2637201
44,Heritage University,U2Nob29sLTQwOA==,WA,VGVhY2hlci0yNzc2MjM3,2776237,Anna,Estrada,English,0,0,-1,0,https://www.ratemyprofessors.com/professor/2776237
44,Heritage University,U2Nob29sLTQwOA==,WA,VGVhY2hlci0yNzIwNDg5,2720489,Scott,Williams,Accounting,0,0,-1,0,https://www.ratemyprofessors.com/professor/2720489
44,Heritage University,U2Nob29sLTQwOA==,WA,VGVhY2hlci0yNjM3MjAz,2637203,Alexandria,Cruz,English,0,0,-1,0,https://www.ratemyprofessors.com/professor/2637203
44,Heritage University,U2Nob29sLTQwOA==,WA,VGVhY2hlci0yOTUzMjIy,2953222,Loren,Schmidt,English,0,0,-1,0,https://www.ratemyprofessors.com/professor/2953222
44,Heritage University,U2Nob29sLTQwOA==,WA,VGVhY2hlci0xOTg2Nzc3,1986777,Greg,Hinze,History,0,0,-1,0,https://www.ratemyprofessors.com/professor/1986777
44,Heritage University,U2Nob29sLTQwOA==,WA,VGVhY2hlci0zMTU1NDk3,3155497,Rebecca,Merkley,Fine Arts,0,0,-1,0,https://www.ratemyprofessors.com/professor/3155497
44,Heritage University,U2Nob29sLTQwOA==,WA,VGVhY2hlci0yODI4NTE3,2828517,Ernesto,Cruz,Business,0,0,-1,0,https://www.ratemyprofessors.com/professor/2828517
44,Heritage University,U2Nob29sLTQwOA==,WA,VGVhY2hlci0yNzM4NTg3,2738587,Bob,Kao,Science,0,0,-1,0,https://www.ratemyprofessors.com/professor/2738587
44,Heritage University,U2Nob29sLTQwOA==,WA,VGVhY2hlci0yNzI5MDgx,2729081,Kayla,Vargas,Psychology,0,0,-1,0,https://www.ratemyprofessors.com/professor/2729081
44,Heritage University,U2Nob29sLTQwOA==,WA,VGVhY2hlci0yNTkwOTMw,2590930,Alexander,Alexiades,Science,0,0,-1,0,https://www.ratemyprofessors.com/professor/2590930
44,Heritage University,U2Nob29sLTQwOA==,WA,VGVhY2hlci0yMjYyMzI3,2262327,Jeff,Thompson,Psychology,0,0,-1,0,https://www.ratemyprofessors.com/professor/2262327
44,Heritage University,U2Nob29sLTQwOA==,WA,VGVhY2hlci0yNzI1NDk4,2725498,Felipe,Mercado,Accounting,0,0,-1,0,https://www.ratemyprofessors.com/professor/2725498
44,Heritage University,U2Nob29sLTQwOA==,WA,VGVhY2hlci0yNjY2MTQ1,2666145,Tamera,Wiley-Fauth,Mathematics,0,0,-1,0,https://www.ratemyprofessors.com/professor/2666145
44,Heritage University,U2Nob29sLTQwOA==,WA,VGVhY2hlci0yNTMyMzcx,2532371,Judith,Schott,Mathematics,0,0,-1,0,https://www.ratemyprofessors.com/professor/2532371
